room,scene_index,scene_uid,evaluation_uid,target_relation_count,floor_mesh_gate_available,floor_repair_accepted,random_accepted,random_available,cwgcp_accepted,cwgcp_runtime_seconds,cwgcp_unresolved_relations,cwgcp_selected_source,baseline_mesh_collision_pairs,floor_prior_mesh_collision_pairs,cwgcp_mesh_collision_pairs,baseline_satisfied,baseline_total,baseline_accuracy,baseline_obb_collision_pairs,baseline_obb_overlap_area,baseline_total_movement,baseline_max_movement,baseline_edited_objects,floor_prior_satisfied,floor_prior_total,floor_prior_accuracy,floor_prior_obb_collision_pairs,floor_prior_obb_overlap_area,floor_prior_total_movement,floor_prior_max_movement,floor_prior_edited_objects,random_satisfied,random_total,random_accuracy,random_obb_collision_pairs,random_obb_overlap_area,random_total_movement,random_max_movement,random_edited_objects,cwgcp_satisfied,cwgcp_total,cwgcp_accuracy,cwgcp_obb_collision_pairs,cwgcp_obb_overlap_area,cwgcp_total_movement,cwgcp_max_movement,cwgcp_edited_objects,generic_satisfied,generic_total,generic_accuracy,generic_obb_collision_pairs,generic_obb_overlap_area,generic_total_movement,generic_max_movement,generic_edited_objects
bedroom,0,015ed8e0-35dc-41ab-9a9e-b3dbba4ec64a_MasterBedroom-33296,bedroom_sgdiffusion_vq_objfeat_epoch_01999_relation_aware_parsed_floor_prior_max1.8_mesh_p2_close0.75_far1.6_eval_cfg1.0_1.0.json::015ed8e0-35dc-41ab-9a9e-b3dbba4ec64a_MasterBedroom-33296,1,True,True,False,True,False,0.000833400001283735,0,baseline_rollback,2.0,2.0,2.0,1,1,1.0,2,0.23524150008398348,0.0,0.0,0,1,1,1.0,2,0.23524150008398348,0.0,0.0,0,1,1,1.0,2,0.23524150008398348,0.0,0.0,0,1,1,1.0,2,0.23524150008398348,0.0,0.0,0,1,1,1.0,2,0.23524150008398348,0.0,0.0,0
bedroom,1,04684207-3d45-4d33-bd9d-0f66c9a45402_MasterBedroom-9404,bedroom_sgdiffusion_vq_objfeat_epoch_01999_relation_aware_parsed_floor_prior_max1.8_mesh_p2_close0.75_far1.6_eval_cfg1.0_1.0.json::04684207-3d45-4d33-bd9d-0f66c9a45402_MasterBedroom-9404,2,True,False,False,True,False,0.0012452000009943731,0,baseline_rollback,5.0,5.0,5.0,2,2,1.0,8,2.86623150853078,0.0,0.0,0,2,2,1.0,8,2.86623150853078,0.0,0.0,0,2,2,1.0,8,2.86623150853078,0.0,0.0,0,2,2,1.0,8,2.86623150853078,0.0,0.0,0,2,2,1.0,8,2.86623150853078,0.0,0.0,0
bedroom,2,04f7a09d-08be-4e6f-965d-b655e0f654fe_SecondBedroom-30034,bedroom_sgdiffusion_vq_objfeat_epoch_01999_relation_aware_parsed_floor_prior_max1.8_mesh_p2_close0.75_far1.6_eval_cfg1.0_1.0.json::04f7a09d-08be-4e6f-965d-b655e0f654fe_SecondBedroom-30034,1,True,True,False,True,False,0.0007177000006777234,0,baseline_rollback,1.0,1.0,1.0,1,1,1.0,2,1.2545028337163955,0.0,0.0,0,1,1,1.0,2,1.2545028337163955,0.0,0.0,0,1,1,1.0,2,1.2545028337163955,0.0,0.0,0,1,1,1.0,2,1.2545028337163955,0.0,0.0,0,1,1,1.0,2,1.2545028337163955,0.0,0.0,0
bedroom,3,0b4abd30-b157-4ecf-a077-989285598cf2_SecondBedroom-6482,bedroom_sgdiffusion_vq_objfeat_epoch_01999_relation_aware_parsed_floor_prior_max1.8_mesh_p2_close0.75_far1.6_eval_cfg1.0_1.0.json::0b4abd30-b157-4ecf-a077-989285598cf2_SecondBedroom-6482,1,True,True,False,True,False,0.0009357000017189421,0,baseline_rollback,1.0,1.0,1.0,1,1,1.0,2,0.32543788728043743,0.0,0.0,0,1,1,1.0,2,0.32543788728043743,0.0,0.0,0,1,1,1.0,2,0.32543788728043743,0.0,0.0,0,1,1,1.0,2,0.32543788728043743,0.0,0.0,0,1,1,1.0,2,0.32543788728043743,0.0,0.0,0
bedroom,4,0bb3d53a-d91c-4f86-afb3-0fbf0e35d1d5_SecondBedroom-11167,bedroom_sgdiffusion_vq_objfeat_epoch_01999_relation_aware_parsed_floor_prior_max1.8_mesh_p2_close0.75_far1.6_eval_cfg1.0_1.0.json::0bb3d53a-d91c-4f86-afb3-0fbf0e35d1d5_SecondBedroom-11167,1,True,True,False,True,False,0.0008467000006930903,0,baseline_rollback,0.0,0.0,0.0,0,1,0.0,1,0.050192564197896125,0.0,0.0,0,0,1,0.0,1,0.050192564197896125,0.0,0.0,0,0,1,0.0,1,0.050192564197896125,0.0,0.0,0,0,1,0.0,1,0.050192564197896125,0.0,0.0,0,0,1,0.0,1,0.050192564197896125,0.0,0.0,0
bedroom,5,0d7be408-9e3d-4f68-8422-5aa2069ccdb2_MasterBedroom-27127,bedroom_sgdiffusion_vq_objfeat_epoch_01999_relation_aware_parsed_floor_prior_max1.8_mesh_p2_close0.75_far1.6_eval_cfg1.0_1.0.json::0d7be408-9e3d-4f68-8422-5aa2069ccdb2_MasterBedroom-27127,2,True,True,False,True,False,0.0005927000020164996,0,baseline_rollback,1.0,1.0,1.0,2,2,1.0,2,0.2704980151920667,0.0,0.0,0,2,2,1.0,2,0.2704980151920667,0.0,0.0,0,2,2,1.0,2,0.2704980151920667,0.0,0.0,0,2,2,1.0,2,0.2704980151920667,0.0,0.0,0,2,2,1.0,2,0.2704980151920667,0.0,0.0,0
bedroom,6,0f401f03-d3c7-413b-b9ff-bfb6fdbb416d_MasterBedroom-75552,bedroom_sgdiffusion_vq_objfeat_epoch_01999_relation_aware_parsed_floor_prior_max1.8_mesh_p2_close0.75_far1.6_eval_cfg1.0_1.0.json::0f401f03-d3c7-413b-b9ff-bfb6fdbb416d_MasterBedroom-75552,1,True,True,False,True,False,0.0004911999931209721,0,baseline_rollback,0.0,0.0,0.0,1,1,1.0,1,0.3603216718239999,0.0,0.0,0,1,1,1.0,1,0.3603216718239999,0.0,0.0,0,1,1,1.0,1,0.3603216718239999,0.0,0.0,0,1,1,1.0,1,0.3603216718239999,0.0,0.0,0,1,1,1.0,1,0.3603216718239999,0.0,0.0,0
bedroom,7,0f7d04b8-9de9-4e07-9a44-0cdb8b2703f4_SecondBedroom-19119,bedroom_sgdiffusion_vq_objfeat_epoch_01999_relation_aware_parsed_floor_prior_max1.8_mesh_p2_close0.75_far1.6_eval_cfg1.0_1.0.json::0f7d04b8-9de9-4e07-9a44-0cdb8b2703f4_SecondBedroom-19119,2,True,True,False,True,False,0.0008655999990878627,0,baseline_rollback,3.0,3.0,3.0,2,2,1.0,4,0.971942612863218,0.0,0.0,0,2,2,1.0,4,0.971942612863218,0.0,0.0,0,2,2,1.0,4,0.971942612863218,0.0,0.0,0,2,2,1.0,4,0.971942612863218,0.0,0.0,0,2,2,1.0,4,0.971942612863218,0.0,0.0,0
bedroom,8,0fc4d063-6145-456f-8fe1-1180d3eeeb3f_Bedroom-2719,bedroom_sgdiffusion_vq_objfeat_epoch_01999_relation_aware_parsed_floor_prior_max1.8_mesh_p2_close0.75_far1.6_eval_cfg1.0_1.0.json::0fc4d063-6145-456f-8fe1-1180d3eeeb3f_Bedroom-2719,2,True,True,False,True,False,0.0010690999988582917,0,baseline_rollback,0.0,0.0,0.0,1,2,0.5,2,0.2146555673038317,0.0,0.0,0,1,2,0.5,2,0.2146555673038317,0.0,0.0,0,1,2,0.5,2,0.2146555673038317,0.0,0.0,0,1,2,0.5,2,0.2146555673038317,0.0,0.0,0,1,2,0.5,2,0.2146555673038317,0.0,0.0,0
bedroom,9,10a1f583-7755-4afd-98b2-3f7df16bc930_Bedroom-430,bedroom_sgdiffusion_vq_objfeat_epoch_01999_relation_aware_parsed_floor_prior_max1.8_mesh_p2_close0.75_far1.6_eval_cfg1.0_1.0.json::10a1f583-7755-4afd-98b2-3f7df16bc930_Bedroom-430,1,True,True,False,True,False,0.0005340999996406026,0,baseline_rollback,0.0,0.0,0.0,1,1,1.0,1,1.7910195391684391,0.0,0.0,0,1,1,1.0,1,1.7910195391684391,0.0,0.0,0,1,1,1.0,1,1.7910195391684391,0.0,0.0,0,1,1,1.0,1,1.7910195391684391,0.0,0.0,0,1,1,1.0,1,1.7910195391684391,0.0,0.0,0
bedroom,10,12329142-9d6e-4957-8592-4d156a454bab_MasterBedroom-18415,bedroom_sgdiffusion_vq_objfeat_epoch_01999_relation_aware_parsed_floor_prior_max1.8_mesh_p2_close0.75_far1.6_eval_cfg1.0_1.0.json::12329142-9d6e-4957-8592-4d156a454bab_MasterBedroom-18415,2,True,False,False,True,False,0.0008631999953649938,0,baseline_rollback,0.0,0.0,0.0,2,2,1.0,1,0.13469753615999985,0.0,0.0,0,2,2,1.0,1,0.13469753615999985,0.0,0.0,0,2,2,1.0,1,0.13469753615999985,0.0,0.0,0,2,2,1.0,1,0.13469753615999985,0.0,0.0,0,2,2,1.0,1,0.13469753615999985,0.0,0.0,0
bedroom,11,12f93edf-43d1-4009-9639-92b3b604b352_SecondBedroom-1145,bedroom_sgdiffusion_vq_objfeat_epoch_01999_relation_aware_parsed_floor_prior_max1.8_mesh_p2_close0.75_far1.6_eval_cfg1.0_1.0.json::12f93edf-43d1-4009-9639-92b3b604b352_SecondBedroom-1145,2,True,True,True,True,True,0.022263799997745082,0,warm_start,1.0,1.0,1.0,1,2,0.5,3,1.685357623559373,0.0,0.0,0,2,2,1.0,3,0.4566435621107667,1.2996535467231043,1.2996535467231043,1,2,2,1.0,3,0.4600240171608568,1.2996535467231043,1.2996535467231043,1,2,2,1.0,3,0.4566435621107667,1.2996535467231043,1.2996535467231043,1,2,2,1.0,3,0.4566435621107667,1.2996535467231043,1.2996535467231043,1
bedroom,12,13626eb3-bcc1-455a-a889-78b6c92dfbb6_SecondBedroom-2787,bedroom_sgdiffusion_vq_objfeat_epoch_01999_relation_aware_parsed_floor_prior_max1.8_mesh_p2_close0.75_far1.6_eval_cfg1.0_1.0.json::13626eb3-bcc1-455a-a889-78b6c92dfbb6_SecondBedroom-2787,2,True,True,True,True,True,0.039230599999427795,1,warm_start,0.0,0.0,0.0,0,2,0.0,3,0.16182457039141693,0.0,0.0,0,1,2,0.5,3,0.16182457039141693,0.3650767256015114,0.3650767256015114,1,0,2,0.0,2,0.14500694622278465,0.3650767256015114,0.3650767256015114,1,1,2,0.5,3,0.16182457039141693,0.3650767256015114,0.3650767256015114,1,1,2,0.5,3,0.16182457039141693,0.3650767256015114,0.3650767256015114,1
bedroom,13,14125793-35c5-4ab8-be6e-3089eaa45bc1_Bedroom-87322,bedroom_sgdiffusion_vq_objfeat_epoch_01999_relation_aware_parsed_floor_prior_max1.8_mesh_p2_close0.75_far1.6_eval_cfg1.0_1.0.json::14125793-35c5-4ab8-be6e-3089eaa45bc1_Bedroom-87322,1,True,False,False,True,False,0.000986300001386553,0,baseline_rollback,1.0,1.0,1.0,0,1,0.0,3,0.7646555419292356,0.0,0.0,0,0,1,0.0,3,0.7646555419292356,0.0,0.0,0,0,1,0.0,3,0.7646555419292356,0.0,0.0,0,0,1,0.0,3,0.7646555419292356,0.0,0.0,0,0,1,0.0,3,0.7646555419292356,0.0,0.0,0
bedroom,14,15d07e45-2761-43ed-8dfc-f9d4ef58041d_Bedroom-68718,bedroom_sgdiffusion_vq_objfeat_epoch_01999_relation_aware_parsed_floor_prior_max1.8_mesh_p2_close0.75_far1.6_eval_cfg1.0_1.0.json::15d07e45-2761-43ed-8dfc-f9d4ef58041d_Bedroom-68718,2,True,True,False,True,False,0.0005919000032008626,1,baseline_rollback,1.0,1.0,1.0,1,2,0.5,2,0.9788687185095207,0.0,0.0,0,1,2,0.5,2,0.9788687185095207,0.0,0.0,0,1,2,0.5,2,0.9788687185095207,0.0,0.0,0,1,2,0.5,2,0.9788687185095207,0.0,0.0,0,1,2,0.5,2,0.9788687185095207,0.0,0.0,0
bedroom,15,15de4a4c-2258-4015-9cc3-f2ebbb9d61e5_SecondBedroom-35821,bedroom_sgdiffusion_vq_objfeat_epoch_01999_relation_aware_parsed_floor_prior_max1.8_mesh_p2_close0.75_far1.6_eval_cfg1.0_1.0.json::15de4a4c-2258-4015-9cc3-f2ebbb9d61e5_SecondBedroom-35821,1,True,True,False,True,False,0.0006585999944945797,1,baseline_rollback,2.0,2.0,2.0,1,1,1.0,1,0.3773064254399998,0.0,0.0,0,1,1,1.0,1,0.3773064254399998,0.0,0.0,0,1,1,1.0,1,0.3773064254399998,0.0,0.0,0,1,1,1.0,1,0.3773064254399998,0.0,0.0,0,1,1,1.0,1,0.3773064254399998,0.0,0.0,0
bedroom,16,185d02b3-ca3f-40a9-a981-71ecb7944538_Bedroom-18055,bedroom_sgdiffusion_vq_objfeat_epoch_01999_relation_aware_parsed_floor_prior_max1.8_mesh_p2_close0.75_far1.6_eval_cfg1.0_1.0.json::185d02b3-ca3f-40a9-a981-71ecb7944538_Bedroom-18055,2,True,True,False,True,False,0.0012825000012526289,0,baseline_rollback,1.0,1.0,1.0,2,2,1.0,7,0.708242606582746,0.0,0.0,0,2,2,1.0,7,0.708242606582746,0.0,0.0,0,2,2,1.0,7,0.708242606582746,0.0,0.0,0,2,2,1.0,7,0.708242606582746,0.0,0.0,0,2,2,1.0,7,0.708242606582746,0.0,0.0,0
bedroom,17,189b1d9b-894e-43b5-87be-c1b76cba3df4_SecondBedroom-19262,bedroom_sgdiffusion_vq_objfeat_epoch_01999_relation_aware_parsed_floor_prior_max1.8_mesh_p2_close0.75_far1.6_eval_cfg1.0_1.0.json::189b1d9b-894e-43b5-87be-c1b76cba3df4_SecondBedroom-19262,2,True,True,False,True,False,0.0006948999944142997,0,baseline_rollback,0.0,0.0,0.0,2,2,1.0,1,0.003818136716743837,0.0,0.0,0,2,2,1.0,1,0.003818136716743837,0.0,0.0,0,2,2,1.0,1,0.003818136716743837,0.0,0.0,0,2,2,1.0,1,0.003818136716743837,0.0,0.0,0,2,2,1.0,1,0.003818136716743837,0.0,0.0,0
bedroom,18,198eb9ec-9059-4e26-958e-dc8fb8187713_Bedroom-12864,bedroom_sgdiffusion_vq_objfeat_epoch_01999_relation_aware_parsed_floor_prior_max1.8_mesh_p2_close0.75_far1.6_eval_cfg1.0_1.0.json::198eb9ec-9059-4e26-958e-dc8fb8187713_Bedroom-12864,1,True,True,False,True,False,0.000571100004890468,1,baseline_rollback,0.0,0.0,0.0,0,1,0.0,2,0.3014142992646436,0.0,0.0,0,0,1,0.0,2,0.3014142992646436,0.0,0.0,0,0,1,0.0,2,0.3014142992646436,0.0,0.0,0,0,1,0.0,2,0.3014142992646436,0.0,0.0,0,0,1,0.0,2,0.3014142992646436,0.0,0.0,0
bedroom,19,19c91c8f-02fc-44d9-b275-84c32f0572ad_SecondBedroom-266050,bedroom_sgdiffusion_vq_objfeat_epoch_01999_relation_aware_parsed_floor_prior_max1.8_mesh_p2_close0.75_far1.6_eval_cfg1.0_1.0.json::19c91c8f-02fc-44d9-b275-84c32f0572ad_SecondBedroom-266050,2,True,True,False,True,False,0.0008868000004440546,0,baseline_rollback,0.0,0.0,0.0,2,2,1.0,1,0.4704816995060005,0.0,0.0,0,2,2,1.0,1,0.4704816995060005,0.0,0.0,0,2,2,1.0,1,0.4704816995060005,0.0,0.0,0,2,2,1.0,1,0.4704816995060005,0.0,0.0,0,2,2,1.0,1,0.4704816995060005,0.0,0.0,0
bedroom,20,1aa91215-cba7-4c40-8b37-6b21584b5924_MasterBedroom-12352,bedroom_sgdiffusion_vq_objfeat_epoch_01999_relation_aware_parsed_floor_prior_max1.8_mesh_p2_close0.75_far1.6_eval_cfg1.0_1.0.json::1aa91215-cba7-4c40-8b37-6b21584b5924_MasterBedroom-12352,2,True,True,False,True,False,0.0007130000012693927,0,baseline_rollback,0.0,0.0,0.0,1,2,0.5,2,0.02030393320509309,0.0,0.0,0,1,2,0.5,2,0.02030393320509309,0.0,0.0,0,1,2,0.5,2,0.02030393320509309,0.0,0.0,0,1,2,0.5,2,0.02030393320509309,0.0,0.0,0,1,2,0.5,2,0.02030393320509309,0.0,0.0,0
bedroom,21,1e16532d-1ec8-42c6-a66f-ef21e31c22c1_MasterBedroom-7894,bedroom_sgdiffusion_vq_objfeat_epoch_01999_relation_aware_parsed_floor_prior_max1.8_mesh_p2_close0.75_far1.6_eval_cfg1.0_1.0.json::1e16532d-1ec8-42c6-a66f-ef21e31c22c1_MasterBedroom-7894,2,True,True,False,True,False,0.0006782999989809468,1,baseline_rollback,0.0,0.0,0.0,2,2,1.0,2,0.21411607757500203,0.0,0.0,0,2,2,1.0,2,0.21411607757500203,0.0,0.0,0,2,2,1.0,2,0.21411607757500203,0.0,0.0,0,2,2,1.0,2,0.21411607757500203,0.0,0.0,0,2,2,1.0,2,0.21411607757500203,0.0,0.0,0
bedroom,22,1e4c1b89-895e-4663-9469-f2e837fb39fd_MasterBedroom-118594,bedroom_sgdiffusion_vq_objfeat_epoch_01999_relation_aware_parsed_floor_prior_max1.8_mesh_p2_close0.75_far1.6_eval_cfg1.0_1.0.json::1e4c1b89-895e-4663-9469-f2e837fb39fd_MasterBedroom-118594,2,True,True,False,True,False,0.0006793000065954402,0,baseline_rollback,1.0,1.0,1.0,1,2,0.5,3,1.0477397239672377,0.0,0.0,0,1,2,0.5,3,1.0477397239672377,0.0,0.0,0,1,2,0.5,3,1.0477397239672377,0.0,0.0,0,1,2,0.5,3,1.0477397239672377,0.0,0.0,0,1,2,0.5,3,1.0477397239672377,0.0,0.0,0
bedroom,23,205197ab-2552-4466-aa07-fdb2beb1f7ab_MasterBedroom-6399,bedroom_sgdiffusion_vq_objfeat_epoch_01999_relation_aware_parsed_floor_prior_max1.8_mesh_p2_close0.75_far1.6_eval_cfg1.0_1.0.json::205197ab-2552-4466-aa07-fdb2beb1f7ab_MasterBedroom-6399,2,True,True,True,True,True,0.013311199996678624,1,warm_start,1.0,1.0,1.0,1,2,0.5,2,0.4559148964998122,0.0,0.0,0,2,2,1.0,2,0.4559148964998122,0.8170179546344326,0.8170179546344326,1,1,2,0.5,2,0.4559148964998122,0.8170179546344325,0.8170179546344325,1,2,2,1.0,2,0.4559148964998122,0.8170179546344326,0.8170179546344326,1,2,2,1.0,2,0.4559148964998122,0.8170179546344326,0.8170179546344326,1
bedroom,24,217a37c6-075b-4f4c-a0ab-196e07bb5f3d_SecondBedroom-52584,bedroom_sgdiffusion_vq_objfeat_epoch_01999_relation_aware_parsed_floor_prior_max1.8_mesh_p2_close0.75_far1.6_eval_cfg1.0_1.0.json::217a37c6-075b-4f4c-a0ab-196e07bb5f3d_SecondBedroom-52584,1,True,True,False,True,False,0.0011929999964195304,0,baseline_rollback,1.0,1.0,1.0,1,1,1.0,7,0.4546436678918181,0.0,0.0,0,1,1,1.0,7,0.4546436678918181,0.0,0.0,0,1,1,1.0,7,0.4546436678918181,0.0,0.0,0,1,1,1.0,7,0.4546436678918181,0.0,0.0,0,1,1,1.0,7,0.4546436678918181,0.0,0.0,0
bedroom,25,21a2b6a2-7126-4727-bf72-68e5f6b57c6b_SecondBedroom-860,bedroom_sgdiffusion_vq_objfeat_epoch_01999_relation_aware_parsed_floor_prior_max1.8_mesh_p2_close0.75_far1.6_eval_cfg1.0_1.0.json::21a2b6a2-7126-4727-bf72-68e5f6b57c6b_SecondBedroom-860,1,True,True,False,True,False,0.0008774999951128848,0,baseline_rollback,0.0,0.0,0.0,1,1,1.0,3,0.25450597287918086,0.0,0.0,0,1,1,1.0,3,0.25450597287918086,0.0,0.0,0,1,1,1.0,3,0.25450597287918086,0.0,0.0,0,1,1,1.0,3,0.25450597287918086,0.0,0.0,0,1,1,1.0,3,0.25450597287918086,0.0,0.0,0
bedroom,26,22de98d5-60fc-4c5f-92e3-d589af0c57df_MasterBedroom-514,bedroom_sgdiffusion_vq_objfeat_epoch_01999_relation_aware_parsed_floor_prior_max1.8_mesh_p2_close0.75_far1.6_eval_cfg1.0_1.0.json::22de98d5-60fc-4c5f-92e3-d589af0c57df_MasterBedroom-514,2,True,True,False,True,False,0.0012038999993819743,1,baseline_rollback,2.0,2.0,2.0,2,2,1.0,3,0.3502983440721173,0.0,0.0,0,2,2,1.0,3,0.3502983440721173,0.0,0.0,0,2,2,1.0,3,0.3502983440721173,0.0,0.0,0,2,2,1.0,3,0.3502983440721173,0.0,0.0,0,2,2,1.0,3,0.3502983440721173,0.0,0.0,0
bedroom,27,23332f94-e456-4e6e-b308-aa13e69b9c47_SecondBedroom-11204,bedroom_sgdiffusion_vq_objfeat_epoch_01999_relation_aware_parsed_floor_prior_max1.8_mesh_p2_close0.75_far1.6_eval_cfg1.0_1.0.json::23332f94-e456-4e6e-b308-aa13e69b9c47_SecondBedroom-11204,2,True,True,False,True,False,0.0007537999990745448,0,baseline_rollback,0.0,0.0,0.0,2,2,1.0,2,0.29503808604747156,0.0,0.0,0,2,2,1.0,2,0.29503808604747156,0.0,0.0,0,2,2,1.0,2,0.29503808604747156,0.0,0.0,0,2,2,1.0,2,0.29503808604747156,0.0,0.0,0,2,2,1.0,2,0.29503808604747156,0.0,0.0,0
bedroom,28,23f42f25-fdc1-4897-8905-c60a4545e404_MasterBedroom-4089,bedroom_sgdiffusion_vq_objfeat_epoch_01999_relation_aware_parsed_floor_prior_max1.8_mesh_p2_close0.75_far1.6_eval_cfg1.0_1.0.json::23f42f25-fdc1-4897-8905-c60a4545e404_MasterBedroom-4089,2,True,True,False,True,False,0.0004966999986208975,0,baseline_rollback,0.0,0.0,0.0,1,2,0.5,1,0.19398556378499981,0.0,0.0,0,1,2,0.5,1,0.19398556378499981,0.0,0.0,0,1,2,0.5,1,0.19398556378499981,0.0,0.0,0,1,2,0.5,1,0.19398556378499981,0.0,0.0,0,1,2,0.5,1,0.19398556378499981,0.0,0.0,0
bedroom,29,2463f2a4-6b9d-4410-9d93-a2415fdffd86_MasterBedroom-21684,bedroom_sgdiffusion_vq_objfeat_epoch_01999_relation_aware_parsed_floor_prior_max1.8_mesh_p2_close0.75_far1.6_eval_cfg1.0_1.0.json::2463f2a4-6b9d-4410-9d93-a2415fdffd86_MasterBedroom-21684,2,True,True,False,True,False,0.0010653999997884966,1,baseline_rollback,1.0,1.0,1.0,2,2,1.0,2,1.1699487876583685,0.0,0.0,0,2,2,1.0,2,1.1699487876583685,0.0,0.0,0,2,2,1.0,2,1.1699487876583685,0.0,0.0,0,2,2,1.0,2,1.1699487876583685,0.0,0.0,0,2,2,1.0,2,1.1699487876583685,0.0,0.0,0
bedroom,30,249bbe46-04df-4781-ad1a-dd7a60bfccb0_SecondBedroom-8497,bedroom_sgdiffusion_vq_objfeat_epoch_01999_relation_aware_parsed_floor_prior_max1.8_mesh_p2_close0.75_far1.6_eval_cfg1.0_1.0.json::249bbe46-04df-4781-ad1a-dd7a60bfccb0_SecondBedroom-8497,2,True,True,False,True,False,0.0007278999983100221,0,baseline_rollback,1.0,1.0,1.0,2,2,1.0,2,0.07554868550482154,0.0,0.0,0,2,2,1.0,2,0.07554868550482154,0.0,0.0,0,2,2,1.0,2,0.07554868550482154,0.0,0.0,0,2,2,1.0,2,0.07554868550482154,0.0,0.0,0,2,2,1.0,2,0.07554868550482154,0.0,0.0,0
bedroom,31,25235b9f-c9cc-4dca-ac4c-69614e46e9a9_MasterBedroom-196,bedroom_sgdiffusion_vq_objfeat_epoch_01999_relation_aware_parsed_floor_prior_max1.8_mesh_p2_close0.75_far1.6_eval_cfg1.0_1.0.json::25235b9f-c9cc-4dca-ac4c-69614e46e9a9_MasterBedroom-196,1,True,True,False,True,False,0.0006552000049850903,0,baseline_rollback,0.0,0.0,0.0,1,1,1.0,0,0.0,0.0,0.0,0,1,1,1.0,0,0.0,0.0,0.0,0,1,1,1.0,0,0.0,0.0,0.0,0,1,1,1.0,0,0.0,0.0,0.0,0,1,1,1.0,0,0.0,0.0,0.0,0
bedroom,32,261774c0-9480-40b3-a85a-4804c96ea443_MasterBedroom-132469,bedroom_sgdiffusion_vq_objfeat_epoch_01999_relation_aware_parsed_floor_prior_max1.8_mesh_p2_close0.75_far1.6_eval_cfg1.0_1.0.json::261774c0-9480-40b3-a85a-4804c96ea443_MasterBedroom-132469,2,True,True,False,True,False,0.0007908999978099018,1,baseline_rollback,1.0,1.0,1.0,2,2,1.0,2,0.39726430585807454,0.0,0.0,0,2,2,1.0,2,0.39726430585807454,0.0,0.0,0,2,2,1.0,2,0.39726430585807454,0.0,0.0,0,2,2,1.0,2,0.39726430585807454,0.0,0.0,0,2,2,1.0,2,0.39726430585807454,0.0,0.0,0
bedroom,33,28d8d63b-95bb-4993-bdf1-e1da13115118_MasterBedroom-104323,bedroom_sgdiffusion_vq_objfeat_epoch_01999_relation_aware_parsed_floor_prior_max1.8_mesh_p2_close0.75_far1.6_eval_cfg1.0_1.0.json::28d8d63b-95bb-4993-bdf1-e1da13115118_MasterBedroom-104323,1,True,True,False,True,False,0.0006683999963570386,0,baseline_rollback,0.0,0.0,0.0,0,1,0.0,2,1.6298461322654978,0.0,0.0,0,0,1,0.0,2,1.6298461322654978,0.0,0.0,0,0,1,0.0,2,1.6298461322654978,0.0,0.0,0,0,1,0.0,2,1.6298461322654978,0.0,0.0,0,0,1,0.0,2,1.6298461322654978,0.0,0.0,0
bedroom,34,29aa7167-1c46-4ce0-8c58-3cfb7a7d15af_SecondBedroom-69556,bedroom_sgdiffusion_vq_objfeat_epoch_01999_relation_aware_parsed_floor_prior_max1.8_mesh_p2_close0.75_far1.6_eval_cfg1.0_1.0.json::29aa7167-1c46-4ce0-8c58-3cfb7a7d15af_SecondBedroom-69556,2,True,True,False,True,False,0.0009514999983366579,0,baseline_rollback,0.0,0.0,0.0,2,2,1.0,3,0.26802715354357176,0.0,0.0,0,2,2,1.0,3,0.26802715354357176,0.0,0.0,0,2,2,1.0,3,0.26802715354357176,0.0,0.0,0,2,2,1.0,3,0.26802715354357176,0.0,0.0,0,2,2,1.0,3,0.26802715354357176,0.0,0.0,0
bedroom,35,29f92b53-a723-41c9-992c-1d146ce542a7_Bedroom-6993,bedroom_sgdiffusion_vq_objfeat_epoch_01999_relation_aware_parsed_floor_prior_max1.8_mesh_p2_close0.75_far1.6_eval_cfg1.0_1.0.json::29f92b53-a723-41c9-992c-1d146ce542a7_Bedroom-6993,2,True,True,False,True,False,0.0005011999965063296,0,baseline_rollback,0.0,0.0,0.0,2,2,1.0,1,0.19398556378499995,0.0,0.0,0,2,2,1.0,1,0.19398556378499995,0.0,0.0,0,2,2,1.0,1,0.19398556378499995,0.0,0.0,0,2,2,1.0,1,0.19398556378499995,0.0,0.0,0,2,2,1.0,1,0.19398556378499995,0.0,0.0,0
bedroom,36,2b2d0238-534a-46bd-95f6-2e45a098de5e_MasterBedroom-935,bedroom_sgdiffusion_vq_objfeat_epoch_01999_relation_aware_parsed_floor_prior_max1.8_mesh_p2_close0.75_far1.6_eval_cfg1.0_1.0.json::2b2d0238-534a-46bd-95f6-2e45a098de5e_MasterBedroom-935,2,True,True,True,True,True,0.05232980000437237,1,warm_start,2.0,1.0,1.0,1,2,0.5,5,1.3816608172644722,0.0,0.0,0,2,2,1.0,4,0.5644025983441827,1.2076305596813022,1.2076305596813022,1,1,2,0.5,4,1.2039808251557735,1.2076305596813022,1.2076305596813022,1,2,2,1.0,4,0.5644025983441827,1.2076305596813022,1.2076305596813022,1,2,2,1.0,4,0.5644025983441827,1.2076305596813022,1.2076305596813022,1
bedroom,37,2c213709-c572-4f58-92c8-d2a42199314a_SecondBedroom-2311,bedroom_sgdiffusion_vq_objfeat_epoch_01999_relation_aware_parsed_floor_prior_max1.8_mesh_p2_close0.75_far1.6_eval_cfg1.0_1.0.json::2c213709-c572-4f58-92c8-d2a42199314a_SecondBedroom-2311,2,True,True,False,True,False,0.0010045999952126294,0,baseline_rollback,2.0,2.0,2.0,1,2,0.5,3,0.5079119161755635,0.0,0.0,0,1,2,0.5,3,0.5079119161755635,0.0,0.0,0,1,2,0.5,3,0.5079119161755635,0.0,0.0,0,1,2,0.5,3,0.5079119161755635,0.0,0.0,0,1,2,0.5,3,0.5079119161755635,0.0,0.0,0
bedroom,38,305d3251-8f1e-4cca-9227-011187146d89_SecondBedroom-69136,bedroom_sgdiffusion_vq_objfeat_epoch_01999_relation_aware_parsed_floor_prior_max1.8_mesh_p2_close0.75_far1.6_eval_cfg1.0_1.0.json::305d3251-8f1e-4cca-9227-011187146d89_SecondBedroom-69136,2,True,True,False,True,False,0.0007977999994182028,0,baseline_rollback,0.0,0.0,0.0,2,2,1.0,3,0.47731766558398087,0.0,0.0,0,2,2,1.0,3,0.47731766558398087,0.0,0.0,0,2,2,1.0,3,0.47731766558398087,0.0,0.0,0,2,2,1.0,3,0.47731766558398087,0.0,0.0,0,2,2,1.0,3,0.47731766558398087,0.0,0.0,0
bedroom,39,30c0c5d6-30c7-43fc-95b1-e7424df97d77_Bedroom-47437,bedroom_sgdiffusion_vq_objfeat_epoch_01999_relation_aware_parsed_floor_prior_max1.8_mesh_p2_close0.75_far1.6_eval_cfg1.0_1.0.json::30c0c5d6-30c7-43fc-95b1-e7424df97d77_Bedroom-47437,2,True,True,False,True,False,0.0004254000014043413,0,baseline_rollback,0.0,0.0,0.0,1,2,0.5,0,0.0,0.0,0.0,0,1,2,0.5,0,0.0,0.0,0.0,0,1,2,0.5,0,0.0,0.0,0.0,0,1,2,0.5,0,0.0,0.0,0.0,0,1,2,0.5,0,0.0,0.0,0.0,0
bedroom,40,312c3afe-ae86-4823-b67e-292660fc85f8_SecondBedroom-739,bedroom_sgdiffusion_vq_objfeat_epoch_01999_relation_aware_parsed_floor_prior_max1.8_mesh_p2_close0.75_far1.6_eval_cfg1.0_1.0.json::312c3afe-ae86-4823-b67e-292660fc85f8_SecondBedroom-739,1,True,True,False,True,False,0.0008892999976524152,1,baseline_rollback,0.0,0.0,0.0,0,1,0.0,5,0.7065831768024796,0.0,0.0,0,0,1,0.0,5,0.7065831768024796,0.0,0.0,0,0,1,0.0,5,0.7065831768024796,0.0,0.0,0,0,1,0.0,5,0.7065831768024796,0.0,0.0,0,0,1,0.0,5,0.7065831768024796,0.0,0.0,0
bedroom,41,337b9770-f524-48fb-914c-89dd9f2d927e_MasterBedroom-6351,bedroom_sgdiffusion_vq_objfeat_epoch_01999_relation_aware_parsed_floor_prior_max1.8_mesh_p2_close0.75_far1.6_eval_cfg1.0_1.0.json::337b9770-f524-48fb-914c-89dd9f2d927e_MasterBedroom-6351,1,True,True,False,True,False,0.0007000000041443855,0,baseline_rollback,0.0,0.0,0.0,1,1,1.0,3,0.5912779841481259,0.0,0.0,0,1,1,1.0,3,0.5912779841481259,0.0,0.0,0,1,1,1.0,3,0.5912779841481259,0.0,0.0,0,1,1,1.0,3,0.5912779841481259,0.0,0.0,0,1,1,1.0,3,0.5912779841481259,0.0,0.0,0
bedroom,42,38330463-78e6-4d25-bd89-9daf92d0cfb9_SecondBedroom-22370,bedroom_sgdiffusion_vq_objfeat_epoch_01999_relation_aware_parsed_floor_prior_max1.8_mesh_p2_close0.75_far1.6_eval_cfg1.0_1.0.json::38330463-78e6-4d25-bd89-9daf92d0cfb9_SecondBedroom-22370,1,True,True,False,True,False,0.0005071000050520524,0,baseline_rollback,2.0,2.0,2.0,1,1,1.0,1,0.4607809328,0.0,0.0,0,1,1,1.0,1,0.4607809328,0.0,0.0,0,1,1,1.0,1,0.4607809328,0.0,0.0,0,1,1,1.0,1,0.4607809328,0.0,0.0,0,1,1,1.0,1,0.4607809328,0.0,0.0,0
bedroom,43,38e3cf4a-a67b-42d8-b467-2d1a3e5407a8_SecondBedroom-15551,bedroom_sgdiffusion_vq_objfeat_epoch_01999_relation_aware_parsed_floor_prior_max1.8_mesh_p2_close0.75_far1.6_eval_cfg1.0_1.0.json::38e3cf4a-a67b-42d8-b467-2d1a3e5407a8_SecondBedroom-15551,1,True,True,False,True,False,0.0008648000002722256,0,baseline_rollback,0.0,0.0,0.0,1,1,1.0,1,0.6847220366370007,0.0,0.0,0,1,1,1.0,1,0.6847220366370007,0.0,0.0,0,1,1,1.0,1,0.6847220366370007,0.0,0.0,0,1,1,1.0,1,0.6847220366370007,0.0,0.0,0,1,1,1.0,1,0.6847220366370007,0.0,0.0,0
bedroom,44,39ea30b1-4302-4a07-885b-bd498facd30d_MasterBedroom-13100,bedroom_sgdiffusion_vq_objfeat_epoch_01999_relation_aware_parsed_floor_prior_max1.8_mesh_p2_close0.75_far1.6_eval_cfg1.0_1.0.json::39ea30b1-4302-4a07-885b-bd498facd30d_MasterBedroom-13100,1,True,True,False,True,False,0.0005380000002332963,0,baseline_rollback,0.0,0.0,0.0,1,1,1.0,1,0.4899999999999997,0.0,0.0,0,1,1,1.0,1,0.4899999999999997,0.0,0.0,0,1,1,1.0,1,0.4899999999999997,0.0,0.0,0,1,1,1.0,1,0.4899999999999997,0.0,0.0,0,1,1,1.0,1,0.4899999999999997,0.0,0.0,0
bedroom,45,3b349315-8f84-4027-b654-f8ecd6d3cf67_SecondBedroom-13841,bedroom_sgdiffusion_vq_objfeat_epoch_01999_relation_aware_parsed_floor_prior_max1.8_mesh_p2_close0.75_far1.6_eval_cfg1.0_1.0.json::3b349315-8f84-4027-b654-f8ecd6d3cf67_SecondBedroom-13841,2,True,True,False,True,False,0.0006213999949977733,0,baseline_rollback,1.0,1.0,1.0,2,2,1.0,2,0.4593925617471461,0.0,0.0,0,2,2,1.0,2,0.4593925617471461,0.0,0.0,0,2,2,1.0,2,0.4593925617471461,0.0,0.0,0,2,2,1.0,2,0.4593925617471461,0.0,0.0,0,2,2,1.0,2,0.4593925617471461,0.0,0.0,0
bedroom,46,3bf54310-1dd3-45a3-b6ce-e192f4d8ff43_Bedroom-18,bedroom_sgdiffusion_vq_objfeat_epoch_01999_relation_aware_parsed_floor_prior_max1.8_mesh_p2_close0.75_far1.6_eval_cfg1.0_1.0.json::3bf54310-1dd3-45a3-b6ce-e192f4d8ff43_Bedroom-18,2,True,True,False,True,False,0.0008976000026450492,0,baseline_rollback,0.0,0.0,0.0,1,2,0.5,3,0.8825494365531148,0.0,0.0,0,1,2,0.5,3,0.8825494365531148,0.0,0.0,0,1,2,0.5,3,0.8825494365531148,0.0,0.0,0,1,2,0.5,3,0.8825494365531148,0.0,0.0,0,1,2,0.5,3,0.8825494365531148,0.0,0.0,0
bedroom,47,3bf54310-1dd3-45a3-b6ce-e192f4d8ff43_MasterBedroom-10364,bedroom_sgdiffusion_vq_objfeat_epoch_01999_relation_aware_parsed_floor_prior_max1.8_mesh_p2_close0.75_far1.6_eval_cfg1.0_1.0.json::3bf54310-1dd3-45a3-b6ce-e192f4d8ff43_MasterBedroom-10364,2,True,True,False,True,False,0.000640500002191402,0,baseline_rollback,1.0,1.0,1.0,1,2,0.5,3,0.909588664280858,0.0,0.0,0,1,2,0.5,3,0.909588664280858,0.0,0.0,0,1,2,0.5,3,0.909588664280858,0.0,0.0,0,1,2,0.5,3,0.909588664280858,0.0,0.0,0,1,2,0.5,3,0.909588664280858,0.0,0.0,0
bedroom,48,3e40b128-6291-41ff-89aa-0ae707a594c6_SecondBedroom-11303,bedroom_sgdiffusion_vq_objfeat_epoch_01999_relation_aware_parsed_floor_prior_max1.8_mesh_p2_close0.75_far1.6_eval_cfg1.0_1.0.json::3e40b128-6291-41ff-89aa-0ae707a594c6_SecondBedroom-11303,1,True,True,False,True,False,0.0007261999999172986,0,baseline_rollback,1.0,1.0,1.0,1,1,1.0,3,0.22320167889017867,0.0,0.0,0,1,1,1.0,3,0.22320167889017867,0.0,0.0,0,1,1,1.0,3,0.22320167889017867,0.0,0.0,0,1,1,1.0,3,0.22320167889017867,0.0,0.0,0,1,1,1.0,3,0.22320167889017867,0.0,0.0,0
bedroom,49,3ec24496-80f4-4ea1-b889-b3cb902d2a47_MasterBedroom-1362,bedroom_sgdiffusion_vq_objfeat_epoch_01999_relation_aware_parsed_floor_prior_max1.8_mesh_p2_close0.75_far1.6_eval_cfg1.0_1.0.json::3ec24496-80f4-4ea1-b889-b3cb902d2a47_MasterBedroom-1362,1,True,True,False,True,False,0.0008469000022159889,1,baseline_rollback,3.0,3.0,3.0,1,1,1.0,4,0.6398592196064955,0.0,0.0,0,1,1,1.0,4,0.6398592196064955,0.0,0.0,0,1,1,1.0,4,0.6398592196064955,0.0,0.0,0,1,1,1.0,4,0.6398592196064955,0.0,0.0,0,1,1,1.0,4,0.6398592196064955,0.0,0.0,0
bedroom,50,3f60d6b9-49ba-45d9-bf03-966069127e75_SecondBedroom-34317,bedroom_sgdiffusion_vq_objfeat_epoch_01999_relation_aware_parsed_floor_prior_max1.8_mesh_p2_close0.75_far1.6_eval_cfg1.0_1.0.json::3f60d6b9-49ba-45d9-bf03-966069127e75_SecondBedroom-34317,1,True,True,False,True,False,0.0006531000035465695,0,baseline_rollback,1.0,1.0,1.0,1,1,1.0,2,0.45276688202600973,0.0,0.0,0,1,1,1.0,2,0.45276688202600973,0.0,0.0,0,1,1,1.0,2,0.45276688202600973,0.0,0.0,0,1,1,1.0,2,0.45276688202600973,0.0,0.0,0,1,1,1.0,2,0.45276688202600973,0.0,0.0,0
bedroom,51,40415a21-d863-4c54-a088-c078346ba939_Bedroom-4098,bedroom_sgdiffusion_vq_objfeat_epoch_01999_relation_aware_parsed_floor_prior_max1.8_mesh_p2_close0.75_far1.6_eval_cfg1.0_1.0.json::40415a21-d863-4c54-a088-c078346ba939_Bedroom-4098,1,True,True,False,True,False,0.0009341999975731596,0,baseline_rollback,1.0,1.0,1.0,1,1,1.0,4,1.3445513621694998,0.0,0.0,0,1,1,1.0,4,1.3445513621694998,0.0,0.0,0,1,1,1.0,4,1.3445513621694998,0.0,0.0,0,1,1,1.0,4,1.3445513621694998,0.0,0.0,0,1,1,1.0,4,1.3445513621694998,0.0,0.0,0
bedroom,52,40dcaad6-b0b5-4030-bd90-13ceadc84ce1_Bedroom-5265,bedroom_sgdiffusion_vq_objfeat_epoch_01999_relation_aware_parsed_floor_prior_max1.8_mesh_p2_close0.75_far1.6_eval_cfg1.0_1.0.json::40dcaad6-b0b5-4030-bd90-13ceadc84ce1_Bedroom-5265,2,True,True,False,True,False,0.0006595000013476238,0,baseline_rollback,0.0,0.0,0.0,2,2,1.0,1,0.3433174804879998,0.0,0.0,0,2,2,1.0,1,0.3433174804879998,0.0,0.0,0,2,2,1.0,1,0.3433174804879998,0.0,0.0,0,2,2,1.0,1,0.3433174804879998,0.0,0.0,0,2,2,1.0,1,0.3433174804879998,0.0,0.0,0
bedroom,53,41530c87-2f3d-45fc-a696-9e3b276024a8_MasterBedroom-22121,bedroom_sgdiffusion_vq_objfeat_epoch_01999_relation_aware_parsed_floor_prior_max1.8_mesh_p2_close0.75_far1.6_eval_cfg1.0_1.0.json::41530c87-2f3d-45fc-a696-9e3b276024a8_MasterBedroom-22121,2,True,True,False,True,False,0.0013256000020192005,2,baseline_rollback,3.0,3.0,3.0,2,2,1.0,8,3.456030534861457,0.0,0.0,0,2,2,1.0,8,3.456030534861457,0.0,0.0,0,2,2,1.0,8,3.456030534861457,0.0,0.0,0,2,2,1.0,8,3.456030534861457,0.0,0.0,0,2,2,1.0,8,3.456030534861457,0.0,0.0,0
bedroom,54,46d93d61-5f50-4431-b92e-9f9bd4da5b7c_Bedroom-47481,bedroom_sgdiffusion_vq_objfeat_epoch_01999_relation_aware_parsed_floor_prior_max1.8_mesh_p2_close0.75_far1.6_eval_cfg1.0_1.0.json::46d93d61-5f50-4431-b92e-9f9bd4da5b7c_Bedroom-47481,0,True,True,False,True,False,0.0005194000041228719,0,baseline_rollback,2.0,2.0,2.0,0,0,0.0,3,0.29859391155486104,0.0,0.0,0,0,0,0.0,3,0.29859391155486104,0.0,0.0,0,0,0,0.0,3,0.29859391155486104,0.0,0.0,0,0,0,0.0,3,0.29859391155486104,0.0,0.0,0,0,0,0.0,3,0.29859391155486104,0.0,0.0,0
bedroom,55,47f1e226-bb51-4a8e-aaad-64156c826c8a_Bedroom-2160,bedroom_sgdiffusion_vq_objfeat_epoch_01999_relation_aware_parsed_floor_prior_max1.8_mesh_p2_close0.75_far1.6_eval_cfg1.0_1.0.json::47f1e226-bb51-4a8e-aaad-64156c826c8a_Bedroom-2160,2,True,True,False,True,False,0.0007052000000840053,0,baseline_rollback,1.0,1.0,1.0,2,2,1.0,3,0.962068251400352,0.0,0.0,0,2,2,1.0,3,0.962068251400352,0.0,0.0,0,2,2,1.0,3,0.962068251400352,0.0,0.0,0,2,2,1.0,3,0.962068251400352,0.0,0.0,0,2,2,1.0,3,0.962068251400352,0.0,0.0,0
bedroom,56,4879b8e7-75aa-46b7-a835-bc5fcd5f9b23_SecondBedroom-9825,bedroom_sgdiffusion_vq_objfeat_epoch_01999_relation_aware_parsed_floor_prior_max1.8_mesh_p2_close0.75_far1.6_eval_cfg1.0_1.0.json::4879b8e7-75aa-46b7-a835-bc5fcd5f9b23_SecondBedroom-9825,2,True,True,True,True,False,0.02130399999441579,0,baseline_rollback,1.0,1.0,1.0,1,2,0.5,4,0.9307084872439079,0.0,0.0,0,1,2,0.5,4,1.024422433351121,1.3813680116242408,1.3813680116242408,1,1,2,0.5,3,0.9150149632881499,1.381368011624241,1.381368011624241,1,1,2,0.5,4,0.9307084872439079,0.0,0.0,0,1,2,0.5,4,0.9307084872439079,0.0,0.0,0
bedroom,57,4c364533-a3af-4a9c-9ed9-2f40f528fa04_Bedroom-1989,bedroom_sgdiffusion_vq_objfeat_epoch_01999_relation_aware_parsed_floor_prior_max1.8_mesh_p2_close0.75_far1.6_eval_cfg1.0_1.0.json::4c364533-a3af-4a9c-9ed9-2f40f528fa04_Bedroom-1989,2,True,True,False,True,False,0.0007286000036401674,1,baseline_rollback,0.0,0.0,0.0,2,2,1.0,3,0.2485053766549662,0.0,0.0,0,2,2,1.0,3,0.2485053766549662,0.0,0.0,0,2,2,1.0,3,0.2485053766549662,0.0,0.0,0,2,2,1.0,3,0.2485053766549662,0.0,0.0,0,2,2,1.0,3,0.2485053766549662,0.0,0.0,0
bedroom,58,503ebcb6-9815-4412-90ea-f0bbd59ddbe9_SecondBedroom-143,bedroom_sgdiffusion_vq_objfeat_epoch_01999_relation_aware_parsed_floor_prior_max1.8_mesh_p2_close0.75_far1.6_eval_cfg1.0_1.0.json::503ebcb6-9815-4412-90ea-f0bbd59ddbe9_SecondBedroom-143,2,True,True,False,True,False,0.0007436000014422461,0,baseline_rollback,1.0,1.0,1.0,1,2,0.5,1,0.2077951235259886,0.0,0.0,0,1,2,0.5,1,0.2077951235259886,0.0,0.0,0,1,2,0.5,1,0.2077951235259886,0.0,0.0,0,1,2,0.5,1,0.2077951235259886,0.0,0.0,0,1,2,0.5,1,0.2077951235259886,0.0,0.0,0
bedroom,59,50526848-e51d-48e0-bb9b-3c5c90d76c4d_SecondBedroom-13044,bedroom_sgdiffusion_vq_objfeat_epoch_01999_relation_aware_parsed_floor_prior_max1.8_mesh_p2_close0.75_far1.6_eval_cfg1.0_1.0.json::50526848-e51d-48e0-bb9b-3c5c90d76c4d_SecondBedroom-13044,2,True,True,True,True,True,0.06333690000610659,0,warm_start,0.0,0.0,0.0,1,2,0.5,6,2.2493184337330785,0.0,0.0,0,2,2,1.0,3,0.9182651854986287,1.0896980225058654,1.0896980225058654,1,2,2,1.0,6,2.2361894095924786,1.0896980225058657,1.0896980225058657,1,2,2,1.0,3,0.9182651854986287,1.0896980225058654,1.0896980225058654,1,2,2,1.0,3,0.9182651854986287,1.0896980225058654,1.0896980225058654,1
bedroom,60,525c4166-1792-4f4a-a9c2-1ea260cf6e39_Bedroom-8490,bedroom_sgdiffusion_vq_objfeat_epoch_01999_relation_aware_parsed_floor_prior_max1.8_mesh_p2_close0.75_far1.6_eval_cfg1.0_1.0.json::525c4166-1792-4f4a-a9c2-1ea260cf6e39_Bedroom-8490,2,True,True,True,True,False,0.05932960000063758,0,baseline_rollback,2.0,2.0,2.0,2,2,1.0,3,0.6125850908571311,0.0,0.0,0,2,2,1.0,3,0.3155942703237085,0.8367880288740853,0.8367880288740853,1,2,2,1.0,3,0.6125850908571311,0.8367880288740857,0.8367880288740857,1,2,2,1.0,3,0.6125850908571311,0.0,0.0,0,2,2,1.0,3,0.6125850908571311,0.0,0.0,0
bedroom,61,52982a7b-ed79-44e6-bb37-f878754c07d3_MasterBedroom-424,bedroom_sgdiffusion_vq_objfeat_epoch_01999_relation_aware_parsed_floor_prior_max1.8_mesh_p2_close0.75_far1.6_eval_cfg1.0_1.0.json::52982a7b-ed79-44e6-bb37-f878754c07d3_MasterBedroom-424,2,True,True,False,True,False,0.0005444999987957999,1,baseline_rollback,0.0,0.0,0.0,2,2,1.0,2,0.39101760232009725,0.0,0.0,0,2,2,1.0,2,0.39101760232009725,0.0,0.0,0,2,2,1.0,2,0.39101760232009725,0.0,0.0,0,2,2,1.0,2,0.39101760232009725,0.0,0.0,0,2,2,1.0,2,0.39101760232009725,0.0,0.0,0
bedroom,62,54bdf809-f190-48e7-9b25-a9986077fc0f_SecondBedroom-32238,bedroom_sgdiffusion_vq_objfeat_epoch_01999_relation_aware_parsed_floor_prior_max1.8_mesh_p2_close0.75_far1.6_eval_cfg1.0_1.0.json::54bdf809-f190-48e7-9b25-a9986077fc0f_SecondBedroom-32238,1,True,True,False,True,False,0.0005065000004833564,0,baseline_rollback,1.0,1.0,1.0,1,1,1.0,1,0.11104460346626918,0.0,0.0,0,1,1,1.0,1,0.11104460346626918,0.0,0.0,0,1,1,1.0,1,0.11104460346626918,0.0,0.0,0,1,1,1.0,1,0.11104460346626918,0.0,0.0,0,1,1,1.0,1,0.11104460346626918,0.0,0.0,0
bedroom,63,55963844-bffe-4151-b0c0-9eb62e8aa454_SecondBedroom-258160,bedroom_sgdiffusion_vq_objfeat_epoch_01999_relation_aware_parsed_floor_prior_max1.8_mesh_p2_close0.75_far1.6_eval_cfg1.0_1.0.json::55963844-bffe-4151-b0c0-9eb62e8aa454_SecondBedroom-258160,1,True,True,False,True,False,0.0008500999974785373,0,baseline_rollback,3.0,3.0,3.0,1,1,1.0,4,0.6506307307150101,0.0,0.0,0,1,1,1.0,4,0.6506307307150101,0.0,0.0,0,1,1,1.0,4,0.6506307307150101,0.0,0.0,0,1,1,1.0,4,0.6506307307150101,0.0,0.0,0,1,1,1.0,4,0.6506307307150101,0.0,0.0,0
bedroom,64,56fedd11-b226-4c51-8d89-552caf24487b_SecondBedroom-19232,bedroom_sgdiffusion_vq_objfeat_epoch_01999_relation_aware_parsed_floor_prior_max1.8_mesh_p2_close0.75_far1.6_eval_cfg1.0_1.0.json::56fedd11-b226-4c51-8d89-552caf24487b_SecondBedroom-19232,1,True,True,False,True,False,0.0002941999991890043,1,baseline_rollback,0.0,0.0,0.0,1,1,1.0,1,0.1530333064119998,0.0,0.0,0,1,1,1.0,1,0.1530333064119998,0.0,0.0,0,1,1,1.0,1,0.1530333064119998,0.0,0.0,0,1,1,1.0,1,0.1530333064119998,0.0,0.0,0,1,1,1.0,1,0.1530333064119998,0.0,0.0,0
bedroom,65,578810bc-9d89-4852-921f-fb51ca7fbc53_SecondBedroom-6685,bedroom_sgdiffusion_vq_objfeat_epoch_01999_relation_aware_parsed_floor_prior_max1.8_mesh_p2_close0.75_far1.6_eval_cfg1.0_1.0.json::578810bc-9d89-4852-921f-fb51ca7fbc53_SecondBedroom-6685,1,True,True,False,True,False,0.0005195000048843212,0,baseline_rollback,1.0,1.0,1.0,1,1,1.0,2,0.7666253766718603,0.0,0.0,0,1,1,1.0,2,0.7666253766718603,0.0,0.0,0,1,1,1.0,2,0.7666253766718603,0.0,0.0,0,1,1,1.0,2,0.7666253766718603,0.0,0.0,0,1,1,1.0,2,0.7666253766718603,0.0,0.0,0
bedroom,66,591bd837-693c-4f91-bef7-fabf1c0ea146_SecondBedroom-24334,bedroom_sgdiffusion_vq_objfeat_epoch_01999_relation_aware_parsed_floor_prior_max1.8_mesh_p2_close0.75_far1.6_eval_cfg1.0_1.0.json::591bd837-693c-4f91-bef7-fabf1c0ea146_SecondBedroom-24334,1,True,True,False,True,False,0.00046300000394694507,1,baseline_rollback,1.0,1.0,1.0,0,1,0.0,2,0.33634753759154257,0.0,0.0,0,0,1,0.0,2,0.33634753759154257,0.0,0.0,0,0,1,0.0,2,0.33634753759154257,0.0,0.0,0,0,1,0.0,2,0.33634753759154257,0.0,0.0,0,0,1,0.0,2,0.33634753759154257,0.0,0.0,0
bedroom,67,5a81f6c1-4742-45b0-9a1c-61fefae41430_Bedroom-35352,bedroom_sgdiffusion_vq_objfeat_epoch_01999_relation_aware_parsed_floor_prior_max1.8_mesh_p2_close0.75_far1.6_eval_cfg1.0_1.0.json::5a81f6c1-4742-45b0-9a1c-61fefae41430_Bedroom-35352,2,True,True,False,True,False,0.0010419000027468428,0,baseline_rollback,1.0,1.0,1.0,2,2,1.0,3,0.917328998023308,0.0,0.0,0,2,2,1.0,3,0.917328998023308,0.0,0.0,0,2,2,1.0,3,0.917328998023308,0.0,0.0,0,2,2,1.0,3,0.917328998023308,0.0,0.0,0,2,2,1.0,3,0.917328998023308,0.0,0.0,0
bedroom,68,5bd22e7d-960b-4e14-93bd-f955001f799e_MasterBedroom-4284,bedroom_sgdiffusion_vq_objfeat_epoch_01999_relation_aware_parsed_floor_prior_max1.8_mesh_p2_close0.75_far1.6_eval_cfg1.0_1.0.json::5bd22e7d-960b-4e14-93bd-f955001f799e_MasterBedroom-4284,2,True,True,False,True,False,0.0005600000004051253,0,baseline_rollback,0.0,0.0,0.0,2,2,1.0,1,0.4166310255119999,0.0,0.0,0,2,2,1.0,1,0.4166310255119999,0.0,0.0,0,2,2,1.0,1,0.4166310255119999,0.0,0.0,0,2,2,1.0,1,0.4166310255119999,0.0,0.0,0,2,2,1.0,1,0.4166310255119999,0.0,0.0,0
bedroom,69,5e024c0f-0bca-4074-ac77-4b72a7629d0a_MasterBedroom-1069,bedroom_sgdiffusion_vq_objfeat_epoch_01999_relation_aware_parsed_floor_prior_max1.8_mesh_p2_close0.75_far1.6_eval_cfg1.0_1.0.json::5e024c0f-0bca-4074-ac77-4b72a7629d0a_MasterBedroom-1069,1,True,True,False,True,False,0.000662000005831942,0,baseline_rollback,0.0,0.0,0.0,1,1,1.0,1,0.28968929219999945,0.0,0.0,0,1,1,1.0,1,0.28968929219999945,0.0,0.0,0,1,1,1.0,1,0.28968929219999945,0.0,0.0,0,1,1,1.0,1,0.28968929219999945,0.0,0.0,0,1,1,1.0,1,0.28968929219999945,0.0,0.0,0
bedroom,70,5e7daec3-6980-46cc-855d-8465774001a4_MasterBedroom-113,bedroom_sgdiffusion_vq_objfeat_epoch_01999_relation_aware_parsed_floor_prior_max1.8_mesh_p2_close0.75_far1.6_eval_cfg1.0_1.0.json::5e7daec3-6980-46cc-855d-8465774001a4_MasterBedroom-113,1,True,True,False,True,False,0.0004894999947282486,0,baseline_rollback,1.0,1.0,1.0,1,1,1.0,2,0.19322729622425816,0.0,0.0,0,1,1,1.0,2,0.19322729622425816,0.0,0.0,0,1,1,1.0,2,0.19322729622425816,0.0,0.0,0,1,1,1.0,2,0.19322729622425816,0.0,0.0,0,1,1,1.0,2,0.19322729622425816,0.0,0.0,0
bedroom,71,5f27b15d-9586-47a1-9875-075c68a95b05_SecondBedroom-48968,bedroom_sgdiffusion_vq_objfeat_epoch_01999_relation_aware_parsed_floor_prior_max1.8_mesh_p2_close0.75_far1.6_eval_cfg1.0_1.0.json::5f27b15d-9586-47a1-9875-075c68a95b05_SecondBedroom-48968,2,True,False,False,True,False,0.0010063000008813106,0,baseline_rollback,1.0,1.0,1.0,2,2,1.0,3,0.3754905230173726,0.0,0.0,0,2,2,1.0,3,0.3754905230173726,0.0,0.0,0,2,2,1.0,3,0.3754905230173726,0.0,0.0,0,2,2,1.0,3,0.3754905230173726,0.0,0.0,0,2,2,1.0,3,0.3754905230173726,0.0,0.0,0
bedroom,72,61a0705d-2f6b-4086-a80d-4b06a42fc876_MasterBedroom-9222,bedroom_sgdiffusion_vq_objfeat_epoch_01999_relation_aware_parsed_floor_prior_max1.8_mesh_p2_close0.75_far1.6_eval_cfg1.0_1.0.json::61a0705d-2f6b-4086-a80d-4b06a42fc876_MasterBedroom-9222,1,True,True,False,True,False,0.0005797999983769841,0,baseline_rollback,0.0,0.0,0.0,1,1,1.0,1,0.31893856675200033,0.0,0.0,0,1,1,1.0,1,0.31893856675200033,0.0,0.0,0,1,1,1.0,1,0.31893856675200033,0.0,0.0,0,1,1,1.0,1,0.31893856675200033,0.0,0.0,0,1,1,1.0,1,0.31893856675200033,0.0,0.0,0
bedroom,73,61b7fad2-bbac-4728-a5e1-c574cfcf14e6_Bedroom-32051,bedroom_sgdiffusion_vq_objfeat_epoch_01999_relation_aware_parsed_floor_prior_max1.8_mesh_p2_close0.75_far1.6_eval_cfg1.0_1.0.json::61b7fad2-bbac-4728-a5e1-c574cfcf14e6_Bedroom-32051,1,True,True,False,True,False,0.0003612000000430271,0,baseline_rollback,0.0,0.0,0.0,1,1,1.0,0,0.0,0.0,0.0,0,1,1,1.0,0,0.0,0.0,0.0,0,1,1,1.0,0,0.0,0.0,0.0,0,1,1,1.0,0,0.0,0.0,0.0,0,1,1,1.0,0,0.0,0.0,0.0,0
bedroom,74,651c37ce-c0cd-47c6-843f-3aa192235e39_MasterBedroom-86835,bedroom_sgdiffusion_vq_objfeat_epoch_01999_relation_aware_parsed_floor_prior_max1.8_mesh_p2_close0.75_far1.6_eval_cfg1.0_1.0.json::651c37ce-c0cd-47c6-843f-3aa192235e39_MasterBedroom-86835,1,True,True,False,True,False,0.0004225000011501834,0,baseline_rollback,0.0,0.0,0.0,1,1,1.0,1,0.34466814070800006,0.0,0.0,0,1,1,1.0,1,0.34466814070800006,0.0,0.0,0,1,1,1.0,1,0.34466814070800006,0.0,0.0,0,1,1,1.0,1,0.34466814070800006,0.0,0.0,0,1,1,1.0,1,0.34466814070800006,0.0,0.0,0
bedroom,75,651c37ce-c0cd-47c6-843f-3aa192235e39_SecondBedroom-86888,bedroom_sgdiffusion_vq_objfeat_epoch_01999_relation_aware_parsed_floor_prior_max1.8_mesh_p2_close0.75_far1.6_eval_cfg1.0_1.0.json::651c37ce-c0cd-47c6-843f-3aa192235e39_SecondBedroom-86888,1,True,True,False,True,False,0.0005708999960916117,0,baseline_rollback,0.0,0.0,0.0,1,1,1.0,2,0.04343408883884093,0.0,0.0,0,1,1,1.0,2,0.04343408883884093,0.0,0.0,0,1,1,1.0,2,0.04343408883884093,0.0,0.0,0,1,1,1.0,2,0.04343408883884093,0.0,0.0,0,1,1,1.0,2,0.04343408883884093,0.0,0.0,0
bedroom,76,66f99d38-f9b7-4bb0-a646-314f6228059d_MasterBedroom-9583,bedroom_sgdiffusion_vq_objfeat_epoch_01999_relation_aware_parsed_floor_prior_max1.8_mesh_p2_close0.75_far1.6_eval_cfg1.0_1.0.json::66f99d38-f9b7-4bb0-a646-314f6228059d_MasterBedroom-9583,2,True,True,False,True,False,0.0007904000012786128,0,baseline_rollback,2.0,2.0,2.0,2,2,1.0,4,0.8917493182732766,0.0,0.0,0,2,2,1.0,4,0.8917493182732766,0.0,0.0,0,2,2,1.0,4,0.8917493182732766,0.0,0.0,0,2,2,1.0,4,0.8917493182732766,0.0,0.0,0,2,2,1.0,4,0.8917493182732766,0.0,0.0,0
bedroom,77,67574e8b-f5a4-463f-bc05-f3e8a2cc0cb9_SecondBedroom-8823,bedroom_sgdiffusion_vq_objfeat_epoch_01999_relation_aware_parsed_floor_prior_max1.8_mesh_p2_close0.75_far1.6_eval_cfg1.0_1.0.json::67574e8b-f5a4-463f-bc05-f3e8a2cc0cb9_SecondBedroom-8823,2,True,True,False,True,False,0.0005467000009957701,1,baseline_rollback,1.0,1.0,1.0,2,2,1.0,1,0.6847926604839998,0.0,0.0,0,2,2,1.0,1,0.6847926604839998,0.0,0.0,0,2,2,1.0,1,0.6847926604839998,0.0,0.0,0,2,2,1.0,1,0.6847926604839998,0.0,0.0,0,2,2,1.0,1,0.6847926604839998,0.0,0.0,0
bedroom,78,6799c7da-4248-4fa1-9d6d-c8acf521a414_SecondBedroom-13218,bedroom_sgdiffusion_vq_objfeat_epoch_01999_relation_aware_parsed_floor_prior_max1.8_mesh_p2_close0.75_far1.6_eval_cfg1.0_1.0.json::6799c7da-4248-4fa1-9d6d-c8acf521a414_SecondBedroom-13218,2,True,True,True,True,False,0.026322500001697335,0,baseline_rollback,0.0,0.0,0.0,1,2,0.5,1,0.37890027769599954,0.0,0.0,0,1,2,0.5,1,0.37890027769599954,1.0600101205968129,1.0600101205968129,1,1,2,0.5,1,0.37890027769599954,1.0600101205968129,1.0600101205968129,1,1,2,0.5,1,0.37890027769599954,0.0,0.0,0,1,2,0.5,1,0.37890027769599954,0.0,0.0,0
bedroom,79,6a8ad1d5-8c81-49bf-a752-fbe9448ff3b1_MasterBedroom-36389,bedroom_sgdiffusion_vq_objfeat_epoch_01999_relation_aware_parsed_floor_prior_max1.8_mesh_p2_close0.75_far1.6_eval_cfg1.0_1.0.json::6a8ad1d5-8c81-49bf-a752-fbe9448ff3b1_MasterBedroom-36389,2,True,True,False,True,False,0.0007341000018641353,2,baseline_rollback,0.0,0.0,0.0,1,2,0.5,3,0.6614951598425924,0.0,0.0,0,1,2,0.5,3,0.6614951598425924,0.0,0.0,0,1,2,0.5,3,0.6614951598425924,0.0,0.0,0,1,2,0.5,3,0.6614951598425924,0.0,0.0,0,1,2,0.5,3,0.6614951598425924,0.0,0.0,0
bedroom,80,6a8ad1d5-8c81-49bf-a752-fbe9448ff3b1_SecondBedroom-36408,bedroom_sgdiffusion_vq_objfeat_epoch_01999_relation_aware_parsed_floor_prior_max1.8_mesh_p2_close0.75_far1.6_eval_cfg1.0_1.0.json::6a8ad1d5-8c81-49bf-a752-fbe9448ff3b1_SecondBedroom-36408,2,True,True,False,True,False,0.0011184000031789765,1,baseline_rollback,0.0,0.0,0.0,1,2,0.5,2,0.41296805831323524,0.0,0.0,0,1,2,0.5,2,0.41296805831323524,0.0,0.0,0,1,2,0.5,2,0.41296805831323524,0.0,0.0,0,1,2,0.5,2,0.41296805831323524,0.0,0.0,0,1,2,0.5,2,0.41296805831323524,0.0,0.0,0
bedroom,81,6c600c25-ede9-4ae7-8e1e-46bf11d80227_SecondBedroom-7635,bedroom_sgdiffusion_vq_objfeat_epoch_01999_relation_aware_parsed_floor_prior_max1.8_mesh_p2_close0.75_far1.6_eval_cfg1.0_1.0.json::6c600c25-ede9-4ae7-8e1e-46bf11d80227_SecondBedroom-7635,2,True,True,False,True,False,0.00043680000089807436,1,baseline_rollback,1.0,1.0,1.0,1,2,0.5,2,0.37941822262199065,0.0,0.0,0,1,2,0.5,2,0.37941822262199065,0.0,0.0,0,1,2,0.5,2,0.37941822262199065,0.0,0.0,0,1,2,0.5,2,0.37941822262199065,0.0,0.0,0,1,2,0.5,2,0.37941822262199065,0.0,0.0,0
bedroom,82,6f969906-b789-4a47-a930-008d35ca0458_Bedroom-1541,bedroom_sgdiffusion_vq_objfeat_epoch_01999_relation_aware_parsed_floor_prior_max1.8_mesh_p2_close0.75_far1.6_eval_cfg1.0_1.0.json::6f969906-b789-4a47-a930-008d35ca0458_Bedroom-1541,2,True,True,False,True,False,0.0005182999957469292,1,baseline_rollback,1.0,1.0,1.0,2,2,1.0,2,0.35859669547983897,0.0,0.0,0,2,2,1.0,2,0.35859669547983897,0.0,0.0,0,2,2,1.0,2,0.35859669547983897,0.0,0.0,0,2,2,1.0,2,0.35859669547983897,0.0,0.0,0,2,2,1.0,2,0.35859669547983897,0.0,0.0,0
bedroom,83,728e0c2c-98f5-49dd-8947-7f1a37c8887f_Bedroom-11202,bedroom_sgdiffusion_vq_objfeat_epoch_01999_relation_aware_parsed_floor_prior_max1.8_mesh_p2_close0.75_far1.6_eval_cfg1.0_1.0.json::728e0c2c-98f5-49dd-8947-7f1a37c8887f_Bedroom-11202,1,True,True,False,True,False,0.0004485000026761554,1,baseline_rollback,1.0,1.0,1.0,1,1,1.0,3,0.7419304817805918,0.0,0.0,0,1,1,1.0,3,0.7419304817805918,0.0,0.0,0,1,1,1.0,3,0.7419304817805918,0.0,0.0,0,1,1,1.0,3,0.7419304817805918,0.0,0.0,0,1,1,1.0,3,0.7419304817805918,0.0,0.0,0
bedroom,84,74eafabd-fe9b-4f87-81f4-5af7f0b566ff_Bedroom-26487,bedroom_sgdiffusion_vq_objfeat_epoch_01999_relation_aware_parsed_floor_prior_max1.8_mesh_p2_close0.75_far1.6_eval_cfg1.0_1.0.json::74eafabd-fe9b-4f87-81f4-5af7f0b566ff_Bedroom-26487,1,True,True,False,True,False,0.0005478000020957552,0,baseline_rollback,0.0,0.0,0.0,1,1,1.0,3,0.7449492257131963,0.0,0.0,0,1,1,1.0,3,0.7449492257131963,0.0,0.0,0,1,1,1.0,3,0.7449492257131963,0.0,0.0,0,1,1,1.0,3,0.7449492257131963,0.0,0.0,0,1,1,1.0,3,0.7449492257131963,0.0,0.0,0
bedroom,85,762446b3-fdac-48d0-8044-7e965421f6fd_Bedroom-691,bedroom_sgdiffusion_vq_objfeat_epoch_01999_relation_aware_parsed_floor_prior_max1.8_mesh_p2_close0.75_far1.6_eval_cfg1.0_1.0.json::762446b3-fdac-48d0-8044-7e965421f6fd_Bedroom-691,1,True,True,False,True,False,0.00034589999995660037,0,baseline_rollback,0.0,0.0,0.0,1,1,1.0,1,0.3359179244159997,0.0,0.0,0,1,1,1.0,1,0.3359179244159997,0.0,0.0,0,1,1,1.0,1,0.3359179244159997,0.0,0.0,0,1,1,1.0,1,0.3359179244159997,0.0,0.0,0,1,1,1.0,1,0.3359179244159997,0.0,0.0,0
bedroom,86,7696025a-291f-4b22-911b-beb13c4b598d_SecondBedroom-14817,bedroom_sgdiffusion_vq_objfeat_epoch_01999_relation_aware_parsed_floor_prior_max1.8_mesh_p2_close0.75_far1.6_eval_cfg1.0_1.0.json::7696025a-291f-4b22-911b-beb13c4b598d_SecondBedroom-14817,1,True,True,False,True,False,0.0007082000010996126,0,baseline_rollback,1.0,1.0,1.0,1,1,1.0,2,1.0528712060339545,0.0,0.0,0,1,1,1.0,2,1.0528712060339545,0.0,0.0,0,1,1,1.0,2,1.0528712060339545,0.0,0.0,0,1,1,1.0,2,1.0528712060339545,0.0,0.0,0,1,1,1.0,2,1.0528712060339545,0.0,0.0,0
bedroom,87,787e7cd0-14ab-420d-8862-b1d45ea47725_MasterBedroom-30192,bedroom_sgdiffusion_vq_objfeat_epoch_01999_relation_aware_parsed_floor_prior_max1.8_mesh_p2_close0.75_far1.6_eval_cfg1.0_1.0.json::787e7cd0-14ab-420d-8862-b1d45ea47725_MasterBedroom-30192,1,True,True,True,True,False,0.028231600001163315,0,baseline_rollback,2.0,1.0,2.0,1,1,1.0,3,0.6337336701897295,0.0,0.0,0,1,1,1.0,2,0.4001018753774642,0.911519698712159,0.911519698712159,1,1,1,1.0,3,0.6337336701897295,0.911519698712159,0.911519698712159,1,1,1,1.0,3,0.6337336701897295,0.0,0.0,0,1,1,1.0,3,0.6337336701897295,0.0,0.0,0
bedroom,88,7b48d192-1ac0-406c-af41-800853de2d7f_Bedroom-41491,bedroom_sgdiffusion_vq_objfeat_epoch_01999_relation_aware_parsed_floor_prior_max1.8_mesh_p2_close0.75_far1.6_eval_cfg1.0_1.0.json::7b48d192-1ac0-406c-af41-800853de2d7f_Bedroom-41491,1,True,False,False,True,False,0.0010811999964062124,0,baseline_rollback,0.0,0.0,0.0,0,1,0.0,6,1.042418815740689,0.0,0.0,0,0,1,0.0,6,1.042418815740689,0.0,0.0,0,0,1,0.0,6,1.042418815740689,0.0,0.0,0,0,1,0.0,6,1.042418815740689,0.0,0.0,0,0,1,0.0,6,1.042418815740689,0.0,0.0,0
bedroom,89,7b8b173c-2354-4bdc-9321-93ad43796020_MasterBedroom-49865,bedroom_sgdiffusion_vq_objfeat_epoch_01999_relation_aware_parsed_floor_prior_max1.8_mesh_p2_close0.75_far1.6_eval_cfg1.0_1.0.json::7b8b173c-2354-4bdc-9321-93ad43796020_MasterBedroom-49865,2,True,True,False,True,False,0.0009394999942742288,0,baseline_rollback,4.0,4.0,4.0,2,2,1.0,4,0.6289791099989883,0.0,0.0,0,2,2,1.0,4,0.6289791099989883,0.0,0.0,0,2,2,1.0,4,0.6289791099989883,0.0,0.0,0,2,2,1.0,4,0.6289791099989883,0.0,0.0,0,2,2,1.0,4,0.6289791099989883,0.0,0.0,0
bedroom,90,7c2e62e7-ab51-4900-bfdc-1932415fb295_MasterBedroom-16450,bedroom_sgdiffusion_vq_objfeat_epoch_01999_relation_aware_parsed_floor_prior_max1.8_mesh_p2_close0.75_far1.6_eval_cfg1.0_1.0.json::7c2e62e7-ab51-4900-bfdc-1932415fb295_MasterBedroom-16450,2,True,True,False,True,False,0.0005763000008300878,0,baseline_rollback,0.0,0.0,0.0,2,2,1.0,0,0.0,0.0,0.0,0,2,2,1.0,0,0.0,0.0,0.0,0,2,2,1.0,0,0.0,0.0,0.0,0,2,2,1.0,0,0.0,0.0,0.0,0,2,2,1.0,0,0.0,0.0,0.0,0
bedroom,91,7cda1ed0-e923-4ace-bbfa-b9b5238d190e_SecondBedroom-14328,bedroom_sgdiffusion_vq_objfeat_epoch_01999_relation_aware_parsed_floor_prior_max1.8_mesh_p2_close0.75_far1.6_eval_cfg1.0_1.0.json::7cda1ed0-e923-4ace-bbfa-b9b5238d190e_SecondBedroom-14328,1,True,True,False,True,False,0.0007477999970433302,0,baseline_rollback,0.0,0.0,0.0,1,1,1.0,3,0.5132611877306461,0.0,0.0,0,1,1,1.0,3,0.5132611877306461,0.0,0.0,0,1,1,1.0,3,0.5132611877306461,0.0,0.0,0,1,1,1.0,3,0.5132611877306461,0.0,0.0,0,1,1,1.0,3,0.5132611877306461,0.0,0.0,0
bedroom,92,7d8f9ace-5704-4689-b135-4ece5fb32467_SecondBedroom-39108,bedroom_sgdiffusion_vq_objfeat_epoch_01999_relation_aware_parsed_floor_prior_max1.8_mesh_p2_close0.75_far1.6_eval_cfg1.0_1.0.json::7d8f9ace-5704-4689-b135-4ece5fb32467_SecondBedroom-39108,1,True,True,False,True,False,0.0008035999999265186,1,baseline_rollback,1.0,1.0,1.0,1,1,1.0,2,0.29587590589072377,0.0,0.0,0,1,1,1.0,2,0.29587590589072377,0.0,0.0,0,1,1,1.0,2,0.29587590589072377,0.0,0.0,0,1,1,1.0,2,0.29587590589072377,0.0,0.0,0,1,1,1.0,2,0.29587590589072377,0.0,0.0,0
bedroom,93,802ba6ac-c040-4f27-b843-8c47791d0383_MasterBedroom-19531,bedroom_sgdiffusion_vq_objfeat_epoch_01999_relation_aware_parsed_floor_prior_max1.8_mesh_p2_close0.75_far1.6_eval_cfg1.0_1.0.json::802ba6ac-c040-4f27-b843-8c47791d0383_MasterBedroom-19531,2,True,True,False,True,False,0.0007651000050827861,0,baseline_rollback,1.0,1.0,1.0,2,2,1.0,3,0.24091805945772898,0.0,0.0,0,2,2,1.0,3,0.24091805945772898,0.0,0.0,0,2,2,1.0,3,0.24091805945772898,0.0,0.0,0,2,2,1.0,3,0.24091805945772898,0.0,0.0,0,2,2,1.0,3,0.24091805945772898,0.0,0.0,0
bedroom,94,80d80e4a-197a-4bd5-9ed1-81c48786a321_Bedroom-74,bedroom_sgdiffusion_vq_objfeat_epoch_01999_relation_aware_parsed_floor_prior_max1.8_mesh_p2_close0.75_far1.6_eval_cfg1.0_1.0.json::80d80e4a-197a-4bd5-9ed1-81c48786a321_Bedroom-74,2,True,True,False,True,False,0.0008621999950264581,1,baseline_rollback,0.0,0.0,0.0,2,2,1.0,2,0.3713029876957411,0.0,0.0,0,2,2,1.0,2,0.3713029876957411,0.0,0.0,0,2,2,1.0,2,0.3713029876957411,0.0,0.0,0,2,2,1.0,2,0.3713029876957411,0.0,0.0,0,2,2,1.0,2,0.3713029876957411,0.0,0.0,0
bedroom,95,810c7c5f-af5f-42f7-b64c-ecd80a5d253d_Bedroom-15856,bedroom_sgdiffusion_vq_objfeat_epoch_01999_relation_aware_parsed_floor_prior_max1.8_mesh_p2_close0.75_far1.6_eval_cfg1.0_1.0.json::810c7c5f-af5f-42f7-b64c-ecd80a5d253d_Bedroom-15856,1,True,True,False,True,False,0.0007942000011098571,0,baseline_rollback,3.0,3.0,3.0,1,1,1.0,4,0.516899711010196,0.0,0.0,0,1,1,1.0,4,0.516899711010196,0.0,0.0,0,1,1,1.0,4,0.516899711010196,0.0,0.0,0,1,1,1.0,4,0.516899711010196,0.0,0.0,0,1,1,1.0,4,0.516899711010196,0.0,0.0,0
bedroom,96,82a7d3a7-7fe0-4bfd-82b7-05c56353983c_MasterBedroom-3845,bedroom_sgdiffusion_vq_objfeat_epoch_01999_relation_aware_parsed_floor_prior_max1.8_mesh_p2_close0.75_far1.6_eval_cfg1.0_1.0.json::82a7d3a7-7fe0-4bfd-82b7-05c56353983c_MasterBedroom-3845,1,True,True,False,True,False,0.0006106000000727363,1,baseline_rollback,2.0,2.0,2.0,0,1,0.0,3,0.48422733295206993,0.0,0.0,0,0,1,0.0,3,0.48422733295206993,0.0,0.0,0,0,1,0.0,3,0.48422733295206993,0.0,0.0,0,0,1,0.0,3,0.48422733295206993,0.0,0.0,0,0,1,0.0,3,0.48422733295206993,0.0,0.0,0
bedroom,97,86963bbe-7969-4632-a379-1cd39e2a69ab_MasterBedroom-14075,bedroom_sgdiffusion_vq_objfeat_epoch_01999_relation_aware_parsed_floor_prior_max1.8_mesh_p2_close0.75_far1.6_eval_cfg1.0_1.0.json::86963bbe-7969-4632-a379-1cd39e2a69ab_MasterBedroom-14075,1,True,True,False,True,False,0.0010064000016427599,0,baseline_rollback,0.0,0.0,0.0,1,1,1.0,1,0.3425080155422187,0.0,0.0,0,1,1,1.0,1,0.3425080155422187,0.0,0.0,0,1,1,1.0,1,0.3425080155422187,0.0,0.0,0,1,1,1.0,1,0.3425080155422187,0.0,0.0,0,1,1,1.0,1,0.3425080155422187,0.0,0.0,0
bedroom,98,86b8d631-2312-4e2f-82f7-de19d29a5f39_Bedroom-22495,bedroom_sgdiffusion_vq_objfeat_epoch_01999_relation_aware_parsed_floor_prior_max1.8_mesh_p2_close0.75_far1.6_eval_cfg1.0_1.0.json::86b8d631-2312-4e2f-82f7-de19d29a5f39_Bedroom-22495,1,True,True,False,True,False,0.0003754999997909181,1,baseline_rollback,0.0,0.0,0.0,0,1,0.0,1,1.191605842385,0.0,0.0,0,0,1,0.0,1,1.191605842385,0.0,0.0,0,0,1,0.0,1,1.191605842385,0.0,0.0,0,0,1,0.0,1,1.191605842385,0.0,0.0,0,0,1,0.0,1,1.191605842385,0.0,0.0,0
bedroom,99,885bca04-679c-4098-a2d9-27885640ad28_MasterBedroom-22581,bedroom_sgdiffusion_vq_objfeat_epoch_01999_relation_aware_parsed_floor_prior_max1.8_mesh_p2_close0.75_far1.6_eval_cfg1.0_1.0.json::885bca04-679c-4098-a2d9-27885640ad28_MasterBedroom-22581,2,True,True,False,True,False,0.0012430999995558523,0,baseline_rollback,3.0,3.0,3.0,1,2,0.5,4,0.9816595536915746,0.0,0.0,0,1,2,0.5,4,0.9816595536915746,0.0,0.0,0,1,2,0.5,4,0.9816595536915746,0.0,0.0,0,1,2,0.5,4,0.9816595536915746,0.0,0.0,0,1,2,0.5,4,0.9816595536915746,0.0,0.0,0
bedroom,100,897f8b48-e266-4749-b1f8-f798ae0d7068_Bedroom-54381,bedroom_sgdiffusion_vq_objfeat_epoch_01999_relation_aware_parsed_floor_prior_max1.8_mesh_p2_close0.75_far1.6_eval_cfg1.0_1.0.json::897f8b48-e266-4749-b1f8-f798ae0d7068_Bedroom-54381,1,True,True,False,True,False,0.000592500000493601,0,baseline_rollback,0.0,0.0,0.0,1,1,1.0,0,0.0,0.0,0.0,0,1,1,1.0,0,0.0,0.0,0.0,0,1,1,1.0,0,0.0,0.0,0.0,0,1,1,1.0,0,0.0,0.0,0.0,0,1,1,1.0,0,0.0,0.0,0.0,0
bedroom,101,905ccf24-697b-4bb5-8c53-def619d16327_Bedroom-5215,bedroom_sgdiffusion_vq_objfeat_epoch_01999_relation_aware_parsed_floor_prior_max1.8_mesh_p2_close0.75_far1.6_eval_cfg1.0_1.0.json::905ccf24-697b-4bb5-8c53-def619d16327_Bedroom-5215,2,True,True,False,True,False,0.0011204999973415397,2,baseline_rollback,1.0,1.0,1.0,0,2,0.0,2,0.2992936546810935,0.0,0.0,0,0,2,0.0,2,0.2992936546810935,0.0,0.0,0,0,2,0.0,2,0.2992936546810935,0.0,0.0,0,0,2,0.0,2,0.2992936546810935,0.0,0.0,0,0,2,0.0,2,0.2992936546810935,0.0,0.0,0
bedroom,102,93b46a6a-9703-4487-a125-89972c1e6a4a_MasterBedroom-12479,bedroom_sgdiffusion_vq_objfeat_epoch_01999_relation_aware_parsed_floor_prior_max1.8_mesh_p2_close0.75_far1.6_eval_cfg1.0_1.0.json::93b46a6a-9703-4487-a125-89972c1e6a4a_MasterBedroom-12479,1,True,True,False,True,False,0.0011554000011528842,1,baseline_rollback,2.0,2.0,2.0,0,1,0.0,5,1.3335464013582166,0.0,0.0,0,0,1,0.0,5,1.3335464013582166,0.0,0.0,0,0,1,0.0,5,1.3335464013582166,0.0,0.0,0,0,1,0.0,5,1.3335464013582166,0.0,0.0,0,0,1,0.0,5,1.3335464013582166,0.0,0.0,0
bedroom,103,97980fab-7bf0-4887-9fa9-68cc9138c717_SecondBedroom-37794,bedroom_sgdiffusion_vq_objfeat_epoch_01999_relation_aware_parsed_floor_prior_max1.8_mesh_p2_close0.75_far1.6_eval_cfg1.0_1.0.json::97980fab-7bf0-4887-9fa9-68cc9138c717_SecondBedroom-37794,2,True,True,False,True,False,0.0011760000052163377,1,baseline_rollback,1.0,1.0,1.0,1,2,0.5,3,0.28962718254367953,0.0,0.0,0,1,2,0.5,3,0.28962718254367953,0.0,0.0,0,1,2,0.5,3,0.28962718254367953,0.0,0.0,0,1,2,0.5,3,0.28962718254367953,0.0,0.0,0,1,2,0.5,3,0.28962718254367953,0.0,0.0,0
bedroom,104,98a1fc47-1484-4dd6-840b-da2d38206db2_SecondBedroom-69017,bedroom_sgdiffusion_vq_objfeat_epoch_01999_relation_aware_parsed_floor_prior_max1.8_mesh_p2_close0.75_far1.6_eval_cfg1.0_1.0.json::98a1fc47-1484-4dd6-840b-da2d38206db2_SecondBedroom-69017,2,True,True,False,True,False,0.0012361999979475513,0,baseline_rollback,1.0,1.0,1.0,1,2,0.5,7,1.6352568343070861,0.0,0.0,0,1,2,0.5,7,1.6352568343070861,0.0,0.0,0,1,2,0.5,7,1.6352568343070861,0.0,0.0,0,1,2,0.5,7,1.6352568343070861,0.0,0.0,0,1,2,0.5,7,1.6352568343070861,0.0,0.0,0
bedroom,105,9e9c7c48-a631-4ded-a271-7dd697faf0dc_MasterBedroom-1615,bedroom_sgdiffusion_vq_objfeat_epoch_01999_relation_aware_parsed_floor_prior_max1.8_mesh_p2_close0.75_far1.6_eval_cfg1.0_1.0.json::9e9c7c48-a631-4ded-a271-7dd697faf0dc_MasterBedroom-1615,1,True,True,False,True,False,0.0005356999972718768,1,baseline_rollback,0.0,0.0,0.0,1,1,1.0,1,0.08488659756300011,0.0,0.0,0,1,1,1.0,1,0.08488659756300011,0.0,0.0,0,1,1,1.0,1,0.08488659756300011,0.0,0.0,0,1,1,1.0,1,0.08488659756300011,0.0,0.0,0,1,1,1.0,1,0.08488659756300011,0.0,0.0,0
bedroom,106,9fc84985-1955-4003-83ef-43970b1418a2_MasterBedroom-8979,bedroom_sgdiffusion_vq_objfeat_epoch_01999_relation_aware_parsed_floor_prior_max1.8_mesh_p2_close0.75_far1.6_eval_cfg1.0_1.0.json::9fc84985-1955-4003-83ef-43970b1418a2_MasterBedroom-8979,1,True,True,False,True,False,0.0010584999981801957,0,baseline_rollback,2.0,2.0,2.0,1,1,1.0,3,0.8989138054976389,0.0,0.0,0,1,1,1.0,3,0.8989138054976389,0.0,0.0,0,1,1,1.0,3,0.8989138054976389,0.0,0.0,0,1,1,1.0,3,0.8989138054976389,0.0,0.0,0,1,1,1.0,3,0.8989138054976389,0.0,0.0,0
bedroom,107,a13cbe28-97b9-48de-b617-70d6f4f50943_MasterBedroom-6631,bedroom_sgdiffusion_vq_objfeat_epoch_01999_relation_aware_parsed_floor_prior_max1.8_mesh_p2_close0.75_far1.6_eval_cfg1.0_1.0.json::a13cbe28-97b9-48de-b617-70d6f4f50943_MasterBedroom-6631,1,True,True,False,True,False,0.0006925999987288378,0,baseline_rollback,0.0,0.0,0.0,1,1,1.0,1,0.3189385667520003,0.0,0.0,0,1,1,1.0,1,0.3189385667520003,0.0,0.0,0,1,1,1.0,1,0.3189385667520003,0.0,0.0,0,1,1,1.0,1,0.3189385667520003,0.0,0.0,0,1,1,1.0,1,0.3189385667520003,0.0,0.0,0
bedroom,108,a19f2445-1678-4c98-a26d-fce8c3ee5320_MasterBedroom-58086,bedroom_sgdiffusion_vq_objfeat_epoch_01999_relation_aware_parsed_floor_prior_max1.8_mesh_p2_close0.75_far1.6_eval_cfg1.0_1.0.json::a19f2445-1678-4c98-a26d-fce8c3ee5320_MasterBedroom-58086,2,True,True,False,True,False,0.0007785000052535906,0,baseline_rollback,1.0,1.0,1.0,2,2,1.0,4,0.14710224068235866,0.0,0.0,0,2,2,1.0,4,0.14710224068235866,0.0,0.0,0,2,2,1.0,4,0.14710224068235866,0.0,0.0,0,2,2,1.0,4,0.14710224068235866,0.0,0.0,0,2,2,1.0,4,0.14710224068235866,0.0,0.0,0
bedroom,109,a35d3d15-332d-4e0c-833e-3c1c476edddc_MasterBedroom-34041,bedroom_sgdiffusion_vq_objfeat_epoch_01999_relation_aware_parsed_floor_prior_max1.8_mesh_p2_close0.75_far1.6_eval_cfg1.0_1.0.json::a35d3d15-332d-4e0c-833e-3c1c476edddc_MasterBedroom-34041,1,True,True,True,True,True,0.04391649999888614,0,warm_start,2.0,2.0,2.0,0,1,0.0,3,0.9905541177915105,0.0,0.0,0,1,1,1.0,3,0.9905541177915105,0.3508845265071011,0.3508845265071011,1,0,1,0.0,3,0.9905541177915105,0.3508845265071011,0.3508845265071011,1,1,1,1.0,3,0.9905541177915105,0.3508845265071011,0.3508845265071011,1,1,1,1.0,3,0.9905541177915105,0.3508845265071011,0.3508845265071011,1
bedroom,110,a44fb825-f9fd-4e1a-beb5-da0322f81ed0_MasterBedroom-63654,bedroom_sgdiffusion_vq_objfeat_epoch_01999_relation_aware_parsed_floor_prior_max1.8_mesh_p2_close0.75_far1.6_eval_cfg1.0_1.0.json::a44fb825-f9fd-4e1a-beb5-da0322f81ed0_MasterBedroom-63654,1,True,True,False,True,False,0.0006351000047288835,0,baseline_rollback,0.0,0.0,0.0,1,1,1.0,0,0.0,0.0,0.0,0,1,1,1.0,0,0.0,0.0,0.0,0,1,1,1.0,0,0.0,0.0,0.0,0,1,1,1.0,0,0.0,0.0,0.0,0,1,1,1.0,0,0.0,0.0,0.0,0
bedroom,111,a4515359-59cb-46d6-9914-c54de45598a5_Bedroom-21085,bedroom_sgdiffusion_vq_objfeat_epoch_01999_relation_aware_parsed_floor_prior_max1.8_mesh_p2_close0.75_far1.6_eval_cfg1.0_1.0.json::a4515359-59cb-46d6-9914-c54de45598a5_Bedroom-21085,1,True,True,False,True,False,0.0007654000000911765,0,baseline_rollback,1.0,1.0,1.0,1,1,1.0,3,0.4581366437621064,0.0,0.0,0,1,1,1.0,3,0.4581366437621064,0.0,0.0,0,1,1,1.0,3,0.4581366437621064,0.0,0.0,0,1,1,1.0,3,0.4581366437621064,0.0,0.0,0,1,1,1.0,3,0.4581366437621064,0.0,0.0,0
bedroom,112,a4f761bc-191d-4d56-b2f5-01f9de5716bd_Bedroom-13675,bedroom_sgdiffusion_vq_objfeat_epoch_01999_relation_aware_parsed_floor_prior_max1.8_mesh_p2_close0.75_far1.6_eval_cfg1.0_1.0.json::a4f761bc-191d-4d56-b2f5-01f9de5716bd_Bedroom-13675,1,True,True,False,True,False,0.000672800000756979,1,baseline_rollback,0.0,0.0,0.0,0,1,0.0,1,0.6905182993759995,0.0,0.0,0,0,1,0.0,1,0.6905182993759995,0.0,0.0,0,0,1,0.0,1,0.6905182993759995,0.0,0.0,0,0,1,0.0,1,0.6905182993759995,0.0,0.0,0,0,1,0.0,1,0.6905182993759995,0.0,0.0,0
bedroom,113,a591afd1-fc8b-4224-a2bf-b36ecb44aa18_MasterBedroom-32488,bedroom_sgdiffusion_vq_objfeat_epoch_01999_relation_aware_parsed_floor_prior_max1.8_mesh_p2_close0.75_far1.6_eval_cfg1.0_1.0.json::a591afd1-fc8b-4224-a2bf-b36ecb44aa18_MasterBedroom-32488,2,True,True,False,True,False,0.0012515999987954274,1,baseline_rollback,2.0,2.0,2.0,1,2,0.5,4,0.7535137406322758,0.0,0.0,0,1,2,0.5,4,0.7535137406322758,0.0,0.0,0,1,2,0.5,4,0.7535137406322758,0.0,0.0,0,1,2,0.5,4,0.7535137406322758,0.0,0.0,0,1,2,0.5,4,0.7535137406322758,0.0,0.0,0
bedroom,114,a6704fd9-02c2-42a6-875c-723b26a8048a_MasterBedroom-45545,bedroom_sgdiffusion_vq_objfeat_epoch_01999_relation_aware_parsed_floor_prior_max1.8_mesh_p2_close0.75_far1.6_eval_cfg1.0_1.0.json::a6704fd9-02c2-42a6-875c-723b26a8048a_MasterBedroom-45545,1,True,True,False,True,False,0.0008085000008577481,0,baseline_rollback,0.0,0.0,0.0,1,1,1.0,1,0.9449589680999992,0.0,0.0,0,1,1,1.0,1,0.9449589680999992,0.0,0.0,0,1,1,1.0,1,0.9449589680999992,0.0,0.0,0,1,1,1.0,1,0.9449589680999992,0.0,0.0,0,1,1,1.0,1,0.9449589680999992,0.0,0.0,0
bedroom,115,ad428fbd-a2cf-4693-a858-e5e64ba48026_Bedroom-18759,bedroom_sgdiffusion_vq_objfeat_epoch_01999_relation_aware_parsed_floor_prior_max1.8_mesh_p2_close0.75_far1.6_eval_cfg1.0_1.0.json::ad428fbd-a2cf-4693-a858-e5e64ba48026_Bedroom-18759,1,True,True,True,True,False,0.01764040000125533,0,baseline_rollback,0.0,0.0,0.0,1,1,1.0,2,0.6644470466911314,0.0,0.0,0,1,1,1.0,2,0.6644470466911314,0.48387399655274893,0.48387399655274893,1,1,1,1.0,2,0.6644470466911313,0.48387399655274893,0.48387399655274893,1,1,1,1.0,2,0.6644470466911314,0.0,0.0,0,1,1,1.0,2,0.6644470466911314,0.0,0.0,0
bedroom,116,af04306f-ef15-4b0a-ba75-1e499b3f3ccd_MasterBedroom-29436,bedroom_sgdiffusion_vq_objfeat_epoch_01999_relation_aware_parsed_floor_prior_max1.8_mesh_p2_close0.75_far1.6_eval_cfg1.0_1.0.json::af04306f-ef15-4b0a-ba75-1e499b3f3ccd_MasterBedroom-29436,2,True,False,False,True,False,0.0012665000031120144,0,baseline_rollback,1.0,1.0,1.0,1,2,0.5,3,1.6654943291123423,0.0,0.0,0,1,2,0.5,3,1.6654943291123423,0.0,0.0,0,1,2,0.5,3,1.6654943291123423,0.0,0.0,0,1,2,0.5,3,1.6654943291123423,0.0,0.0,0,1,2,0.5,3,1.6654943291123423,0.0,0.0,0
bedroom,117,b090fa20-9b1c-4c5e-bcc4-e83c44cc84c2_Bedroom-15797,bedroom_sgdiffusion_vq_objfeat_epoch_01999_relation_aware_parsed_floor_prior_max1.8_mesh_p2_close0.75_far1.6_eval_cfg1.0_1.0.json::b090fa20-9b1c-4c5e-bcc4-e83c44cc84c2_Bedroom-15797,1,True,True,False,True,False,0.001084600000467617,0,baseline_rollback,3.0,3.0,3.0,1,1,1.0,4,0.7286108119603163,0.0,0.0,0,1,1,1.0,4,0.7286108119603163,0.0,0.0,0,1,1,1.0,4,0.7286108119603163,0.0,0.0,0,1,1,1.0,4,0.7286108119603163,0.0,0.0,0,1,1,1.0,4,0.7286108119603163,0.0,0.0,0
bedroom,118,b0fe48b1-d6b1-4854-ba04-111d22289522_MasterBedroom-13658,bedroom_sgdiffusion_vq_objfeat_epoch_01999_relation_aware_parsed_floor_prior_max1.8_mesh_p2_close0.75_far1.6_eval_cfg1.0_1.0.json::b0fe48b1-d6b1-4854-ba04-111d22289522_MasterBedroom-13658,1,True,True,False,True,False,0.0005984000017633662,1,baseline_rollback,0.0,0.0,0.0,1,1,1.0,1,0.77598418924,0.0,0.0,0,1,1,1.0,1,0.77598418924,0.0,0.0,0,1,1,1.0,1,0.77598418924,0.0,0.0,0,1,1,1.0,1,0.77598418924,0.0,0.0,0,1,1,1.0,1,0.77598418924,0.0,0.0,0
bedroom,119,b13a4874-00a4-49a5-aa2d-e22d7d864b56_Bedroom-53437,bedroom_sgdiffusion_vq_objfeat_epoch_01999_relation_aware_parsed_floor_prior_max1.8_mesh_p2_close0.75_far1.6_eval_cfg1.0_1.0.json::b13a4874-00a4-49a5-aa2d-e22d7d864b56_Bedroom-53437,1,True,True,False,True,False,0.0007590999957756139,0,baseline_rollback,0.0,0.0,0.0,1,1,1.0,3,1.0171208877925741,0.0,0.0,0,1,1,1.0,3,1.0171208877925741,0.0,0.0,0,1,1,1.0,3,1.0171208877925741,0.0,0.0,0,1,1,1.0,3,1.0171208877925741,0.0,0.0,0,1,1,1.0,3,1.0171208877925741,0.0,0.0,0
bedroom,120,b1fb2628-f260-4bee-8db1-6f4f10520a09_MasterBedroom-1096,bedroom_sgdiffusion_vq_objfeat_epoch_01999_relation_aware_parsed_floor_prior_max1.8_mesh_p2_close0.75_far1.6_eval_cfg1.0_1.0.json::b1fb2628-f260-4bee-8db1-6f4f10520a09_MasterBedroom-1096,2,True,True,False,True,False,0.0019126999977743253,1,baseline_rollback,2.0,2.0,2.0,1,2,0.5,7,0.6402265592847441,0.0,0.0,0,1,2,0.5,7,0.6402265592847441,0.0,0.0,0,1,2,0.5,7,0.6402265592847441,0.0,0.0,0,1,2,0.5,7,0.6402265592847441,0.0,0.0,0,1,2,0.5,7,0.6402265592847441,0.0,0.0,0
bedroom,121,b28bad76-991d-4a95-9a37-2934374109e8_Bedroom-20397,bedroom_sgdiffusion_vq_objfeat_epoch_01999_relation_aware_parsed_floor_prior_max1.8_mesh_p2_close0.75_far1.6_eval_cfg1.0_1.0.json::b28bad76-991d-4a95-9a37-2934374109e8_Bedroom-20397,1,True,True,True,True,False,0.03785019999486394,0,baseline_rollback,1.0,0.0,1.0,1,1,1.0,6,0.6604978160225896,0.0,0.0,0,1,1,1.0,5,0.7022790670452783,0.25211933005158843,0.25211933005158843,1,1,1,1.0,6,0.655865728630655,0.25211933005158843,0.25211933005158843,1,1,1,1.0,6,0.6604978160225896,0.0,0.0,0,1,1,1.0,6,0.6604978160225896,0.0,0.0,0
bedroom,122,b2e0b670-b308-4817-b3b6-2a8b7312c18f_SecondBedroom-6261,bedroom_sgdiffusion_vq_objfeat_epoch_01999_relation_aware_parsed_floor_prior_max1.8_mesh_p2_close0.75_far1.6_eval_cfg1.0_1.0.json::b2e0b670-b308-4817-b3b6-2a8b7312c18f_SecondBedroom-6261,2,True,True,False,True,False,0.0006127999949967489,1,baseline_rollback,0.0,0.0,0.0,2,2,1.0,2,0.7043277121034417,0.0,0.0,0,2,2,1.0,2,0.7043277121034417,0.0,0.0,0,2,2,1.0,2,0.7043277121034417,0.0,0.0,0,2,2,1.0,2,0.7043277121034417,0.0,0.0,0,2,2,1.0,2,0.7043277121034417,0.0,0.0,0
bedroom,123,b3560738-2e83-4f6f-9528-3f0a00c4c3b0_SecondBedroom-9923,bedroom_sgdiffusion_vq_objfeat_epoch_01999_relation_aware_parsed_floor_prior_max1.8_mesh_p2_close0.75_far1.6_eval_cfg1.0_1.0.json::b3560738-2e83-4f6f-9528-3f0a00c4c3b0_SecondBedroom-9923,1,True,True,False,True,False,0.0006381999992299825,0,baseline_rollback,0.0,0.0,0.0,1,1,1.0,1,0.4367451916399999,0.0,0.0,0,1,1,1.0,1,0.4367451916399999,0.0,0.0,0,1,1,1.0,1,0.4367451916399999,0.0,0.0,0,1,1,1.0,1,0.4367451916399999,0.0,0.0,0,1,1,1.0,1,0.4367451916399999,0.0,0.0,0
bedroom,124,b45897de-6fe4-421c-b292-dfc31f3880ec_Bedroom-38427,bedroom_sgdiffusion_vq_objfeat_epoch_01999_relation_aware_parsed_floor_prior_max1.8_mesh_p2_close0.75_far1.6_eval_cfg1.0_1.0.json::b45897de-6fe4-421c-b292-dfc31f3880ec_Bedroom-38427,1,True,True,False,True,False,0.0008562000002712011,0,baseline_rollback,0.0,0.0,0.0,1,1,1.0,4,0.858495535228763,0.0,0.0,0,1,1,1.0,4,0.858495535228763,0.0,0.0,0,1,1,1.0,4,0.858495535228763,0.0,0.0,0,1,1,1.0,4,0.858495535228763,0.0,0.0,0,1,1,1.0,4,0.858495535228763,0.0,0.0,0
bedroom,125,b84c594f-2408-4197-ada7-d058f6620cf3_SecondBedroom-48379,bedroom_sgdiffusion_vq_objfeat_epoch_01999_relation_aware_parsed_floor_prior_max1.8_mesh_p2_close0.75_far1.6_eval_cfg1.0_1.0.json::b84c594f-2408-4197-ada7-d058f6620cf3_SecondBedroom-48379,2,True,True,False,True,False,0.001116299994464498,1,baseline_rollback,0.0,0.0,0.0,1,2,0.5,3,0.3960691235686117,0.0,0.0,0,1,2,0.5,3,0.3960691235686117,0.0,0.0,0,1,2,0.5,3,0.3960691235686117,0.0,0.0,0,1,2,0.5,3,0.3960691235686117,0.0,0.0,0,1,2,0.5,3,0.3960691235686117,0.0,0.0,0
bedroom,126,be762422-6294-499e-96fa-038dced9f5a8_Bedroom-74674,bedroom_sgdiffusion_vq_objfeat_epoch_01999_relation_aware_parsed_floor_prior_max1.8_mesh_p2_close0.75_far1.6_eval_cfg1.0_1.0.json::be762422-6294-499e-96fa-038dced9f5a8_Bedroom-74674,1,True,True,False,True,False,0.001991600001929328,1,baseline_rollback,1.0,1.0,1.0,0,1,0.0,2,0.36009193255097877,0.0,0.0,0,0,1,0.0,2,0.36009193255097877,0.0,0.0,0,0,1,0.0,2,0.36009193255097877,0.0,0.0,0,0,1,0.0,2,0.36009193255097877,0.0,0.0,0,0,1,0.0,2,0.36009193255097877,0.0,0.0,0
bedroom,127,c15e5b24-87ea-4729-a648-e406f048a25b_MasterBedroom-41843,bedroom_sgdiffusion_vq_objfeat_epoch_01999_relation_aware_parsed_floor_prior_max1.8_mesh_p2_close0.75_far1.6_eval_cfg1.0_1.0.json::c15e5b24-87ea-4729-a648-e406f048a25b_MasterBedroom-41843,2,True,True,True,True,False,0.04312899999786168,0,baseline_rollback,1.0,1.0,1.0,1,2,0.5,4,0.07378777535820086,0.0,0.0,0,1,2,0.5,4,0.2091252458413091,0.30814489654179367,0.30814489654179367,1,1,2,0.5,3,0.06240318411624088,0.30814489654179367,0.30814489654179367,1,1,2,0.5,4,0.07378777535820086,0.0,0.0,0,1,2,0.5,4,0.07378777535820086,0.0,0.0,0
bedroom,128,c1d1893e-86a3-4a1f-a0bb-1b5104461b5a_MasterBedroom-21047,bedroom_sgdiffusion_vq_objfeat_epoch_01999_relation_aware_parsed_floor_prior_max1.8_mesh_p2_close0.75_far1.6_eval_cfg1.0_1.0.json::c1d1893e-86a3-4a1f-a0bb-1b5104461b5a_MasterBedroom-21047,1,True,True,False,True,False,0.0005579999997280538,0,baseline_rollback,0.0,0.0,0.0,1,1,1.0,1,0.29927988379975723,0.0,0.0,0,1,1,1.0,1,0.29927988379975723,0.0,0.0,0,1,1,1.0,1,0.29927988379975723,0.0,0.0,0,1,1,1.0,1,0.29927988379975723,0.0,0.0,0,1,1,1.0,1,0.29927988379975723,0.0,0.0,0
bedroom,129,c3a81890-b4f1-4944-96a1-318dff7f3980_MasterBedroom-34469,bedroom_sgdiffusion_vq_objfeat_epoch_01999_relation_aware_parsed_floor_prior_max1.8_mesh_p2_close0.75_far1.6_eval_cfg1.0_1.0.json::c3a81890-b4f1-4944-96a1-318dff7f3980_MasterBedroom-34469,2,True,True,False,True,False,0.001087000004190486,0,baseline_rollback,0.0,0.0,0.0,0,2,0.0,2,0.21717080505541006,0.0,0.0,0,0,2,0.0,2,0.21717080505541006,0.0,0.0,0,0,2,0.0,2,0.21717080505541006,0.0,0.0,0,0,2,0.0,2,0.21717080505541006,0.0,0.0,0,0,2,0.0,2,0.21717080505541006,0.0,0.0,0
bedroom,130,c3a81890-b4f1-4944-96a1-318dff7f3980_SecondBedroom-35274,bedroom_sgdiffusion_vq_objfeat_epoch_01999_relation_aware_parsed_floor_prior_max1.8_mesh_p2_close0.75_far1.6_eval_cfg1.0_1.0.json::c3a81890-b4f1-4944-96a1-318dff7f3980_SecondBedroom-35274,2,True,True,False,True,False,0.0008901000037440099,1,baseline_rollback,2.0,2.0,2.0,2,2,1.0,3,0.48129313570369264,0.0,0.0,0,2,2,1.0,3,0.48129313570369264,0.0,0.0,0,2,2,1.0,3,0.48129313570369264,0.0,0.0,0,2,2,1.0,3,0.48129313570369264,0.0,0.0,0,2,2,1.0,3,0.48129313570369264,0.0,0.0,0
bedroom,131,c45c5b4c-5fca-43b2-9770-02cd174f24c2_SecondBedroom-66007,bedroom_sgdiffusion_vq_objfeat_epoch_01999_relation_aware_parsed_floor_prior_max1.8_mesh_p2_close0.75_far1.6_eval_cfg1.0_1.0.json::c45c5b4c-5fca-43b2-9770-02cd174f24c2_SecondBedroom-66007,2,True,True,False,True,False,0.0009362999990116805,0,baseline_rollback,0.0,0.0,0.0,2,2,1.0,3,0.22920577655806743,0.0,0.0,0,2,2,1.0,3,0.22920577655806743,0.0,0.0,0,2,2,1.0,3,0.22920577655806743,0.0,0.0,0,2,2,1.0,3,0.22920577655806743,0.0,0.0,0,2,2,1.0,3,0.22920577655806743,0.0,0.0,0
bedroom,132,c83c564f-ceb1-4cd0-b171-7eb26a283b24_MasterBedroom-6907,bedroom_sgdiffusion_vq_objfeat_epoch_01999_relation_aware_parsed_floor_prior_max1.8_mesh_p2_close0.75_far1.6_eval_cfg1.0_1.0.json::c83c564f-ceb1-4cd0-b171-7eb26a283b24_MasterBedroom-6907,2,True,True,False,True,False,0.0008917999948607758,0,baseline_rollback,0.0,0.0,0.0,2,2,1.0,2,0.23296408543184152,0.0,0.0,0,2,2,1.0,2,0.23296408543184152,0.0,0.0,0,2,2,1.0,2,0.23296408543184152,0.0,0.0,0,2,2,1.0,2,0.23296408543184152,0.0,0.0,0,2,2,1.0,2,0.23296408543184152,0.0,0.0,0
bedroom,133,ca0bdaff-4e3a-4677-a328-cfab693b37c4_MasterBedroom-9302,bedroom_sgdiffusion_vq_objfeat_epoch_01999_relation_aware_parsed_floor_prior_max1.8_mesh_p2_close0.75_far1.6_eval_cfg1.0_1.0.json::ca0bdaff-4e3a-4677-a328-cfab693b37c4_MasterBedroom-9302,2,True,True,False,True,False,0.0007722000009380281,0,baseline_rollback,0.0,0.0,0.0,2,2,1.0,0,0.0,0.0,0.0,0,2,2,1.0,0,0.0,0.0,0.0,0,2,2,1.0,0,0.0,0.0,0.0,0,2,2,1.0,0,0.0,0.0,0.0,0,2,2,1.0,0,0.0,0.0,0.0,0
bedroom,134,cb300b0a-3072-44a1-9f4d-dd75497ab9c5_MasterBedroom-3151,bedroom_sgdiffusion_vq_objfeat_epoch_01999_relation_aware_parsed_floor_prior_max1.8_mesh_p2_close0.75_far1.6_eval_cfg1.0_1.0.json::cb300b0a-3072-44a1-9f4d-dd75497ab9c5_MasterBedroom-3151,2,True,True,False,True,False,0.0005485000001499429,1,baseline_rollback,0.0,0.0,0.0,2,2,1.0,2,0.31486638676527584,0.0,0.0,0,2,2,1.0,2,0.31486638676527584,0.0,0.0,0,2,2,1.0,2,0.31486638676527584,0.0,0.0,0,2,2,1.0,2,0.31486638676527584,0.0,0.0,0,2,2,1.0,2,0.31486638676527584,0.0,0.0,0
bedroom,135,cbaa2bb7-048d-4939-9d36-77379f49cb98_SecondBedroom-13281,bedroom_sgdiffusion_vq_objfeat_epoch_01999_relation_aware_parsed_floor_prior_max1.8_mesh_p2_close0.75_far1.6_eval_cfg1.0_1.0.json::cbaa2bb7-048d-4939-9d36-77379f49cb98_SecondBedroom-13281,2,True,True,False,True,False,0.0010700999991968274,0,baseline_rollback,1.0,1.0,1.0,2,2,1.0,2,0.0991886111443285,0.0,0.0,0,2,2,1.0,2,0.0991886111443285,0.0,0.0,0,2,2,1.0,2,0.0991886111443285,0.0,0.0,0,2,2,1.0,2,0.0991886111443285,0.0,0.0,0,2,2,1.0,2,0.0991886111443285,0.0,0.0,0
bedroom,136,ceabd33a-d3dd-4500-9f44-a65fb285bff2_MasterBedroom-74105,bedroom_sgdiffusion_vq_objfeat_epoch_01999_relation_aware_parsed_floor_prior_max1.8_mesh_p2_close0.75_far1.6_eval_cfg1.0_1.0.json::ceabd33a-d3dd-4500-9f44-a65fb285bff2_MasterBedroom-74105,2,True,True,False,True,False,0.0011856999990413897,0,baseline_rollback,1.0,1.0,1.0,1,2,0.5,1,1.6451819178337201,0.0,0.0,0,1,2,0.5,1,1.6451819178337201,0.0,0.0,0,1,2,0.5,1,1.6451819178337201,0.0,0.0,0,1,2,0.5,1,1.6451819178337201,0.0,0.0,0,1,2,0.5,1,1.6451819178337201,0.0,0.0,0
bedroom,137,d099aa82-c37c-4c77-aa35-26f02862f55b_Bedroom-837,bedroom_sgdiffusion_vq_objfeat_epoch_01999_relation_aware_parsed_floor_prior_max1.8_mesh_p2_close0.75_far1.6_eval_cfg1.0_1.0.json::d099aa82-c37c-4c77-aa35-26f02862f55b_Bedroom-837,1,True,True,False,True,False,0.0006999000033829361,0,baseline_rollback,1.0,1.0,1.0,1,1,1.0,3,0.38880244018460924,0.0,0.0,0,1,1,1.0,3,0.38880244018460924,0.0,0.0,0,1,1,1.0,3,0.38880244018460924,0.0,0.0,0,1,1,1.0,3,0.38880244018460924,0.0,0.0,0,1,1,1.0,3,0.38880244018460924,0.0,0.0,0
bedroom,138,d3fec60e-f8d0-4cfe-abd8-041d0db2d509_SecondBedroom-24075,bedroom_sgdiffusion_vq_objfeat_epoch_01999_relation_aware_parsed_floor_prior_max1.8_mesh_p2_close0.75_far1.6_eval_cfg1.0_1.0.json::d3fec60e-f8d0-4cfe-abd8-041d0db2d509_SecondBedroom-24075,1,True,True,False,True,False,0.0006044999972800724,0,baseline_rollback,0.0,0.0,0.0,1,1,1.0,3,0.6559432939776265,0.0,0.0,0,1,1,1.0,3,0.6559432939776265,0.0,0.0,0,1,1,1.0,3,0.6559432939776265,0.0,0.0,0,1,1,1.0,3,0.6559432939776265,0.0,0.0,0,1,1,1.0,3,0.6559432939776265,0.0,0.0,0
bedroom,139,d8f50afc-d93f-49f8-9170-b7b9fe880152_Bedroom-22570,bedroom_sgdiffusion_vq_objfeat_epoch_01999_relation_aware_parsed_floor_prior_max1.8_mesh_p2_close0.75_far1.6_eval_cfg1.0_1.0.json::d8f50afc-d93f-49f8-9170-b7b9fe880152_Bedroom-22570,1,True,True,False,True,False,0.000671899993903935,0,baseline_rollback,0.0,0.0,0.0,1,1,1.0,1,0.5151415448159993,0.0,0.0,0,1,1,1.0,1,0.5151415448159993,0.0,0.0,0,1,1,1.0,1,0.5151415448159993,0.0,0.0,0,1,1,1.0,1,0.5151415448159993,0.0,0.0,0,1,1,1.0,1,0.5151415448159993,0.0,0.0,0
bedroom,140,db1bb23c-a728-4e9e-97b8-e98ffa8cb31b_MasterBedroom-40255,bedroom_sgdiffusion_vq_objfeat_epoch_01999_relation_aware_parsed_floor_prior_max1.8_mesh_p2_close0.75_far1.6_eval_cfg1.0_1.0.json::db1bb23c-a728-4e9e-97b8-e98ffa8cb31b_MasterBedroom-40255,1,True,True,False,True,False,0.0006390999988070689,1,baseline_rollback,2.0,2.0,2.0,1,1,1.0,3,0.8233577680955009,0.0,0.0,0,1,1,1.0,3,0.8233577680955009,0.0,0.0,0,1,1,1.0,3,0.8233577680955009,0.0,0.0,0,1,1,1.0,3,0.8233577680955009,0.0,0.0,0,1,1,1.0,3,0.8233577680955009,0.0,0.0,0
bedroom,141,dc270b69-a104-4f96-8676-e13d62b66cc0_SecondBedroom-9594,bedroom_sgdiffusion_vq_objfeat_epoch_01999_relation_aware_parsed_floor_prior_max1.8_mesh_p2_close0.75_far1.6_eval_cfg1.0_1.0.json::dc270b69-a104-4f96-8676-e13d62b66cc0_SecondBedroom-9594,1,True,True,True,True,False,0.07211200000165263,0,baseline_rollback,2.0,2.0,2.0,0,1,0.0,4,0.8409927103476298,0.0,0.0,0,1,1,1.0,4,0.8952255168492674,0.5822520352325429,0.5822520352325429,1,0,1,0.0,4,0.6851271372242848,0.582252035232543,0.582252035232543,1,0,1,0.0,4,0.8409927103476298,0.0,0.0,0,0,1,0.0,4,0.8409927103476298,0.0,0.0,0
bedroom,142,dc80719c-65f0-4662-a25c-ce747612ed07_MasterBedroom-18517,bedroom_sgdiffusion_vq_objfeat_epoch_01999_relation_aware_parsed_floor_prior_max1.8_mesh_p2_close0.75_far1.6_eval_cfg1.0_1.0.json::dc80719c-65f0-4662-a25c-ce747612ed07_MasterBedroom-18517,2,True,True,False,True,False,0.001108399999793619,2,baseline_rollback,0.0,0.0,0.0,0,2,0.0,4,0.7495412063859026,0.0,0.0,0,0,2,0.0,4,0.7495412063859026,0.0,0.0,0,0,2,0.0,4,0.7495412063859026,0.0,0.0,0,0,2,0.0,4,0.7495412063859026,0.0,0.0,0,0,2,0.0,4,0.7495412063859026,0.0,0.0,0
bedroom,143,e0f35822-09d8-453c-bf87-55f85387ad17_MasterBedroom-116808,bedroom_sgdiffusion_vq_objfeat_epoch_01999_relation_aware_parsed_floor_prior_max1.8_mesh_p2_close0.75_far1.6_eval_cfg1.0_1.0.json::e0f35822-09d8-453c-bf87-55f85387ad17_MasterBedroom-116808,1,True,True,False,True,False,0.0009051000015460886,0,baseline_rollback,1.0,1.0,1.0,1,1,1.0,3,0.836876575415744,0.0,0.0,0,1,1,1.0,3,0.836876575415744,0.0,0.0,0,1,1,1.0,3,0.836876575415744,0.0,0.0,0,1,1,1.0,3,0.836876575415744,0.0,0.0,0,1,1,1.0,3,0.836876575415744,0.0,0.0,0
bedroom,144,e1bfc1be-b96b-43a3-9485-01a1ff78d9da_MasterBedroom-34912,bedroom_sgdiffusion_vq_objfeat_epoch_01999_relation_aware_parsed_floor_prior_max1.8_mesh_p2_close0.75_far1.6_eval_cfg1.0_1.0.json::e1bfc1be-b96b-43a3-9485-01a1ff78d9da_MasterBedroom-34912,2,True,True,False,True,False,0.0011269999959040433,1,baseline_rollback,3.0,3.0,3.0,1,2,0.5,5,0.8503610096298682,0.0,0.0,0,1,2,0.5,5,0.8503610096298682,0.0,0.0,0,1,2,0.5,5,0.8503610096298682,0.0,0.0,0,1,2,0.5,5,0.8503610096298682,0.0,0.0,0,1,2,0.5,5,0.8503610096298682,0.0,0.0,0
bedroom,145,e2f3aa79-e130-445e-8773-b697ab77d9b8_SecondBedroom-3960,bedroom_sgdiffusion_vq_objfeat_epoch_01999_relation_aware_parsed_floor_prior_max1.8_mesh_p2_close0.75_far1.6_eval_cfg1.0_1.0.json::e2f3aa79-e130-445e-8773-b697ab77d9b8_SecondBedroom-3960,2,True,True,True,True,True,0.0389807000028668,0,warm_start,1.0,1.0,1.0,1,2,0.5,2,1.196691273604793,0.0,0.0,0,2,2,1.0,2,1.196691273604793,0.6531912093148262,0.6531912093148262,1,1,2,0.5,2,1.1587240456610655,0.6531912093148262,0.6531912093148262,1,2,2,1.0,2,1.196691273604793,0.6531912093148262,0.6531912093148262,1,2,2,1.0,2,1.196691273604793,0.6531912093148262,0.6531912093148262,1
bedroom,146,e544c131-df87-4e5e-b889-75e6b89ae007_MasterBedroom-17206,bedroom_sgdiffusion_vq_objfeat_epoch_01999_relation_aware_parsed_floor_prior_max1.8_mesh_p2_close0.75_far1.6_eval_cfg1.0_1.0.json::e544c131-df87-4e5e-b889-75e6b89ae007_MasterBedroom-17206,2,True,True,False,True,False,0.0011844000036944635,2,baseline_rollback,2.0,2.0,2.0,0,2,0.0,3,0.344568850178731,0.0,0.0,0,0,2,0.0,3,0.344568850178731,0.0,0.0,0,0,2,0.0,3,0.344568850178731,0.0,0.0,0,0,2,0.0,3,0.344568850178731,0.0,0.0,0,0,2,0.0,3,0.344568850178731,0.0,0.0,0
bedroom,147,e5a6fc8c-aaa9-460b-bab3-8fcd9aaaf6e2_MasterBedroom-109561,bedroom_sgdiffusion_vq_objfeat_epoch_01999_relation_aware_parsed_floor_prior_max1.8_mesh_p2_close0.75_far1.6_eval_cfg1.0_1.0.json::e5a6fc8c-aaa9-460b-bab3-8fcd9aaaf6e2_MasterBedroom-109561,1,True,True,True,True,False,0.03305730000283802,0,baseline_rollback,2.0,2.0,2.0,0,1,0.0,3,0.3519615953614281,0.0,0.0,0,1,1,1.0,3,0.3630463089326499,0.4166870138949034,0.4166870138949034,1,0,1,0.0,3,0.3519615953614281,0.41668701389490337,0.41668701389490337,1,0,1,0.0,3,0.3519615953614281,0.0,0.0,0,0,1,0.0,3,0.3519615953614281,0.0,0.0,0
bedroom,148,e5afb85b-f9b0-48dc-9fa6-cdd46d3193b6_SecondBedroom-30334,bedroom_sgdiffusion_vq_objfeat_epoch_01999_relation_aware_parsed_floor_prior_max1.8_mesh_p2_close0.75_far1.6_eval_cfg1.0_1.0.json::e5afb85b-f9b0-48dc-9fa6-cdd46d3193b6_SecondBedroom-30334,2,True,True,False,True,False,0.0007622999983141199,0,baseline_rollback,0.0,0.0,0.0,1,2,0.5,0,0.0,0.0,0.0,0,1,2,0.5,0,0.0,0.0,0.0,0,1,2,0.5,0,0.0,0.0,0.0,0,1,2,0.5,0,0.0,0.0,0.0,0,1,2,0.5,0,0.0,0.0,0.0,0
bedroom,149,e859dbc0-b994-41be-8d51-9857389a0a74_Bedroom-54233,bedroom_sgdiffusion_vq_objfeat_epoch_01999_relation_aware_parsed_floor_prior_max1.8_mesh_p2_close0.75_far1.6_eval_cfg1.0_1.0.json::e859dbc0-b994-41be-8d51-9857389a0a74_Bedroom-54233,2,True,True,False,True,False,0.0011922999983653426,0,baseline_rollback,0.0,0.0,0.0,2,2,1.0,2,0.35438500154541996,0.0,0.0,0,2,2,1.0,2,0.35438500154541996,0.0,0.0,0,2,2,1.0,2,0.35438500154541996,0.0,0.0,0,2,2,1.0,2,0.35438500154541996,0.0,0.0,0,2,2,1.0,2,0.35438500154541996,0.0,0.0,0
bedroom,150,e8f14d6c-c37d-4ad2-9cf9-cdd57cdfe2b1_Bedroom-17102,bedroom_sgdiffusion_vq_objfeat_epoch_01999_relation_aware_parsed_floor_prior_max1.8_mesh_p2_close0.75_far1.6_eval_cfg1.0_1.0.json::e8f14d6c-c37d-4ad2-9cf9-cdd57cdfe2b1_Bedroom-17102,1,True,True,False,True,False,0.0006994999930611812,0,baseline_rollback,3.0,3.0,3.0,1,1,1.0,3,0.16240958293947266,0.0,0.0,0,1,1,1.0,3,0.16240958293947266,0.0,0.0,0,1,1,1.0,3,0.16240958293947266,0.0,0.0,0,1,1,1.0,3,0.16240958293947266,0.0,0.0,0,1,1,1.0,3,0.16240958293947266,0.0,0.0,0
bedroom,151,ea107e07-4507-4189-aa07-445d944d5fce_MasterBedroom-40319,bedroom_sgdiffusion_vq_objfeat_epoch_01999_relation_aware_parsed_floor_prior_max1.8_mesh_p2_close0.75_far1.6_eval_cfg1.0_1.0.json::ea107e07-4507-4189-aa07-445d944d5fce_MasterBedroom-40319,1,True,True,True,True,False,0.08855039999616565,0,baseline_rollback,2.0,2.0,2.0,1,1,1.0,4,0.6231101486834847,0.0,0.0,0,1,1,1.0,4,0.37544001642072555,0.9585077443624254,0.9585077443624254,1,1,1,1.0,4,0.6231101486834847,0.9585077443624257,0.9585077443624257,1,1,1,1.0,4,0.6231101486834847,0.0,0.0,0,1,1,1.0,4,0.6231101486834847,0.0,0.0,0
bedroom,152,eb41d9bd-e372-479c-9dc9-ea9f738bf9c4_MasterBedroom-28978,bedroom_sgdiffusion_vq_objfeat_epoch_01999_relation_aware_parsed_floor_prior_max1.8_mesh_p2_close0.75_far1.6_eval_cfg1.0_1.0.json::eb41d9bd-e372-479c-9dc9-ea9f738bf9c4_MasterBedroom-28978,1,True,True,False,True,False,0.0014383000016096048,0,baseline_rollback,3.0,3.0,3.0,1,1,1.0,5,1.7175198685892572,0.0,0.0,0,1,1,1.0,5,1.7175198685892572,0.0,0.0,0,1,1,1.0,5,1.7175198685892572,0.0,0.0,0,1,1,1.0,5,1.7175198685892572,0.0,0.0,0,1,1,1.0,5,1.7175198685892572,0.0,0.0,0
bedroom,153,ec8a5215-83a6-4325-ad7e-176c9c6f450f_MasterBedroom-392,bedroom_sgdiffusion_vq_objfeat_epoch_01999_relation_aware_parsed_floor_prior_max1.8_mesh_p2_close0.75_far1.6_eval_cfg1.0_1.0.json::ec8a5215-83a6-4325-ad7e-176c9c6f450f_MasterBedroom-392,2,True,True,False,True,False,0.0013347999993129633,1,baseline_rollback,1.0,1.0,1.0,2,2,1.0,4,0.8101993832380112,0.0,0.0,0,2,2,1.0,4,0.8101993832380112,0.0,0.0,0,2,2,1.0,4,0.8101993832380112,0.0,0.0,0,2,2,1.0,4,0.8101993832380112,0.0,0.0,0,2,2,1.0,4,0.8101993832380112,0.0,0.0,0
bedroom,154,ed41e047-ee12-4f00-8add-0ee6b95d1585_MasterBedroom-3712,bedroom_sgdiffusion_vq_objfeat_epoch_01999_relation_aware_parsed_floor_prior_max1.8_mesh_p2_close0.75_far1.6_eval_cfg1.0_1.0.json::ed41e047-ee12-4f00-8add-0ee6b95d1585_MasterBedroom-3712,2,True,True,True,True,True,0.053123100005905144,0,warm_start,2.0,2.0,2.0,1,2,0.5,5,1.1059119172323781,0.0,0.0,0,2,2,1.0,4,1.104911874662693,0.2977750059055574,0.2977750059055574,1,1,2,0.5,5,1.1059119172323781,0.29777500590555744,0.29777500590555744,1,2,2,1.0,4,1.104911874662693,0.2977750059055574,0.2977750059055574,1,2,2,1.0,4,1.104911874662693,0.2977750059055574,0.2977750059055574,1
bedroom,155,ef17e0e8-f83d-466e-9a2c-096d97599757_MasterBedroom-1446,bedroom_sgdiffusion_vq_objfeat_epoch_01999_relation_aware_parsed_floor_prior_max1.8_mesh_p2_close0.75_far1.6_eval_cfg1.0_1.0.json::ef17e0e8-f83d-466e-9a2c-096d97599757_MasterBedroom-1446,1,True,True,True,True,False,0.015771899998071603,0,baseline_rollback,1.0,0.0,1.0,1,1,1.0,1,0.7030661805821393,0.0,0.0,0,1,1,1.0,1,0.7030661805821393,0.1688462939721756,0.1688462939721756,1,1,1,1.0,1,0.7030661805821393,0.1688462939721755,0.1688462939721755,1,1,1,1.0,1,0.7030661805821393,0.0,0.0,0,1,1,1.0,1,0.7030661805821393,0.0,0.0,0
bedroom,156,f0f07050-6651-4075-b2b2-5922d677247e_SecondBedroom-6847,bedroom_sgdiffusion_vq_objfeat_epoch_01999_relation_aware_parsed_floor_prior_max1.8_mesh_p2_close0.75_far1.6_eval_cfg1.0_1.0.json::f0f07050-6651-4075-b2b2-5922d677247e_SecondBedroom-6847,1,True,True,False,True,False,0.001188399997772649,1,baseline_rollback,3.0,3.0,3.0,0,1,0.0,5,2.740844526951684,0.0,0.0,0,0,1,0.0,5,2.740844526951684,0.0,0.0,0,0,1,0.0,5,2.740844526951684,0.0,0.0,0,0,1,0.0,5,2.740844526951684,0.0,0.0,0,0,1,0.0,5,2.740844526951684,0.0,0.0,0
bedroom,157,f7a3bd11-edb2-41ee-b15c-79730eba86b1_MasterBedroom-12183,bedroom_sgdiffusion_vq_objfeat_epoch_01999_relation_aware_parsed_floor_prior_max1.8_mesh_p2_close0.75_far1.6_eval_cfg1.0_1.0.json::f7a3bd11-edb2-41ee-b15c-79730eba86b1_MasterBedroom-12183,1,True,True,False,True,False,0.0012238999988767318,1,baseline_rollback,2.0,2.0,2.0,0,1,0.0,5,0.9198346686339804,0.0,0.0,0,0,1,0.0,5,0.9198346686339804,0.0,0.0,0,0,1,0.0,5,0.9198346686339804,0.0,0.0,0,0,1,0.0,5,0.9198346686339804,0.0,0.0,0,0,1,0.0,5,0.9198346686339804,0.0,0.0,0
bedroom,158,f9b7f141-b314-441a-8d8d-ba7a0227a483_Bedroom-8136,bedroom_sgdiffusion_vq_objfeat_epoch_01999_relation_aware_parsed_floor_prior_max1.8_mesh_p2_close0.75_far1.6_eval_cfg1.0_1.0.json::f9b7f141-b314-441a-8d8d-ba7a0227a483_Bedroom-8136,2,True,True,False,True,False,0.0009553999989293516,1,baseline_rollback,1.0,1.0,1.0,2,2,1.0,2,0.3831938321834395,0.0,0.0,0,2,2,1.0,2,0.3831938321834395,0.0,0.0,0,2,2,1.0,2,0.3831938321834395,0.0,0.0,0,2,2,1.0,2,0.3831938321834395,0.0,0.0,0,2,2,1.0,2,0.3831938321834395,0.0,0.0,0
bedroom,159,fd2905d1-64c4-4550-a118-3a5a9881c093_MasterBedroom-24714,bedroom_sgdiffusion_vq_objfeat_epoch_01999_relation_aware_parsed_floor_prior_max1.8_mesh_p2_close0.75_far1.6_eval_cfg1.0_1.0.json::fd2905d1-64c4-4550-a118-3a5a9881c093_MasterBedroom-24714,2,True,True,False,True,False,0.0008686000001034699,0,baseline_rollback,0.0,0.0,0.0,2,2,1.0,2,0.3824184099713088,0.0,0.0,0,2,2,1.0,2,0.3824184099713088,0.0,0.0,0,2,2,1.0,2,0.3824184099713088,0.0,0.0,0,2,2,1.0,2,0.3824184099713088,0.0,0.0,0,2,2,1.0,2,0.3824184099713088,0.0,0.0,0
bedroom,160,ff507d6c-aab0-476e-9f58-1f765cb8956e_Bedroom-13858,bedroom_sgdiffusion_vq_objfeat_epoch_01999_relation_aware_parsed_floor_prior_max1.8_mesh_p2_close0.75_far1.6_eval_cfg1.0_1.0.json::ff507d6c-aab0-476e-9f58-1f765cb8956e_Bedroom-13858,1,True,True,False,True,False,0.0008275999934994616,0,baseline_rollback,3.0,3.0,3.0,1,1,1.0,3,0.08669862350526208,0.0,0.0,0,1,1,1.0,3,0.08669862350526208,0.0,0.0,0,1,1,1.0,3,0.08669862350526208,0.0,0.0,0,1,1,1.0,3,0.08669862350526208,0.0,0.0,0,1,1,1.0,3,0.08669862350526208,0.0,0.0,0
bedroom,161,ffd98024-7200-429e-8b9a-1234a5937826_MasterBedroom-118,bedroom_sgdiffusion_vq_objfeat_epoch_01999_relation_aware_parsed_floor_prior_max1.8_mesh_p2_close0.75_far1.6_eval_cfg1.0_1.0.json::ffd98024-7200-429e-8b9a-1234a5937826_MasterBedroom-118,1,True,True,False,True,False,0.0005041000040364452,1,baseline_rollback,0.0,0.0,0.0,1,1,1.0,2,0.7841438484568092,0.0,0.0,0,1,1,1.0,2,0.7841438484568092,0.0,0.0,0,1,1,1.0,2,0.7841438484568092,0.0,0.0,0,1,1,1.0,2,0.7841438484568092,0.0,0.0,0,1,1,1.0,2,0.7841438484568092,0.0,0.0,0
diningroom,0,004f900c-468a-4f70-83cc-aa2c98875264_LivingDiningRoom-27430,diningroom_sgdiffusion_vq_objfeat_epoch_01239_relation_aware_parsed_floor_prior_max1.8_mesh_p2_close0.75_far1.6_eval_cfg1.0_1.0.json::004f900c-468a-4f70-83cc-aa2c98875264_LivingDiningRoom-27430,1,True,True,False,True,False,0.0021892000004299916,0,baseline_rollback,0.0,0.0,0.0,0,1,0.0,3,0.5932089769033543,0.0,0.0,0,0,1,0.0,3,0.5932089769033543,0.0,0.0,0,0,1,0.0,3,0.5932089769033543,0.0,0.0,0,0,1,0.0,3,0.5932089769033543,0.0,0.0,0,0,1,0.0,3,0.5932089769033543,0.0,0.0,0
diningroom,1,00fe8139-76e8-42b4-bb41-7f9f085ac351_DiningRoom-15534,diningroom_sgdiffusion_vq_objfeat_epoch_01239_relation_aware_parsed_floor_prior_max1.8_mesh_p2_close0.75_far1.6_eval_cfg1.0_1.0.json::00fe8139-76e8-42b4-bb41-7f9f085ac351_DiningRoom-15534,2,True,True,False,True,False,0.0011775000020861626,0,baseline_rollback,0.0,0.0,0.0,2,2,1.0,0,0.0,0.0,0.0,0,2,2,1.0,0,0.0,0.0,0.0,0,2,2,1.0,0,0.0,0.0,0.0,0,2,2,1.0,0,0.0,0.0,0.0,0,2,2,1.0,0,0.0,0.0,0.0,0
diningroom,2,0192a842-531c-419a-923e-28db4add8656_DiningRoom-31158,diningroom_sgdiffusion_vq_objfeat_epoch_01239_relation_aware_parsed_floor_prior_max1.8_mesh_p2_close0.75_far1.6_eval_cfg1.0_1.0.json::0192a842-531c-419a-923e-28db4add8656_DiningRoom-31158,1,True,True,False,True,False,0.002125699997122865,0,baseline_rollback,1.0,1.0,1.0,1,1,1.0,3,0.1379652790676328,0.0,0.0,0,1,1,1.0,3,0.1379652790676328,0.0,0.0,0,1,1,1.0,3,0.1379652790676328,0.0,0.0,0,1,1,1.0,3,0.1379652790676328,0.0,0.0,0,1,1,1.0,3,0.1379652790676328,0.0,0.0,0
diningroom,3,0419bc7b-5bd0-47fc-802a-69c21ee0c80b_LivingDiningRoom-33368,diningroom_sgdiffusion_vq_objfeat_epoch_01239_relation_aware_parsed_floor_prior_max1.8_mesh_p2_close0.75_far1.6_eval_cfg1.0_1.0.json::0419bc7b-5bd0-47fc-802a-69c21ee0c80b_LivingDiningRoom-33368,1,True,True,False,True,False,0.003207299996574875,1,baseline_rollback,7.0,7.0,7.0,0,1,0.0,16,3.798801769765935,0.0,0.0,0,0,1,0.0,16,3.798801769765935,0.0,0.0,0,0,1,0.0,16,3.798801769765935,0.0,0.0,0,0,1,0.0,16,3.798801769765935,0.0,0.0,0,0,1,0.0,16,3.798801769765935,0.0,0.0,0
diningroom,4,06a619f2-8939-4188-9eb3-ce01717de2b0_DiningRoom-197500,diningroom_sgdiffusion_vq_objfeat_epoch_01239_relation_aware_parsed_floor_prior_max1.8_mesh_p2_close0.75_far1.6_eval_cfg1.0_1.0.json::06a619f2-8939-4188-9eb3-ce01717de2b0_DiningRoom-197500,1,True,True,False,True,False,0.0016219000026467256,1,baseline_rollback,0.0,0.0,0.0,0,1,0.0,5,0.6201281054566059,0.0,0.0,0,0,1,0.0,5,0.6201281054566059,0.0,0.0,0,0,1,0.0,5,0.6201281054566059,0.0,0.0,0,0,1,0.0,5,0.6201281054566059,0.0,0.0,0,0,1,0.0,5,0.6201281054566059,0.0,0.0,0
diningroom,5,0878fcd8-0934-4298-87a2-9813bd4c19c2_DiningRoom-26805,diningroom_sgdiffusion_vq_objfeat_epoch_01239_relation_aware_parsed_floor_prior_max1.8_mesh_p2_close0.75_far1.6_eval_cfg1.0_1.0.json::0878fcd8-0934-4298-87a2-9813bd4c19c2_DiningRoom-26805,2,True,True,True,True,False,0.255415699997684,0,baseline_rollback,2.0,2.0,2.0,1,2,0.5,7,0.7543688527992389,0.0,0.0,0,0,2,0.0,2,0.12773103357361626,2.5676889193557906,1.353522238056352,2,0,2,0.0,2,0.12773103357361626,2.5676889193557906,1.716218819453657,2,1,2,0.5,7,0.7543688527992389,0.0,0.0,0,1,2,0.5,7,0.7543688527992389,0.0,0.0,0
diningroom,6,08c22a05-81e2-41f4-8e22-c707aa082bdd_DiningRoom-17995,diningroom_sgdiffusion_vq_objfeat_epoch_01239_relation_aware_parsed_floor_prior_max1.8_mesh_p2_close0.75_far1.6_eval_cfg1.0_1.0.json::08c22a05-81e2-41f4-8e22-c707aa082bdd_DiningRoom-17995,1,True,True,False,True,False,0.0032069000008050352,1,baseline_rollback,1.0,1.0,1.0,1,1,1.0,10,1.0267731909073161,0.0,0.0,0,1,1,1.0,10,1.0267731909073161,0.0,0.0,0,1,1,1.0,10,1.0267731909073161,0.0,0.0,0,1,1,1.0,10,1.0267731909073161,0.0,0.0,0,1,1,1.0,10,1.0267731909073161,0.0,0.0,0
diningroom,7,08cfec4b-56a0-43f0-8428-e31c210d8c6c_LivingDiningRoom-28046,diningroom_sgdiffusion_vq_objfeat_epoch_01239_relation_aware_parsed_floor_prior_max1.8_mesh_p2_close0.75_far1.6_eval_cfg1.0_1.0.json::08cfec4b-56a0-43f0-8428-e31c210d8c6c_LivingDiningRoom-28046,2,True,True,False,True,False,0.004890299998805858,0,baseline_rollback,1.0,1.0,1.0,2,2,1.0,15,2.6759162439169453,0.0,0.0,0,2,2,1.0,15,2.6759162439169453,0.0,0.0,0,2,2,1.0,15,2.6759162439169453,0.0,0.0,0,2,2,1.0,15,2.6759162439169453,0.0,0.0,0,2,2,1.0,15,2.6759162439169453,0.0,0.0,0
diningroom,8,0967e330-aa37-41d5-af14-04c9e8ea820c_LivingDiningRoom-629,diningroom_sgdiffusion_vq_objfeat_epoch_01239_relation_aware_parsed_floor_prior_max1.8_mesh_p2_close0.75_far1.6_eval_cfg1.0_1.0.json::0967e330-aa37-41d5-af14-04c9e8ea820c_LivingDiningRoom-629,2,True,True,False,True,False,0.002879799998481758,2,baseline_rollback,11.0,11.0,11.0,0,2,0.0,18,3.4849628985742633,0.0,0.0,0,0,2,0.0,18,3.4849628985742633,0.0,0.0,0,0,2,0.0,18,3.4849628985742633,0.0,0.0,0,0,2,0.0,18,3.4849628985742633,0.0,0.0,0,0,2,0.0,18,3.4849628985742633,0.0,0.0,0
diningroom,9,0a28563b-19e4-4d67-8130-9a87a547daf6_DiningRoom-16628,diningroom_sgdiffusion_vq_objfeat_epoch_01239_relation_aware_parsed_floor_prior_max1.8_mesh_p2_close0.75_far1.6_eval_cfg1.0_1.0.json::0a28563b-19e4-4d67-8130-9a87a547daf6_DiningRoom-16628,1,True,True,False,True,False,0.0012860000060754828,0,baseline_rollback,4.0,4.0,4.0,1,1,1.0,7,0.899451927378672,0.0,0.0,0,1,1,1.0,7,0.899451927378672,0.0,0.0,0,1,1,1.0,7,0.899451927378672,0.0,0.0,0,1,1,1.0,7,0.899451927378672,0.0,0.0,0,1,1,1.0,7,0.899451927378672,0.0,0.0,0
diningroom,10,0a77986b-5c04-41b9-8ee8-1ea301ccda3e_LivingDiningRoom-126918,diningroom_sgdiffusion_vq_objfeat_epoch_01239_relation_aware_parsed_floor_prior_max1.8_mesh_p2_close0.75_far1.6_eval_cfg1.0_1.0.json::0a77986b-5c04-41b9-8ee8-1ea301ccda3e_LivingDiningRoom-126918,1,True,True,False,True,False,0.0034823000023607165,0,baseline_rollback,4.0,4.0,4.0,1,1,1.0,6,0.8939509539257913,0.0,0.0,0,1,1,1.0,6,0.8939509539257913,0.0,0.0,0,1,1,1.0,6,0.8939509539257913,0.0,0.0,0,1,1,1.0,6,0.8939509539257913,0.0,0.0,0,1,1,1.0,6,0.8939509539257913,0.0,0.0,0
diningroom,11,0a9c667d-033d-448c-b17c-dc55e6d3c386_DiningRoom-11628,diningroom_sgdiffusion_vq_objfeat_epoch_01239_relation_aware_parsed_floor_prior_max1.8_mesh_p2_close0.75_far1.6_eval_cfg1.0_1.0.json::0a9c667d-033d-448c-b17c-dc55e6d3c386_DiningRoom-11628,2,True,True,False,True,False,0.0011787999974330887,1,baseline_rollback,0.0,0.0,0.0,1,2,0.5,5,1.6031097630559918,0.0,0.0,0,1,2,0.5,5,1.6031097630559918,0.0,0.0,0,1,2,0.5,5,1.6031097630559918,0.0,0.0,0,1,2,0.5,5,1.6031097630559918,0.0,0.0,0,1,2,0.5,5,1.6031097630559918,0.0,0.0,0
diningroom,12,0ec7ce97-e93d-4842-9c89-b947136bb393_DiningRoom-29864,diningroom_sgdiffusion_vq_objfeat_epoch_01239_relation_aware_parsed_floor_prior_max1.8_mesh_p2_close0.75_far1.6_eval_cfg1.0_1.0.json::0ec7ce97-e93d-4842-9c89-b947136bb393_DiningRoom-29864,2,True,True,False,True,False,0.001984200003789738,0,baseline_rollback,0.0,0.0,0.0,2,2,1.0,9,1.8334794911852275,0.0,0.0,0,2,2,1.0,9,1.8334794911852275,0.0,0.0,0,2,2,1.0,9,1.8334794911852275,0.0,0.0,0,2,2,1.0,9,1.8334794911852275,0.0,0.0,0,2,2,1.0,9,1.8334794911852275,0.0,0.0,0
diningroom,13,0f2b5258-2413-47c4-bbf6-106a74c1e1da_LivingDiningRoom-9790,diningroom_sgdiffusion_vq_objfeat_epoch_01239_relation_aware_parsed_floor_prior_max1.8_mesh_p2_close0.75_far1.6_eval_cfg1.0_1.0.json::0f2b5258-2413-47c4-bbf6-106a74c1e1da_LivingDiningRoom-9790,1,True,True,False,True,False,0.0030459000045084395,0,baseline_rollback,2.0,2.0,2.0,1,1,1.0,6,1.2762694905865537,0.0,0.0,0,1,1,1.0,6,1.2762694905865537,0.0,0.0,0,1,1,1.0,6,1.2762694905865537,0.0,0.0,0,1,1,1.0,6,1.2762694905865537,0.0,0.0,0,1,1,1.0,6,1.2762694905865537,0.0,0.0,0
diningroom,14,11eb078d-7eee-4c82-a748-34a7e2c6c7f4_LivingDiningRoom-9028,diningroom_sgdiffusion_vq_objfeat_epoch_01239_relation_aware_parsed_floor_prior_max1.8_mesh_p2_close0.75_far1.6_eval_cfg1.0_1.0.json::11eb078d-7eee-4c82-a748-34a7e2c6c7f4_LivingDiningRoom-9028,2,True,True,False,True,False,0.006971499999053776,1,baseline_rollback,2.0,2.0,2.0,2,2,1.0,10,1.8031660734771437,0.0,0.0,0,2,2,1.0,10,1.8031660734771437,0.0,0.0,0,2,2,1.0,10,1.8031660734771437,0.0,0.0,0,2,2,1.0,10,1.8031660734771437,0.0,0.0,0,2,2,1.0,10,1.8031660734771437,0.0,0.0,0
diningroom,15,1426a7e7-7805-43ca-b258-05c9b637375a_DiningRoom-2817,diningroom_sgdiffusion_vq_objfeat_epoch_01239_relation_aware_parsed_floor_prior_max1.8_mesh_p2_close0.75_far1.6_eval_cfg1.0_1.0.json::1426a7e7-7805-43ca-b258-05c9b637375a_DiningRoom-2817,1,True,True,False,True,False,0.0028037000010954216,0,baseline_rollback,5.0,5.0,5.0,0,1,0.0,11,1.1509628277059056,0.0,0.0,0,0,1,0.0,11,1.1509628277059056,0.0,0.0,0,0,1,0.0,11,1.1509628277059056,0.0,0.0,0,0,1,0.0,11,1.1509628277059056,0.0,0.0,0,0,1,0.0,11,1.1509628277059056,0.0,0.0,0
diningroom,16,15bed03e-d66d-4da2-8b8f-7dacde3d3d8b_DiningRoom-35065,diningroom_sgdiffusion_vq_objfeat_epoch_01239_relation_aware_parsed_floor_prior_max1.8_mesh_p2_close0.75_far1.6_eval_cfg1.0_1.0.json::15bed03e-d66d-4da2-8b8f-7dacde3d3d8b_DiningRoom-35065,2,True,True,False,True,False,0.0014766000022063963,0,baseline_rollback,0.0,0.0,0.0,2,2,1.0,2,0.429730829148,0.0,0.0,0,2,2,1.0,2,0.429730829148,0.0,0.0,0,2,2,1.0,2,0.429730829148,0.0,0.0,0,2,2,1.0,2,0.429730829148,0.0,0.0,0,2,2,1.0,2,0.429730829148,0.0,0.0,0
diningroom,17,1638a636-f721-497f-930e-d141752cd5c9_LivingDiningRoom-37405,diningroom_sgdiffusion_vq_objfeat_epoch_01239_relation_aware_parsed_floor_prior_max1.8_mesh_p2_close0.75_far1.6_eval_cfg1.0_1.0.json::1638a636-f721-497f-930e-d141752cd5c9_LivingDiningRoom-37405,2,True,True,True,True,True,0.20281819999945583,1,warm_start,7.0,5.0,5.0,0,2,0.0,11,1.4044678818066472,0.0,0.0,0,1,2,0.5,7,0.34575858171219426,1.1219334852845977,1.1219334852845977,1,0,2,0.0,9,1.3189836038001426,1.1219334852845977,1.1219334852845977,1,1,2,0.5,7,0.34575858171219426,1.1219334852845977,1.1219334852845977,1,1,2,0.5,7,0.34575858171219426,1.1219334852845977,1.1219334852845977,1
diningroom,18,1658b9ab-c1db-492f-8094-b12c44939e3d_DiningRoom-88173,diningroom_sgdiffusion_vq_objfeat_epoch_01239_relation_aware_parsed_floor_prior_max1.8_mesh_p2_close0.75_far1.6_eval_cfg1.0_1.0.json::1658b9ab-c1db-492f-8094-b12c44939e3d_DiningRoom-88173,1,True,True,False,True,False,0.0011722999988705851,0,baseline_rollback,0.0,0.0,0.0,1,1,1.0,1,0.694630649112878,0.0,0.0,0,1,1,1.0,1,0.694630649112878,0.0,0.0,0,1,1,1.0,1,0.694630649112878,0.0,0.0,0,1,1,1.0,1,0.694630649112878,0.0,0.0,0,1,1,1.0,1,0.694630649112878,0.0,0.0,0
diningroom,19,17ebf486-2858-4fdd-8cf8-92779089a6ae_DiningRoom-35093,diningroom_sgdiffusion_vq_objfeat_epoch_01239_relation_aware_parsed_floor_prior_max1.8_mesh_p2_close0.75_far1.6_eval_cfg1.0_1.0.json::17ebf486-2858-4fdd-8cf8-92779089a6ae_DiningRoom-35093,2,True,True,False,True,False,0.0027394999997341074,0,baseline_rollback,0.0,0.0,0.0,2,2,1.0,2,0.02172065412264181,0.0,0.0,0,2,2,1.0,2,0.02172065412264181,0.0,0.0,0,2,2,1.0,2,0.02172065412264181,0.0,0.0,0,2,2,1.0,2,0.02172065412264181,0.0,0.0,0,2,2,1.0,2,0.02172065412264181,0.0,0.0,0
diningroom,20,181ecd38-5ccd-45e9-a7ec-2c79f5b58e07_LivingDiningRoom-13945,diningroom_sgdiffusion_vq_objfeat_epoch_01239_relation_aware_parsed_floor_prior_max1.8_mesh_p2_close0.75_far1.6_eval_cfg1.0_1.0.json::181ecd38-5ccd-45e9-a7ec-2c79f5b58e07_LivingDiningRoom-13945,2,True,True,False,True,False,0.0031720000042696483,0,baseline_rollback,2.0,2.0,2.0,2,2,1.0,8,1.3270871646715987,0.0,0.0,0,2,2,1.0,8,1.3270871646715987,0.0,0.0,0,2,2,1.0,8,1.3270871646715987,0.0,0.0,0,2,2,1.0,8,1.3270871646715987,0.0,0.0,0,2,2,1.0,8,1.3270871646715987,0.0,0.0,0
diningroom,21,181fa1b2-dd7a-43c3-b09c-163924bb37de_LivingDiningRoom-758,diningroom_sgdiffusion_vq_objfeat_epoch_01239_relation_aware_parsed_floor_prior_max1.8_mesh_p2_close0.75_far1.6_eval_cfg1.0_1.0.json::181fa1b2-dd7a-43c3-b09c-163924bb37de_LivingDiningRoom-758,1,True,True,False,True,False,0.004468200000701472,0,baseline_rollback,4.0,4.0,4.0,1,1,1.0,9,1.0130230756778518,0.0,0.0,0,1,1,1.0,9,1.0130230756778518,0.0,0.0,0,1,1,1.0,9,1.0130230756778518,0.0,0.0,0,1,1,1.0,9,1.0130230756778518,0.0,0.0,0,1,1,1.0,9,1.0130230756778518,0.0,0.0,0
diningroom,22,198eb9ec-9059-4e26-958e-dc8fb8187713_LivingDiningRoom-15286,diningroom_sgdiffusion_vq_objfeat_epoch_01239_relation_aware_parsed_floor_prior_max1.8_mesh_p2_close0.75_far1.6_eval_cfg1.0_1.0.json::198eb9ec-9059-4e26-958e-dc8fb8187713_LivingDiningRoom-15286,1,True,True,False,True,False,0.0027762999961851165,0,baseline_rollback,1.0,1.0,1.0,1,1,1.0,7,1.8502185272778149,0.0,0.0,0,1,1,1.0,7,1.8502185272778149,0.0,0.0,0,1,1,1.0,7,1.8502185272778149,0.0,0.0,0,1,1,1.0,7,1.8502185272778149,0.0,0.0,0,1,1,1.0,7,1.8502185272778149,0.0,0.0,0
diningroom,23,1cf94f82-50bc-4805-94d5-a8b52b66be31_LivingDiningRoom-54997,diningroom_sgdiffusion_vq_objfeat_epoch_01239_relation_aware_parsed_floor_prior_max1.8_mesh_p2_close0.75_far1.6_eval_cfg1.0_1.0.json::1cf94f82-50bc-4805-94d5-a8b52b66be31_LivingDiningRoom-54997,2,True,True,False,True,False,0.009224599998560734,1,baseline_rollback,4.0,4.0,4.0,1,2,0.5,10,2.053790675045209,0.0,0.0,0,1,2,0.5,10,2.053790675045209,0.0,0.0,0,1,2,0.5,10,2.053790675045209,0.0,0.0,0,1,2,0.5,10,2.053790675045209,0.0,0.0,0,1,2,0.5,10,2.053790675045209,0.0,0.0,0
diningroom,24,1db2e62e-6516-47da-bc4d-6469ba619d2f_LivingDiningRoom-1654,diningroom_sgdiffusion_vq_objfeat_epoch_01239_relation_aware_parsed_floor_prior_max1.8_mesh_p2_close0.75_far1.6_eval_cfg1.0_1.0.json::1db2e62e-6516-47da-bc4d-6469ba619d2f_LivingDiningRoom-1654,1,True,True,False,True,False,0.004648600006476045,0,baseline_rollback,5.0,5.0,5.0,1,1,1.0,9,0.9380798091170834,0.0,0.0,0,1,1,1.0,9,0.9380798091170834,0.0,0.0,0,1,1,1.0,9,0.9380798091170834,0.0,0.0,0,1,1,1.0,9,0.9380798091170834,0.0,0.0,0,1,1,1.0,9,0.9380798091170834,0.0,0.0,0
diningroom,25,1fb8e3cb-c6be-4933-bcae-8e24c6c5fb61_DiningRoom-10302,diningroom_sgdiffusion_vq_objfeat_epoch_01239_relation_aware_parsed_floor_prior_max1.8_mesh_p2_close0.75_far1.6_eval_cfg1.0_1.0.json::1fb8e3cb-c6be-4933-bcae-8e24c6c5fb61_DiningRoom-10302,1,True,True,True,True,False,0.05505489999632118,0,baseline_rollback,2.0,0.0,2.0,1,1,1.0,4,0.3932110568385554,0.0,0.0,0,1,1,1.0,4,0.2416893960095163,0.4096753400185641,0.4096753400185641,1,1,1,1.0,4,0.3932110568385554,0.40967534001856404,0.40967534001856404,1,1,1,1.0,4,0.3932110568385554,0.0,0.0,0,1,1,1.0,4,0.3932110568385554,0.0,0.0,0
diningroom,26,20e0f217-6f5a-4a9b-a9a2-5c1eef113c79_LivingDiningRoom-25199,diningroom_sgdiffusion_vq_objfeat_epoch_01239_relation_aware_parsed_floor_prior_max1.8_mesh_p2_close0.75_far1.6_eval_cfg1.0_1.0.json::20e0f217-6f5a-4a9b-a9a2-5c1eef113c79_LivingDiningRoom-25199,2,True,True,False,True,False,0.005310300002747681,2,baseline_rollback,9.0,9.0,9.0,0,2,0.0,10,1.4280877952016207,0.0,0.0,0,0,2,0.0,10,1.4280877952016207,0.0,0.0,0,0,2,0.0,10,1.4280877952016207,0.0,0.0,0,0,2,0.0,10,1.4280877952016207,0.0,0.0,0,0,2,0.0,10,1.4280877952016207,0.0,0.0,0
diningroom,27,20e5f2e7-ab26-4119-b16a-5b7282ee0a70_DiningRoom-113004,diningroom_sgdiffusion_vq_objfeat_epoch_01239_relation_aware_parsed_floor_prior_max1.8_mesh_p2_close0.75_far1.6_eval_cfg1.0_1.0.json::20e5f2e7-ab26-4119-b16a-5b7282ee0a70_DiningRoom-113004,2,True,True,False,True,False,0.000909099995624274,1,baseline_rollback,0.0,0.0,0.0,0,2,0.0,1,0.694630649112878,0.0,0.0,0,0,2,0.0,1,0.694630649112878,0.0,0.0,0,0,2,0.0,1,0.694630649112878,0.0,0.0,0,0,2,0.0,1,0.694630649112878,0.0,0.0,0,0,2,0.0,1,0.694630649112878,0.0,0.0,0
diningroom,28,21569333-a837-4228-9440-bfbaf37cd57e_DiningRoom-22384,diningroom_sgdiffusion_vq_objfeat_epoch_01239_relation_aware_parsed_floor_prior_max1.8_mesh_p2_close0.75_far1.6_eval_cfg1.0_1.0.json::21569333-a837-4228-9440-bfbaf37cd57e_DiningRoom-22384,2,True,True,False,True,False,0.0009593000067980029,0,baseline_rollback,0.0,0.0,0.0,1,2,0.5,1,0.2817311131200003,0.0,0.0,0,1,2,0.5,1,0.2817311131200003,0.0,0.0,0,1,2,0.5,1,0.2817311131200003,0.0,0.0,0,1,2,0.5,1,0.2817311131200003,0.0,0.0,0,1,2,0.5,1,0.2817311131200003,0.0,0.0,0
diningroom,29,2160a773-b01f-4521-9771-c8dcb024f203_DiningRoom-11145,diningroom_sgdiffusion_vq_objfeat_epoch_01239_relation_aware_parsed_floor_prior_max1.8_mesh_p2_close0.75_far1.6_eval_cfg1.0_1.0.json::2160a773-b01f-4521-9771-c8dcb024f203_DiningRoom-11145,2,True,True,False,True,False,0.002106100000673905,1,baseline_rollback,1.0,1.0,1.0,0,2,0.0,11,1.5768879169323384,0.0,0.0,0,0,2,0.0,11,1.5768879169323384,0.0,0.0,0,0,2,0.0,11,1.5768879169323384,0.0,0.0,0,0,2,0.0,11,1.5768879169323384,0.0,0.0,0,0,2,0.0,11,1.5768879169323384,0.0,0.0,0
diningroom,30,22029510-ee86-4d46-9182-b4f56a0d8f91_DiningRoom-10559,diningroom_sgdiffusion_vq_objfeat_epoch_01239_relation_aware_parsed_floor_prior_max1.8_mesh_p2_close0.75_far1.6_eval_cfg1.0_1.0.json::22029510-ee86-4d46-9182-b4f56a0d8f91_DiningRoom-10559,2,True,True,False,True,False,0.0017942000049515627,0,baseline_rollback,6.0,6.0,6.0,2,2,1.0,7,0.847860152210167,0.0,0.0,0,2,2,1.0,7,0.847860152210167,0.0,0.0,0,2,2,1.0,7,0.847860152210167,0.0,0.0,0,2,2,1.0,7,0.847860152210167,0.0,0.0,0,2,2,1.0,7,0.847860152210167,0.0,0.0,0
diningroom,31,22993c56-81b4-49c2-b0d5-3d5a0565067b_DiningRoom-85692,diningroom_sgdiffusion_vq_objfeat_epoch_01239_relation_aware_parsed_floor_prior_max1.8_mesh_p2_close0.75_far1.6_eval_cfg1.0_1.0.json::22993c56-81b4-49c2-b0d5-3d5a0565067b_DiningRoom-85692,1,True,True,False,True,False,0.005295599999953993,0,baseline_rollback,5.0,5.0,5.0,1,1,1.0,14,2.114116246575884,0.0,0.0,0,1,1,1.0,14,2.114116246575884,0.0,0.0,0,1,1,1.0,14,2.114116246575884,0.0,0.0,0,1,1,1.0,14,2.114116246575884,0.0,0.0,0,1,1,1.0,14,2.114116246575884,0.0,0.0,0
diningroom,32,234f5661-8d9e-499b-ae27-ee5dfe702e56_LivingDiningRoom-40062,diningroom_sgdiffusion_vq_objfeat_epoch_01239_relation_aware_parsed_floor_prior_max1.8_mesh_p2_close0.75_far1.6_eval_cfg1.0_1.0.json::234f5661-8d9e-499b-ae27-ee5dfe702e56_LivingDiningRoom-40062,2,True,False,False,True,False,0.0029800999982398935,0,baseline_rollback,3.0,3.0,3.0,1,2,0.5,12,1.9347687633305444,0.0,0.0,0,1,2,0.5,12,1.9347687633305444,0.0,0.0,0,1,2,0.5,12,1.9347687633305444,0.0,0.0,0,1,2,0.5,12,1.9347687633305444,0.0,0.0,0,1,2,0.5,12,1.9347687633305444,0.0,0.0,0
diningroom,33,2439fa78-a76a-4e6b-acfc-26758a938472_LivingDiningRoom-13186,diningroom_sgdiffusion_vq_objfeat_epoch_01239_relation_aware_parsed_floor_prior_max1.8_mesh_p2_close0.75_far1.6_eval_cfg1.0_1.0.json::2439fa78-a76a-4e6b-acfc-26758a938472_LivingDiningRoom-13186,1,True,True,False,True,False,0.003960499998356681,1,baseline_rollback,6.0,6.0,6.0,0,1,0.0,17,3.600665487421105,0.0,0.0,0,0,1,0.0,17,3.600665487421105,0.0,0.0,0,0,1,0.0,17,3.600665487421105,0.0,0.0,0,0,1,0.0,17,3.600665487421105,0.0,0.0,0,0,1,0.0,17,3.600665487421105,0.0,0.0,0
diningroom,34,247908e3-d84d-4743-9e31-a783464dd4ec_LivingDiningRoom-45341,diningroom_sgdiffusion_vq_objfeat_epoch_01239_relation_aware_parsed_floor_prior_max1.8_mesh_p2_close0.75_far1.6_eval_cfg1.0_1.0.json::247908e3-d84d-4743-9e31-a783464dd4ec_LivingDiningRoom-45341,1,True,True,False,True,False,0.006638400001975242,1,baseline_rollback,15.0,15.0,15.0,0,1,0.0,16,2.42265442772726,0.0,0.0,0,0,1,0.0,16,2.42265442772726,0.0,0.0,0,0,1,0.0,16,2.42265442772726,0.0,0.0,0,0,1,0.0,16,2.42265442772726,0.0,0.0,0,0,1,0.0,16,2.42265442772726,0.0,0.0,0
diningroom,35,2513701f-f5ab-41b5-9d0b-af10956551bf_DiningRoom-12866,diningroom_sgdiffusion_vq_objfeat_epoch_01239_relation_aware_parsed_floor_prior_max1.8_mesh_p2_close0.75_far1.6_eval_cfg1.0_1.0.json::2513701f-f5ab-41b5-9d0b-af10956551bf_DiningRoom-12866,2,True,True,False,True,False,0.004312099998060148,0,baseline_rollback,1.0,1.0,1.0,1,2,0.5,12,1.2407816459814671,0.0,0.0,0,1,2,0.5,12,1.2407816459814671,0.0,0.0,0,1,2,0.5,12,1.2407816459814671,0.0,0.0,0,1,2,0.5,12,1.2407816459814671,0.0,0.0,0,1,2,0.5,12,1.2407816459814671,0.0,0.0,0
diningroom,36,256d7c62-a550-4dd1-a57b-541a2260bff2_DiningRoom-9824,diningroom_sgdiffusion_vq_objfeat_epoch_01239_relation_aware_parsed_floor_prior_max1.8_mesh_p2_close0.75_far1.6_eval_cfg1.0_1.0.json::256d7c62-a550-4dd1-a57b-541a2260bff2_DiningRoom-9824,2,True,True,False,True,False,0.0016093000012915581,0,baseline_rollback,1.0,1.0,1.0,2,2,1.0,13,3.798365827893072,0.0,0.0,0,2,2,1.0,13,3.798365827893072,0.0,0.0,0,2,2,1.0,13,3.798365827893072,0.0,0.0,0,2,2,1.0,13,3.798365827893072,0.0,0.0,0,2,2,1.0,13,3.798365827893072,0.0,0.0,0
diningroom,37,26146707-fd21-4520-b1fb-2ff93b2560e3_LivingDiningRoom-15610,diningroom_sgdiffusion_vq_objfeat_epoch_01239_relation_aware_parsed_floor_prior_max1.8_mesh_p2_close0.75_far1.6_eval_cfg1.0_1.0.json::26146707-fd21-4520-b1fb-2ff93b2560e3_LivingDiningRoom-15610,0,True,True,False,True,False,0.0033547999992151745,0,baseline_rollback,5.0,5.0,5.0,0,0,0.0,7,1.3087074343347342,0.0,0.0,0,0,0,0.0,7,1.3087074343347342,0.0,0.0,0,0,0,0.0,7,1.3087074343347342,0.0,0.0,0,0,0,0.0,7,1.3087074343347342,0.0,0.0,0,0,0,0.0,7,1.3087074343347342,0.0,0.0,0
diningroom,38,2812fec5-928d-4c55-abca-f805e9717739_DiningRoom-88590,diningroom_sgdiffusion_vq_objfeat_epoch_01239_relation_aware_parsed_floor_prior_max1.8_mesh_p2_close0.75_far1.6_eval_cfg1.0_1.0.json::2812fec5-928d-4c55-abca-f805e9717739_DiningRoom-88590,2,True,True,False,True,False,0.0013051999994786456,1,baseline_rollback,1.0,1.0,1.0,0,2,0.0,7,1.616029413581123,0.0,0.0,0,0,2,0.0,7,1.616029413581123,0.0,0.0,0,0,2,0.0,7,1.616029413581123,0.0,0.0,0,0,2,0.0,7,1.616029413581123,0.0,0.0,0,0,2,0.0,7,1.616029413581123,0.0,0.0,0
diningroom,39,2b7bdb1f-48bf-4987-a420-b3887e7c4a2c_LivingDiningRoom-46222,diningroom_sgdiffusion_vq_objfeat_epoch_01239_relation_aware_parsed_floor_prior_max1.8_mesh_p2_close0.75_far1.6_eval_cfg1.0_1.0.json::2b7bdb1f-48bf-4987-a420-b3887e7c4a2c_LivingDiningRoom-46222,2,True,True,True,True,True,0.23053239999717334,0,warm_start,0.0,0.0,0.0,0,2,0.0,2,0.2540318033134473,0.0,0.0,0,2,2,1.0,2,0.2540318033134473,0.605384828195169,0.605384828195169,1,0,2,0.0,2,0.2540318033134473,0.6053848281951691,0.6053848281951691,1,2,2,1.0,2,0.2540318033134473,0.605384828195169,0.605384828195169,1,2,2,1.0,2,0.2540318033134473,0.605384828195169,0.605384828195169,1
diningroom,40,2deeee08-d427-4827-93cf-4314c594d488_LivingDiningRoom-20192,diningroom_sgdiffusion_vq_objfeat_epoch_01239_relation_aware_parsed_floor_prior_max1.8_mesh_p2_close0.75_far1.6_eval_cfg1.0_1.0.json::2deeee08-d427-4827-93cf-4314c594d488_LivingDiningRoom-20192,1,True,True,False,True,False,0.003368199999385979,0,baseline_rollback,2.0,2.0,2.0,1,1,1.0,10,3.416563430550648,0.0,0.0,0,1,1,1.0,10,3.416563430550648,0.0,0.0,0,1,1,1.0,10,3.416563430550648,0.0,0.0,0,1,1,1.0,10,3.416563430550648,0.0,0.0,0,1,1,1.0,10,3.416563430550648,0.0,0.0,0
diningroom,41,312b2349-10f9-4ff3-bbee-ae179761c21d_DiningRoom-7217,diningroom_sgdiffusion_vq_objfeat_epoch_01239_relation_aware_parsed_floor_prior_max1.8_mesh_p2_close0.75_far1.6_eval_cfg1.0_1.0.json::312b2349-10f9-4ff3-bbee-ae179761c21d_DiningRoom-7217,1,True,False,False,True,False,0.0009078000002773479,0,baseline_rollback,1.0,1.0,1.0,0,1,0.0,4,0.5618560085852069,0.0,0.0,0,0,1,0.0,4,0.5618560085852069,0.0,0.0,0,0,1,0.0,4,0.5618560085852069,0.0,0.0,0,0,1,0.0,4,0.5618560085852069,0.0,0.0,0,0,1,0.0,4,0.5618560085852069,0.0,0.0,0
diningroom,42,328ada87-9de8-4283-879d-58bffe5eb37a_LivingDiningRoom-5343,diningroom_sgdiffusion_vq_objfeat_epoch_01239_relation_aware_parsed_floor_prior_max1.8_mesh_p2_close0.75_far1.6_eval_cfg1.0_1.0.json::328ada87-9de8-4283-879d-58bffe5eb37a_LivingDiningRoom-5343,1,True,True,False,True,False,0.002329700000700541,1,baseline_rollback,5.0,5.0,5.0,0,1,0.0,7,1.3077681419011713,0.0,0.0,0,0,1,0.0,7,1.3077681419011713,0.0,0.0,0,0,1,0.0,7,1.3077681419011713,0.0,0.0,0,0,1,0.0,7,1.3077681419011713,0.0,0.0,0,0,1,0.0,7,1.3077681419011713,0.0,0.0,0
diningroom,43,33635b59-7c01-4e50-8c68-a401b3563182_LivingDiningRoom-10681,diningroom_sgdiffusion_vq_objfeat_epoch_01239_relation_aware_parsed_floor_prior_max1.8_mesh_p2_close0.75_far1.6_eval_cfg1.0_1.0.json::33635b59-7c01-4e50-8c68-a401b3563182_LivingDiningRoom-10681,1,True,True,False,True,False,0.003136799998173956,0,baseline_rollback,2.0,2.0,2.0,0,1,0.0,10,1.628144729518723,0.0,0.0,0,0,1,0.0,10,1.628144729518723,0.0,0.0,0,0,1,0.0,10,1.628144729518723,0.0,0.0,0,0,1,0.0,10,1.628144729518723,0.0,0.0,0,0,1,0.0,10,1.628144729518723,0.0,0.0,0
diningroom,44,350388e2-7c93-45e9-bcc8-6a0a5165dab0_LivingDiningRoom-34640,diningroom_sgdiffusion_vq_objfeat_epoch_01239_relation_aware_parsed_floor_prior_max1.8_mesh_p2_close0.75_far1.6_eval_cfg1.0_1.0.json::350388e2-7c93-45e9-bcc8-6a0a5165dab0_LivingDiningRoom-34640,1,True,False,False,True,False,0.002555800005211495,0,baseline_rollback,0.0,0.0,0.0,0,1,0.0,12,1.9954771364728239,0.0,0.0,0,0,1,0.0,12,1.9954771364728239,0.0,0.0,0,0,1,0.0,12,1.9954771364728239,0.0,0.0,0,0,1,0.0,12,1.9954771364728239,0.0,0.0,0,0,1,0.0,12,1.9954771364728239,0.0,0.0,0
diningroom,45,35970ff6-4588-4bcf-8461-16448f1d0650_LivingDiningRoom-233,diningroom_sgdiffusion_vq_objfeat_epoch_01239_relation_aware_parsed_floor_prior_max1.8_mesh_p2_close0.75_far1.6_eval_cfg1.0_1.0.json::35970ff6-4588-4bcf-8461-16448f1d0650_LivingDiningRoom-233,0,True,True,False,True,False,0.0037683999980799854,0,baseline_rollback,5.0,5.0,5.0,0,0,0.0,6,0.5530457547109671,0.0,0.0,0,0,0,0.0,6,0.5530457547109671,0.0,0.0,0,0,0,0.0,6,0.5530457547109671,0.0,0.0,0,0,0,0.0,6,0.5530457547109671,0.0,0.0,0,0,0,0.0,6,0.5530457547109671,0.0,0.0,0
diningroom,46,36c2c33b-73f2-47d5-881e-2fa359198b9a_LivingDiningRoom-35401,diningroom_sgdiffusion_vq_objfeat_epoch_01239_relation_aware_parsed_floor_prior_max1.8_mesh_p2_close0.75_far1.6_eval_cfg1.0_1.0.json::36c2c33b-73f2-47d5-881e-2fa359198b9a_LivingDiningRoom-35401,1,True,True,False,True,False,0.0016039999973145314,0,baseline_rollback,0.0,0.0,0.0,1,1,1.0,5,0.14061054864017372,0.0,0.0,0,1,1,1.0,5,0.14061054864017372,0.0,0.0,0,1,1,1.0,5,0.14061054864017372,0.0,0.0,0,1,1,1.0,5,0.14061054864017372,0.0,0.0,0,1,1,1.0,5,0.14061054864017372,0.0,0.0,0
diningroom,47,37fee753-1c40-4784-ab50-4f5d72df6f65_DiningRoom-19325,diningroom_sgdiffusion_vq_objfeat_epoch_01239_relation_aware_parsed_floor_prior_max1.8_mesh_p2_close0.75_far1.6_eval_cfg1.0_1.0.json::37fee753-1c40-4784-ab50-4f5d72df6f65_DiningRoom-19325,2,True,False,False,True,False,0.002238100001704879,1,baseline_rollback,1.0,1.0,1.0,1,2,0.5,10,1.4068731503898475,0.0,0.0,0,1,2,0.5,10,1.4068731503898475,0.0,0.0,0,1,2,0.5,10,1.4068731503898475,0.0,0.0,0,1,2,0.5,10,1.4068731503898475,0.0,0.0,0,1,2,0.5,10,1.4068731503898475,0.0,0.0,0
diningroom,48,3c47589f-313d-4bac-abee-830161a278f0_LivingDiningRoom-109935,diningroom_sgdiffusion_vq_objfeat_epoch_01239_relation_aware_parsed_floor_prior_max1.8_mesh_p2_close0.75_far1.6_eval_cfg1.0_1.0.json::3c47589f-313d-4bac-abee-830161a278f0_LivingDiningRoom-109935,0,True,True,False,True,False,0.0035152000054949895,0,baseline_rollback,6.0,6.0,6.0,0,0,0.0,9,1.4116269133054966,0.0,0.0,0,0,0,0.0,9,1.4116269133054966,0.0,0.0,0,0,0,0.0,9,1.4116269133054966,0.0,0.0,0,0,0,0.0,9,1.4116269133054966,0.0,0.0,0,0,0,0.0,9,1.4116269133054966,0.0,0.0,0
diningroom,49,3c7b86d5-3af6-4748-b9a1-cf45b85b1d1b_DiningRoom-27933,diningroom_sgdiffusion_vq_objfeat_epoch_01239_relation_aware_parsed_floor_prior_max1.8_mesh_p2_close0.75_far1.6_eval_cfg1.0_1.0.json::3c7b86d5-3af6-4748-b9a1-cf45b85b1d1b_DiningRoom-27933,1,True,True,False,True,False,0.0010747999986051582,1,baseline_rollback,1.0,1.0,1.0,0,1,0.0,4,0.5283112331340829,0.0,0.0,0,0,1,0.0,4,0.5283112331340829,0.0,0.0,0,0,1,0.0,4,0.5283112331340829,0.0,0.0,0,0,1,0.0,4,0.5283112331340829,0.0,0.0,0,0,1,0.0,4,0.5283112331340829,0.0,0.0,0
diningroom,50,3e038beb-1cf4-4a16-8775-cf225873aca9_LivingDiningRoom-8049,diningroom_sgdiffusion_vq_objfeat_epoch_01239_relation_aware_parsed_floor_prior_max1.8_mesh_p2_close0.75_far1.6_eval_cfg1.0_1.0.json::3e038beb-1cf4-4a16-8775-cf225873aca9_LivingDiningRoom-8049,1,True,True,False,True,False,0.0020975000006728806,0,baseline_rollback,0.0,0.0,0.0,0,1,0.0,8,0.7402986153911137,0.0,0.0,0,0,1,0.0,8,0.7402986153911137,0.0,0.0,0,0,1,0.0,8,0.7402986153911137,0.0,0.0,0,0,1,0.0,8,0.7402986153911137,0.0,0.0,0,0,1,0.0,8,0.7402986153911137,0.0,0.0,0
diningroom,51,3fc88ba8-7ea3-4653-892f-83667812c78a_LivingDiningRoom-76396,diningroom_sgdiffusion_vq_objfeat_epoch_01239_relation_aware_parsed_floor_prior_max1.8_mesh_p2_close0.75_far1.6_eval_cfg1.0_1.0.json::3fc88ba8-7ea3-4653-892f-83667812c78a_LivingDiningRoom-76396,1,True,True,False,True,False,0.00517039999976987,0,baseline_rollback,3.0,3.0,3.0,1,1,1.0,11,2.1848764236814,0.0,0.0,0,1,1,1.0,11,2.1848764236814,0.0,0.0,0,1,1,1.0,11,2.1848764236814,0.0,0.0,0,1,1,1.0,11,2.1848764236814,0.0,0.0,0,1,1,1.0,11,2.1848764236814,0.0,0.0,0
diningroom,52,3fde61aa-d606-4c6a-8c79-0762d11cd33b_LivingDiningRoom-61638,diningroom_sgdiffusion_vq_objfeat_epoch_01239_relation_aware_parsed_floor_prior_max1.8_mesh_p2_close0.75_far1.6_eval_cfg1.0_1.0.json::3fde61aa-d606-4c6a-8c79-0762d11cd33b_LivingDiningRoom-61638,1,True,True,False,True,False,0.005187400005524978,0,baseline_rollback,2.0,2.0,2.0,0,1,0.0,10,1.2102926860370236,0.0,0.0,0,0,1,0.0,10,1.2102926860370236,0.0,0.0,0,0,1,0.0,10,1.2102926860370236,0.0,0.0,0,0,1,0.0,10,1.2102926860370236,0.0,0.0,0,0,1,0.0,10,1.2102926860370236,0.0,0.0,0
diningroom,53,401a9c00-571c-491d-a2c6-2201b964ca79_LivingDiningRoom-18728,diningroom_sgdiffusion_vq_objfeat_epoch_01239_relation_aware_parsed_floor_prior_max1.8_mesh_p2_close0.75_far1.6_eval_cfg1.0_1.0.json::401a9c00-571c-491d-a2c6-2201b964ca79_LivingDiningRoom-18728,2,True,True,False,True,False,0.0024746000053710304,0,baseline_rollback,1.0,1.0,1.0,1,2,0.5,7,0.7793500711371544,0.0,0.0,0,1,2,0.5,7,0.7793500711371544,0.0,0.0,0,1,2,0.5,7,0.7793500711371544,0.0,0.0,0,1,2,0.5,7,0.7793500711371544,0.0,0.0,0,1,2,0.5,7,0.7793500711371544,0.0,0.0,0
diningroom,54,43907bbc-4b39-4f1a-8747-3287c8bce690_LivingDiningRoom-46747,diningroom_sgdiffusion_vq_objfeat_epoch_01239_relation_aware_parsed_floor_prior_max1.8_mesh_p2_close0.75_far1.6_eval_cfg1.0_1.0.json::43907bbc-4b39-4f1a-8747-3287c8bce690_LivingDiningRoom-46747,2,True,True,False,True,False,0.0049307000008411705,2,baseline_rollback,5.0,5.0,5.0,0,2,0.0,8,0.9330825463718877,0.0,0.0,0,0,2,0.0,8,0.9330825463718877,0.0,0.0,0,0,2,0.0,8,0.9330825463718877,0.0,0.0,0,0,2,0.0,8,0.9330825463718877,0.0,0.0,0,0,2,0.0,8,0.9330825463718877,0.0,0.0,0
diningroom,55,43c9cf5d-4c59-4130-bbc5-dd9c6ec4c4d0_LivingDiningRoom-34404,diningroom_sgdiffusion_vq_objfeat_epoch_01239_relation_aware_parsed_floor_prior_max1.8_mesh_p2_close0.75_far1.6_eval_cfg1.0_1.0.json::43c9cf5d-4c59-4130-bbc5-dd9c6ec4c4d0_LivingDiningRoom-34404,2,True,True,False,True,False,0.00970180000149412,1,baseline_rollback,3.0,3.0,3.0,1,2,0.5,11,1.4171555292818474,0.0,0.0,0,1,2,0.5,11,1.4171555292818474,0.0,0.0,0,1,2,0.5,11,1.4171555292818474,0.0,0.0,0,1,2,0.5,11,1.4171555292818474,0.0,0.0,0,1,2,0.5,11,1.4171555292818474,0.0,0.0,0
diningroom,56,48812187-9207-4686-9f6e-e8e1e97eeabd_DiningRoom-9630,diningroom_sgdiffusion_vq_objfeat_epoch_01239_relation_aware_parsed_floor_prior_max1.8_mesh_p2_close0.75_far1.6_eval_cfg1.0_1.0.json::48812187-9207-4686-9f6e-e8e1e97eeabd_DiningRoom-9630,2,True,True,False,True,False,0.00507379999908153,2,baseline_rollback,2.0,2.0,2.0,0,2,0.0,4,1.2608561588747975,0.0,0.0,0,0,2,0.0,4,1.2608561588747975,0.0,0.0,0,0,2,0.0,4,1.2608561588747975,0.0,0.0,0,0,2,0.0,4,1.2608561588747975,0.0,0.0,0,0,2,0.0,4,1.2608561588747975,0.0,0.0,0
diningroom,57,4b1513de-23df-43b3-866f-ef10c1c09d58_LivingDiningRoom-14482,diningroom_sgdiffusion_vq_objfeat_epoch_01239_relation_aware_parsed_floor_prior_max1.8_mesh_p2_close0.75_far1.6_eval_cfg1.0_1.0.json::4b1513de-23df-43b3-866f-ef10c1c09d58_LivingDiningRoom-14482,2,True,True,True,True,False,0.21817259999806993,0,baseline_rollback,3.0,3.0,3.0,2,2,1.0,15,2.086408980566756,0.0,0.0,0,2,2,1.0,16,2.053394620034717,0.07807587591085405,0.07807587591085405,1,2,2,1.0,14,2.041917397213205,0.07807587591085409,0.07807587591085409,1,2,2,1.0,15,2.086408980566756,0.0,0.0,0,2,2,1.0,15,2.086408980566756,0.0,0.0,0
diningroom,58,4dada95f-ed81-4d19-83c9-c39b765e0cf3_DiningRoom-225770,diningroom_sgdiffusion_vq_objfeat_epoch_01239_relation_aware_parsed_floor_prior_max1.8_mesh_p2_close0.75_far1.6_eval_cfg1.0_1.0.json::4dada95f-ed81-4d19-83c9-c39b765e0cf3_DiningRoom-225770,2,True,True,False,True,False,0.0016458999962196685,0,baseline_rollback,2.0,2.0,2.0,2,2,1.0,8,0.5333541442956395,0.0,0.0,0,2,2,1.0,8,0.5333541442956395,0.0,0.0,0,2,2,1.0,8,0.5333541442956395,0.0,0.0,0,2,2,1.0,8,0.5333541442956395,0.0,0.0,0,2,2,1.0,8,0.5333541442956395,0.0,0.0,0
diningroom,59,5130545c-cb6d-4547-b120-5815531c8589_DiningRoom-116178,diningroom_sgdiffusion_vq_objfeat_epoch_01239_relation_aware_parsed_floor_prior_max1.8_mesh_p2_close0.75_far1.6_eval_cfg1.0_1.0.json::5130545c-cb6d-4547-b120-5815531c8589_DiningRoom-116178,2,True,True,False,True,False,0.002605100002256222,0,baseline_rollback,2.0,2.0,2.0,0,2,0.0,10,1.1153150593463796,0.0,0.0,0,0,2,0.0,10,1.1153150593463796,0.0,0.0,0,0,2,0.0,10,1.1153150593463796,0.0,0.0,0,0,2,0.0,10,1.1153150593463796,0.0,0.0,0,0,2,0.0,10,1.1153150593463796,0.0,0.0,0
diningroom,60,54234f8f-0f41-47d8-911f-506320aa75c0_DiningRoom-22156,diningroom_sgdiffusion_vq_objfeat_epoch_01239_relation_aware_parsed_floor_prior_max1.8_mesh_p2_close0.75_far1.6_eval_cfg1.0_1.0.json::54234f8f-0f41-47d8-911f-506320aa75c0_DiningRoom-22156,2,True,True,False,True,False,0.0018034000022453256,0,baseline_rollback,0.0,0.0,0.0,1,2,0.5,5,0.4444315696766782,0.0,0.0,0,1,2,0.5,5,0.4444315696766782,0.0,0.0,0,1,2,0.5,5,0.4444315696766782,0.0,0.0,0,1,2,0.5,5,0.4444315696766782,0.0,0.0,0,1,2,0.5,5,0.4444315696766782,0.0,0.0,0
diningroom,61,544a06d5-aa97-4740-8ef3-ed8520b5226e_LivingDiningRoom-2349,diningroom_sgdiffusion_vq_objfeat_epoch_01239_relation_aware_parsed_floor_prior_max1.8_mesh_p2_close0.75_far1.6_eval_cfg1.0_1.0.json::544a06d5-aa97-4740-8ef3-ed8520b5226e_LivingDiningRoom-2349,0,True,True,False,True,False,0.0024794999990263022,0,baseline_rollback,0.0,0.0,0.0,0,0,0.0,4,0.5897818390216311,0.0,0.0,0,0,0,0.0,4,0.5897818390216311,0.0,0.0,0,0,0,0.0,4,0.5897818390216311,0.0,0.0,0,0,0,0.0,4,0.5897818390216311,0.0,0.0,0,0,0,0.0,4,0.5897818390216311,0.0,0.0,0
diningroom,62,54602e77-2ebd-4198-af5b-be0e1f75b806_LivingDiningRoom-15430,diningroom_sgdiffusion_vq_objfeat_epoch_01239_relation_aware_parsed_floor_prior_max1.8_mesh_p2_close0.75_far1.6_eval_cfg1.0_1.0.json::54602e77-2ebd-4198-af5b-be0e1f75b806_LivingDiningRoom-15430,0,True,True,False,True,False,0.002723699995840434,0,baseline_rollback,5.0,5.0,5.0,0,0,0.0,8,1.7057750290116525,0.0,0.0,0,0,0,0.0,8,1.7057750290116525,0.0,0.0,0,0,0,0.0,8,1.7057750290116525,0.0,0.0,0,0,0,0.0,8,1.7057750290116525,0.0,0.0,0,0,0,0.0,8,1.7057750290116525,0.0,0.0,0
diningroom,63,555d38a7-689e-4340-ae91-a9a1dd650216_LivingDiningRoom-26885,diningroom_sgdiffusion_vq_objfeat_epoch_01239_relation_aware_parsed_floor_prior_max1.8_mesh_p2_close0.75_far1.6_eval_cfg1.0_1.0.json::555d38a7-689e-4340-ae91-a9a1dd650216_LivingDiningRoom-26885,0,True,True,False,True,False,0.002842499998223502,0,baseline_rollback,2.0,2.0,2.0,0,0,0.0,6,1.450058847639084,0.0,0.0,0,0,0,0.0,6,1.450058847639084,0.0,0.0,0,0,0,0.0,6,1.450058847639084,0.0,0.0,0,0,0,0.0,6,1.450058847639084,0.0,0.0,0,0,0,0.0,6,1.450058847639084,0.0,0.0,0
diningroom,64,5688d36e-44d9-4420-9a4a-501418b5f2b8_LivingDiningRoom-62089,diningroom_sgdiffusion_vq_objfeat_epoch_01239_relation_aware_parsed_floor_prior_max1.8_mesh_p2_close0.75_far1.6_eval_cfg1.0_1.0.json::5688d36e-44d9-4420-9a4a-501418b5f2b8_LivingDiningRoom-62089,1,True,True,False,True,False,0.0006054999976186082,0,baseline_rollback,1.0,1.0,1.0,1,1,1.0,1,0.15748665252779792,0.0,0.0,0,1,1,1.0,1,0.15748665252779792,0.0,0.0,0,1,1,1.0,1,0.15748665252779792,0.0,0.0,0,1,1,1.0,1,0.15748665252779792,0.0,0.0,0,1,1,1.0,1,0.15748665252779792,0.0,0.0,0
diningroom,65,56ef3577-9ca2-43b9-8971-47d6c88e1008_LivingDiningRoom-35769,diningroom_sgdiffusion_vq_objfeat_epoch_01239_relation_aware_parsed_floor_prior_max1.8_mesh_p2_close0.75_far1.6_eval_cfg1.0_1.0.json::56ef3577-9ca2-43b9-8971-47d6c88e1008_LivingDiningRoom-35769,1,True,True,False,True,False,0.0031024999989313073,0,baseline_rollback,1.0,1.0,1.0,1,1,1.0,5,0.8284598101874038,0.0,0.0,0,1,1,1.0,5,0.8284598101874038,0.0,0.0,0,1,1,1.0,5,0.8284598101874038,0.0,0.0,0,1,1,1.0,5,0.8284598101874038,0.0,0.0,0,1,1,1.0,5,0.8284598101874038,0.0,0.0,0
diningroom,66,57aca5c1-cbe5-4df7-922e-6c6cf9ba2a0e_DiningRoom-22308,diningroom_sgdiffusion_vq_objfeat_epoch_01239_relation_aware_parsed_floor_prior_max1.8_mesh_p2_close0.75_far1.6_eval_cfg1.0_1.0.json::57aca5c1-cbe5-4df7-922e-6c6cf9ba2a0e_DiningRoom-22308,1,True,True,False,True,False,0.0060032999972463585,0,baseline_rollback,1.0,1.0,1.0,1,1,1.0,10,2.2677606935788956,0.0,0.0,0,1,1,1.0,10,2.2677606935788956,0.0,0.0,0,1,1,1.0,10,2.2677606935788956,0.0,0.0,0,1,1,1.0,10,2.2677606935788956,0.0,0.0,0,1,1,1.0,10,2.2677606935788956,0.0,0.0,0
diningroom,67,57b535e1-49e2-46f0-a54d-a3e50fe9c413_LivingDiningRoom-2729,diningroom_sgdiffusion_vq_objfeat_epoch_01239_relation_aware_parsed_floor_prior_max1.8_mesh_p2_close0.75_far1.6_eval_cfg1.0_1.0.json::57b535e1-49e2-46f0-a54d-a3e50fe9c413_LivingDiningRoom-2729,1,True,True,False,True,False,0.004790999999386258,1,baseline_rollback,3.0,3.0,3.0,0,1,0.0,10,0.9013366660794565,0.0,0.0,0,0,1,0.0,10,0.9013366660794565,0.0,0.0,0,0,1,0.0,10,0.9013366660794565,0.0,0.0,0,0,1,0.0,10,0.9013366660794565,0.0,0.0,0,0,1,0.0,10,0.9013366660794565,0.0,0.0,0
diningroom,68,58064c7d-8e8b-4149-9b3a-672cf22d4733_DiningRoom-11336,diningroom_sgdiffusion_vq_objfeat_epoch_01239_relation_aware_parsed_floor_prior_max1.8_mesh_p2_close0.75_far1.6_eval_cfg1.0_1.0.json::58064c7d-8e8b-4149-9b3a-672cf22d4733_DiningRoom-11336,2,True,True,False,True,False,0.002587599999969825,0,baseline_rollback,0.0,0.0,0.0,1,2,0.5,4,0.6844697018256888,0.0,0.0,0,1,2,0.5,4,0.6844697018256888,0.0,0.0,0,1,2,0.5,4,0.6844697018256888,0.0,0.0,0,1,2,0.5,4,0.6844697018256888,0.0,0.0,0,1,2,0.5,4,0.6844697018256888,0.0,0.0,0
diningroom,69,580bb871-f446-438a-9cde-3d970affe421_LivingDiningRoom-9462,diningroom_sgdiffusion_vq_objfeat_epoch_01239_relation_aware_parsed_floor_prior_max1.8_mesh_p2_close0.75_far1.6_eval_cfg1.0_1.0.json::580bb871-f446-438a-9cde-3d970affe421_LivingDiningRoom-9462,0,True,True,False,True,False,0.007081499999912921,0,baseline_rollback,2.0,2.0,2.0,0,0,0.0,13,2.683214258234486,0.0,0.0,0,0,0,0.0,13,2.683214258234486,0.0,0.0,0,0,0,0.0,13,2.683214258234486,0.0,0.0,0,0,0,0.0,13,2.683214258234486,0.0,0.0,0,0,0,0.0,13,2.683214258234486,0.0,0.0,0
diningroom,70,5a70accd-61ca-45d0-86cb-ded3e35c85f3_LivingDiningRoom-19784,diningroom_sgdiffusion_vq_objfeat_epoch_01239_relation_aware_parsed_floor_prior_max1.8_mesh_p2_close0.75_far1.6_eval_cfg1.0_1.0.json::5a70accd-61ca-45d0-86cb-ded3e35c85f3_LivingDiningRoom-19784,0,True,True,False,True,False,0.0023065999994287267,0,baseline_rollback,7.0,7.0,7.0,0,0,0.0,8,1.0426174075443455,0.0,0.0,0,0,0,0.0,8,1.0426174075443455,0.0,0.0,0,0,0,0.0,8,1.0426174075443455,0.0,0.0,0,0,0,0.0,8,1.0426174075443455,0.0,0.0,0,0,0,0.0,8,1.0426174075443455,0.0,0.0,0
diningroom,71,5bd22e7d-960b-4e14-93bd-f955001f799e_DiningRoom-6151,diningroom_sgdiffusion_vq_objfeat_epoch_01239_relation_aware_parsed_floor_prior_max1.8_mesh_p2_close0.75_far1.6_eval_cfg1.0_1.0.json::5bd22e7d-960b-4e14-93bd-f955001f799e_DiningRoom-6151,2,True,True,False,True,False,0.001631699997233227,1,baseline_rollback,6.0,6.0,6.0,0,2,0.0,8,2.498437197695993,0.0,0.0,0,0,2,0.0,8,2.498437197695993,0.0,0.0,0,0,2,0.0,8,2.498437197695993,0.0,0.0,0,0,2,0.0,8,2.498437197695993,0.0,0.0,0,0,2,0.0,8,2.498437197695993,0.0,0.0,0
diningroom,72,5c22a23d-e49c-4d31-adee-987c93eec20e_LivingDiningRoom-5987,diningroom_sgdiffusion_vq_objfeat_epoch_01239_relation_aware_parsed_floor_prior_max1.8_mesh_p2_close0.75_far1.6_eval_cfg1.0_1.0.json::5c22a23d-e49c-4d31-adee-987c93eec20e_LivingDiningRoom-5987,1,True,True,False,True,False,0.003406399999221321,0,baseline_rollback,0.0,0.0,0.0,0,1,0.0,12,2.30621774371314,0.0,0.0,0,0,1,0.0,12,2.30621774371314,0.0,0.0,0,0,1,0.0,12,2.30621774371314,0.0,0.0,0,0,1,0.0,12,2.30621774371314,0.0,0.0,0,0,1,0.0,12,2.30621774371314,0.0,0.0,0
diningroom,73,5d522173-3fc1-4964-898d-48ab76e67f4d_LivingDiningRoom-10493,diningroom_sgdiffusion_vq_objfeat_epoch_01239_relation_aware_parsed_floor_prior_max1.8_mesh_p2_close0.75_far1.6_eval_cfg1.0_1.0.json::5d522173-3fc1-4964-898d-48ab76e67f4d_LivingDiningRoom-10493,1,True,True,False,True,False,0.0012350000033620745,0,baseline_rollback,0.0,0.0,0.0,0,1,0.0,9,2.0637095138674795,0.0,0.0,0,0,1,0.0,9,2.0637095138674795,0.0,0.0,0,0,1,0.0,9,2.0637095138674795,0.0,0.0,0,0,1,0.0,9,2.0637095138674795,0.0,0.0,0,0,1,0.0,9,2.0637095138674795,0.0,0.0,0
diningroom,74,5e4f139b-2870-476f-a2c8-5e9867e179f2_LivingDiningRoom-13860,diningroom_sgdiffusion_vq_objfeat_epoch_01239_relation_aware_parsed_floor_prior_max1.8_mesh_p2_close0.75_far1.6_eval_cfg1.0_1.0.json::5e4f139b-2870-476f-a2c8-5e9867e179f2_LivingDiningRoom-13860,1,True,True,False,True,False,0.0030064999955357052,0,baseline_rollback,0.0,0.0,0.0,0,1,0.0,8,1.760503010207972,0.0,0.0,0,0,1,0.0,8,1.760503010207972,0.0,0.0,0,0,1,0.0,8,1.760503010207972,0.0,0.0,0,0,1,0.0,8,1.760503010207972,0.0,0.0,0,0,1,0.0,8,1.760503010207972,0.0,0.0,0
diningroom,75,5e647f08-d821-4554-8598-9684ffd28f7c_LivingDiningRoom-3367,diningroom_sgdiffusion_vq_objfeat_epoch_01239_relation_aware_parsed_floor_prior_max1.8_mesh_p2_close0.75_far1.6_eval_cfg1.0_1.0.json::5e647f08-d821-4554-8598-9684ffd28f7c_LivingDiningRoom-3367,1,True,True,False,True,False,0.002168099999835249,0,baseline_rollback,1.0,1.0,1.0,1,1,1.0,7,2.042515228460375,0.0,0.0,0,1,1,1.0,7,2.042515228460375,0.0,0.0,0,1,1,1.0,7,2.042515228460375,0.0,0.0,0,1,1,1.0,7,2.042515228460375,0.0,0.0,0,1,1,1.0,7,2.042515228460375,0.0,0.0,0
diningroom,76,5e7daec3-6980-46cc-855d-8465774001a4_LivingDiningRoom-569,diningroom_sgdiffusion_vq_objfeat_epoch_01239_relation_aware_parsed_floor_prior_max1.8_mesh_p2_close0.75_far1.6_eval_cfg1.0_1.0.json::5e7daec3-6980-46cc-855d-8465774001a4_LivingDiningRoom-569,1,True,True,False,True,False,0.0029261000017868355,0,baseline_rollback,1.0,1.0,1.0,1,1,1.0,8,3.6458721018209257,0.0,0.0,0,1,1,1.0,8,3.6458721018209257,0.0,0.0,0,1,1,1.0,8,3.6458721018209257,0.0,0.0,0,1,1,1.0,8,3.6458721018209257,0.0,0.0,0,1,1,1.0,8,3.6458721018209257,0.0,0.0,0
diningroom,77,5f86c744-15af-4c99-80ef-b3608aadbf1b_LivingDiningRoom-37641,diningroom_sgdiffusion_vq_objfeat_epoch_01239_relation_aware_parsed_floor_prior_max1.8_mesh_p2_close0.75_far1.6_eval_cfg1.0_1.0.json::5f86c744-15af-4c99-80ef-b3608aadbf1b_LivingDiningRoom-37641,1,True,True,False,True,False,0.0029966999936732464,0,baseline_rollback,1.0,1.0,1.0,1,1,1.0,2,0.24026045106095523,0.0,0.0,0,1,1,1.0,2,0.24026045106095523,0.0,0.0,0,1,1,1.0,2,0.24026045106095523,0.0,0.0,0,1,1,1.0,2,0.24026045106095523,0.0,0.0,0,1,1,1.0,2,0.24026045106095523,0.0,0.0,0
diningroom,78,6060e648-44c6-42d6-a9f4-f58c5bcff70d_LivingDiningRoom-25741,diningroom_sgdiffusion_vq_objfeat_epoch_01239_relation_aware_parsed_floor_prior_max1.8_mesh_p2_close0.75_far1.6_eval_cfg1.0_1.0.json::6060e648-44c6-42d6-a9f4-f58c5bcff70d_LivingDiningRoom-25741,2,True,True,True,True,True,0.6592591000007815,0,warm_start,2.0,2.0,2.0,0,2,0.0,14,2.3896124055275805,0.0,0.0,0,1,2,0.5,13,2.381449467338726,0.39068246227988107,0.39068246227988107,1,0,2,0.0,14,2.3896124055275805,0.3906824622798809,0.3906824622798809,1,1,2,0.5,13,2.381449467338726,0.39068246227988107,0.39068246227988107,1,1,2,0.5,13,2.381449467338726,0.39068246227988107,0.39068246227988107,1
diningroom,79,61939f19-9114-46ad-86c6-ab10c1668ed7_LivingDiningRoom-17356,diningroom_sgdiffusion_vq_objfeat_epoch_01239_relation_aware_parsed_floor_prior_max1.8_mesh_p2_close0.75_far1.6_eval_cfg1.0_1.0.json::61939f19-9114-46ad-86c6-ab10c1668ed7_LivingDiningRoom-17356,2,True,True,False,True,False,0.002104200000758283,1,baseline_rollback,3.0,3.0,3.0,1,2,0.5,9,1.4209407120187982,0.0,0.0,0,1,2,0.5,9,1.4209407120187982,0.0,0.0,0,1,2,0.5,9,1.4209407120187982,0.0,0.0,0,1,2,0.5,9,1.4209407120187982,0.0,0.0,0,1,2,0.5,9,1.4209407120187982,0.0,0.0,0
diningroom,80,62773068-a0a2-4ed0-b85c-84a9a353d18a_LivingDiningRoom-2583,diningroom_sgdiffusion_vq_objfeat_epoch_01239_relation_aware_parsed_floor_prior_max1.8_mesh_p2_close0.75_far1.6_eval_cfg1.0_1.0.json::62773068-a0a2-4ed0-b85c-84a9a353d18a_LivingDiningRoom-2583,2,True,False,False,True,False,0.003984599999967031,0,baseline_rollback,2.0,2.0,2.0,2,2,1.0,5,0.8778707995890684,0.0,0.0,0,2,2,1.0,5,0.8778707995890684,0.0,0.0,0,2,2,1.0,5,0.8778707995890684,0.0,0.0,0,2,2,1.0,5,0.8778707995890684,0.0,0.0,0,2,2,1.0,5,0.8778707995890684,0.0,0.0,0
diningroom,81,64321004-c08d-4334-984b-4bdbed4895d1_LivingDiningRoom-70212,diningroom_sgdiffusion_vq_objfeat_epoch_01239_relation_aware_parsed_floor_prior_max1.8_mesh_p2_close0.75_far1.6_eval_cfg1.0_1.0.json::64321004-c08d-4334-984b-4bdbed4895d1_LivingDiningRoom-70212,2,True,False,False,True,False,0.002976100004161708,1,baseline_rollback,1.0,1.0,1.0,0,2,0.0,7,1.0927906822185627,0.0,0.0,0,0,2,0.0,7,1.0927906822185627,0.0,0.0,0,0,2,0.0,7,1.0927906822185627,0.0,0.0,0,0,2,0.0,7,1.0927906822185627,0.0,0.0,0,0,2,0.0,7,1.0927906822185627,0.0,0.0,0
diningroom,82,6487eb58-d9fa-4a42-afd2-13cba40b71d1_LivingDiningRoom-4693,diningroom_sgdiffusion_vq_objfeat_epoch_01239_relation_aware_parsed_floor_prior_max1.8_mesh_p2_close0.75_far1.6_eval_cfg1.0_1.0.json::6487eb58-d9fa-4a42-afd2-13cba40b71d1_LivingDiningRoom-4693,2,True,True,True,True,True,0.762895199994091,0,warm_start,3.0,3.0,3.0,1,2,0.5,12,3.130138663162952,0.0,0.0,0,2,2,1.0,10,2.7865085925690605,1.7120946218449595,1.2455647112461445,2,1,2,0.5,12,2.385395621057449,1.7120946218449595,1.128556551020382,2,2,2,1.0,10,2.7865085925690605,1.7120946218449595,1.2455647112461445,2,2,2,1.0,10,2.7865085925690605,1.7120946218449595,1.2455647112461445,2
diningroom,83,64f12868-d3f0-4add-9598-4478c4e7cee0_DiningRoom-663,diningroom_sgdiffusion_vq_objfeat_epoch_01239_relation_aware_parsed_floor_prior_max1.8_mesh_p2_close0.75_far1.6_eval_cfg1.0_1.0.json::64f12868-d3f0-4add-9598-4478c4e7cee0_DiningRoom-663,1,True,True,False,True,False,0.00254539999878034,0,baseline_rollback,2.0,2.0,2.0,0,1,0.0,9,1.589362644306047,0.0,0.0,0,0,1,0.0,9,1.589362644306047,0.0,0.0,0,0,1,0.0,9,1.589362644306047,0.0,0.0,0,0,1,0.0,9,1.589362644306047,0.0,0.0,0,0,1,0.0,9,1.589362644306047,0.0,0.0,0
diningroom,84,651c37ce-c0cd-47c6-843f-3aa192235e39_LivingDiningRoom-86944,diningroom_sgdiffusion_vq_objfeat_epoch_01239_relation_aware_parsed_floor_prior_max1.8_mesh_p2_close0.75_far1.6_eval_cfg1.0_1.0.json::651c37ce-c0cd-47c6-843f-3aa192235e39_LivingDiningRoom-86944,1,True,True,False,True,False,0.0023427999985869974,0,baseline_rollback,4.0,4.0,4.0,1,1,1.0,4,0.33900016404053773,0.0,0.0,0,1,1,1.0,4,0.33900016404053773,0.0,0.0,0,1,1,1.0,4,0.33900016404053773,0.0,0.0,0,1,1,1.0,4,0.33900016404053773,0.0,0.0,0,1,1,1.0,4,0.33900016404053773,0.0,0.0,0
diningroom,85,66082784-28d9-41e7-94bd-09a72fa335cf_LivingDiningRoom-2891,diningroom_sgdiffusion_vq_objfeat_epoch_01239_relation_aware_parsed_floor_prior_max1.8_mesh_p2_close0.75_far1.6_eval_cfg1.0_1.0.json::66082784-28d9-41e7-94bd-09a72fa335cf_LivingDiningRoom-2891,1,True,True,False,True,False,0.005408099998021498,0,baseline_rollback,1.0,1.0,1.0,1,1,1.0,8,1.4439847436073616,0.0,0.0,0,1,1,1.0,8,1.4439847436073616,0.0,0.0,0,1,1,1.0,8,1.4439847436073616,0.0,0.0,0,1,1,1.0,8,1.4439847436073616,0.0,0.0,0,1,1,1.0,8,1.4439847436073616,0.0,0.0,0
diningroom,86,66bc95cb-672b-4acd-92f1-ba4ed3a6aa83_DiningRoom-2432,diningroom_sgdiffusion_vq_objfeat_epoch_01239_relation_aware_parsed_floor_prior_max1.8_mesh_p2_close0.75_far1.6_eval_cfg1.0_1.0.json::66bc95cb-672b-4acd-92f1-ba4ed3a6aa83_DiningRoom-2432,1,True,True,False,True,False,0.001589899999089539,0,baseline_rollback,1.0,1.0,1.0,1,1,1.0,10,0.6494546743228343,0.0,0.0,0,1,1,1.0,10,0.6494546743228343,0.0,0.0,0,1,1,1.0,10,0.6494546743228343,0.0,0.0,0,1,1,1.0,10,0.6494546743228343,0.0,0.0,0,1,1,1.0,10,0.6494546743228343,0.0,0.0,0
diningroom,87,672b75fe-1120-4627-80a9-5616d99c3423_DiningRoom-24272,diningroom_sgdiffusion_vq_objfeat_epoch_01239_relation_aware_parsed_floor_prior_max1.8_mesh_p2_close0.75_far1.6_eval_cfg1.0_1.0.json::672b75fe-1120-4627-80a9-5616d99c3423_DiningRoom-24272,1,True,True,False,True,False,0.0018165000001317821,0,baseline_rollback,8.0,8.0,8.0,0,1,0.0,12,2.1207023737811936,0.0,0.0,0,0,1,0.0,12,2.1207023737811936,0.0,0.0,0,0,1,0.0,12,2.1207023737811936,0.0,0.0,0,0,1,0.0,12,2.1207023737811936,0.0,0.0,0,0,1,0.0,12,2.1207023737811936,0.0,0.0,0
diningroom,88,6799c7da-4248-4fa1-9d6d-c8acf521a414_LivingDiningRoom-13177,diningroom_sgdiffusion_vq_objfeat_epoch_01239_relation_aware_parsed_floor_prior_max1.8_mesh_p2_close0.75_far1.6_eval_cfg1.0_1.0.json::6799c7da-4248-4fa1-9d6d-c8acf521a414_LivingDiningRoom-13177,0,True,True,False,True,False,0.006562900001881644,0,baseline_rollback,3.0,3.0,3.0,0,0,0.0,17,3.4026171239137306,0.0,0.0,0,0,0,0.0,17,3.4026171239137306,0.0,0.0,0,0,0,0.0,17,3.4026171239137306,0.0,0.0,0,0,0,0.0,17,3.4026171239137306,0.0,0.0,0,0,0,0.0,17,3.4026171239137306,0.0,0.0,0
diningroom,89,6a03badb-61ab-4e22-9564-de2fd2ed1938_DiningRoom-25528,diningroom_sgdiffusion_vq_objfeat_epoch_01239_relation_aware_parsed_floor_prior_max1.8_mesh_p2_close0.75_far1.6_eval_cfg1.0_1.0.json::6a03badb-61ab-4e22-9564-de2fd2ed1938_DiningRoom-25528,2,True,True,False,True,False,0.0022262999991653487,0,baseline_rollback,0.0,0.0,0.0,1,2,0.5,1,0.21819798147829034,0.0,0.0,0,1,2,0.5,1,0.21819798147829034,0.0,0.0,0,1,2,0.5,1,0.21819798147829034,0.0,0.0,0,1,2,0.5,1,0.21819798147829034,0.0,0.0,0,1,2,0.5,1,0.21819798147829034,0.0,0.0,0
diningroom,90,6b56575f-a746-4062-8296-b566d5de7b60_LivingDiningRoom-41360,diningroom_sgdiffusion_vq_objfeat_epoch_01239_relation_aware_parsed_floor_prior_max1.8_mesh_p2_close0.75_far1.6_eval_cfg1.0_1.0.json::6b56575f-a746-4062-8296-b566d5de7b60_LivingDiningRoom-41360,2,True,True,False,True,False,0.0023930000024847686,2,baseline_rollback,1.0,1.0,1.0,0,2,0.0,6,1.063371391273526,0.0,0.0,0,0,2,0.0,6,1.063371391273526,0.0,0.0,0,0,2,0.0,6,1.063371391273526,0.0,0.0,0,0,2,0.0,6,1.063371391273526,0.0,0.0,0,0,2,0.0,6,1.063371391273526,0.0,0.0,0
diningroom,91,6b5bb08d-7e14-4206-8014-685580c674b1_LivingDiningRoom-2106,diningroom_sgdiffusion_vq_objfeat_epoch_01239_relation_aware_parsed_floor_prior_max1.8_mesh_p2_close0.75_far1.6_eval_cfg1.0_1.0.json::6b5bb08d-7e14-4206-8014-685580c674b1_LivingDiningRoom-2106,1,True,True,False,True,False,0.0040246999997179955,0,baseline_rollback,3.0,3.0,3.0,1,1,1.0,10,1.240764690298562,0.0,0.0,0,1,1,1.0,10,1.240764690298562,0.0,0.0,0,1,1,1.0,10,1.240764690298562,0.0,0.0,0,1,1,1.0,10,1.240764690298562,0.0,0.0,0,1,1,1.0,10,1.240764690298562,0.0,0.0,0
diningroom,92,6d13bd56-8931-486a-8490-61752942a6de_DiningRoom-43067,diningroom_sgdiffusion_vq_objfeat_epoch_01239_relation_aware_parsed_floor_prior_max1.8_mesh_p2_close0.75_far1.6_eval_cfg1.0_1.0.json::6d13bd56-8931-486a-8490-61752942a6de_DiningRoom-43067,1,True,True,False,True,False,0.0013877000019419938,0,baseline_rollback,0.0,0.0,0.0,1,1,1.0,1,0.1968489851849999,0.0,0.0,0,1,1,1.0,1,0.1968489851849999,0.0,0.0,0,1,1,1.0,1,0.1968489851849999,0.0,0.0,0,1,1,1.0,1,0.1968489851849999,0.0,0.0,0,1,1,1.0,1,0.1968489851849999,0.0,0.0,0
diningroom,93,6f6fab3b-e42d-4458-8f93-ed9d006cb087_DiningRoom-8121,diningroom_sgdiffusion_vq_objfeat_epoch_01239_relation_aware_parsed_floor_prior_max1.8_mesh_p2_close0.75_far1.6_eval_cfg1.0_1.0.json::6f6fab3b-e42d-4458-8f93-ed9d006cb087_DiningRoom-8121,2,True,True,True,True,False,0.04597020000073826,0,baseline_rollback,0.0,0.0,0.0,1,2,0.5,5,0.5034396724900196,0.0,0.0,0,1,2,0.5,5,0.5034396724900196,0.058956931930834636,0.058956931930834636,1,1,2,0.5,5,0.5010618792745873,0.05895693193083462,0.05895693193083462,1,1,2,0.5,5,0.5034396724900196,0.0,0.0,0,1,2,0.5,5,0.5034396724900196,0.0,0.0,0
diningroom,94,708218c2-ff5f-450f-9a8a-c82e6ad896a9_LivingDiningRoom-32452,diningroom_sgdiffusion_vq_objfeat_epoch_01239_relation_aware_parsed_floor_prior_max1.8_mesh_p2_close0.75_far1.6_eval_cfg1.0_1.0.json::708218c2-ff5f-450f-9a8a-c82e6ad896a9_LivingDiningRoom-32452,2,True,True,True,True,True,0.7129687999986345,0,warm_start,11.0,11.0,11.0,0,2,0.0,28,3.482223452414988,0.0,0.0,0,2,2,1.0,26,3.252903413180509,2.7435737097136546,1.5543394821299081,2,0,2,0.0,22,2.5850354023903157,2.7435737097136546,1.421545414095142,2,2,2,1.0,26,3.252903413180509,2.7435737097136546,1.5543394821299081,2,2,2,1.0,26,3.252903413180509,2.7435737097136546,1.5543394821299081,2
diningroom,95,70e4c0ab-9ca2-4542-96fd-9355e048db91_LivingDiningRoom-25795,diningroom_sgdiffusion_vq_objfeat_epoch_01239_relation_aware_parsed_floor_prior_max1.8_mesh_p2_close0.75_far1.6_eval_cfg1.0_1.0.json::70e4c0ab-9ca2-4542-96fd-9355e048db91_LivingDiningRoom-25795,1,True,True,False,True,False,0.004004700000223238,0,baseline_rollback,2.0,2.0,2.0,1,1,1.0,9,0.557798977047654,0.0,0.0,0,1,1,1.0,9,0.557798977047654,0.0,0.0,0,1,1,1.0,9,0.557798977047654,0.0,0.0,0,1,1,1.0,9,0.557798977047654,0.0,0.0,0,1,1,1.0,9,0.557798977047654,0.0,0.0,0
diningroom,96,710da331-89a8-4480-b4d1-9621baf5a93c_LivingDiningRoom-9939,diningroom_sgdiffusion_vq_objfeat_epoch_01239_relation_aware_parsed_floor_prior_max1.8_mesh_p2_close0.75_far1.6_eval_cfg1.0_1.0.json::710da331-89a8-4480-b4d1-9621baf5a93c_LivingDiningRoom-9939,1,True,True,False,True,False,0.0028839000005973503,1,baseline_rollback,1.0,1.0,1.0,1,1,1.0,10,1.5653410161466517,0.0,0.0,0,1,1,1.0,10,1.5653410161466517,0.0,0.0,0,1,1,1.0,10,1.5653410161466517,0.0,0.0,0,1,1,1.0,10,1.5653410161466517,0.0,0.0,0,1,1,1.0,10,1.5653410161466517,0.0,0.0,0
diningroom,97,73818192-7ca3-4161-8cf1-ca3e5e51b1ab_LivingDiningRoom-62037,diningroom_sgdiffusion_vq_objfeat_epoch_01239_relation_aware_parsed_floor_prior_max1.8_mesh_p2_close0.75_far1.6_eval_cfg1.0_1.0.json::73818192-7ca3-4161-8cf1-ca3e5e51b1ab_LivingDiningRoom-62037,1,True,True,False,True,False,0.003283099998952821,0,baseline_rollback,8.0,8.0,8.0,1,1,1.0,10,0.9325038135770798,0.0,0.0,0,1,1,1.0,10,0.9325038135770798,0.0,0.0,0,1,1,1.0,10,0.9325038135770798,0.0,0.0,0,1,1,1.0,10,0.9325038135770798,0.0,0.0,0,1,1,1.0,10,0.9325038135770798,0.0,0.0,0
diningroom,98,74fa622c-58f2-4375-b6b5-684659581385_LivingDiningRoom-78283,diningroom_sgdiffusion_vq_objfeat_epoch_01239_relation_aware_parsed_floor_prior_max1.8_mesh_p2_close0.75_far1.6_eval_cfg1.0_1.0.json::74fa622c-58f2-4375-b6b5-684659581385_LivingDiningRoom-78283,1,True,True,True,True,False,0.19461450000380864,0,baseline_rollback,4.0,4.0,4.0,1,1,1.0,7,1.2557693409122939,0.0,0.0,0,1,1,1.0,6,1.1614308349502367,1.0345678174542532,1.0345678174542532,1,1,1,1.0,6,1.245261453376376,1.0345678174542532,1.0345678174542532,1,1,1,1.0,7,1.2557693409122939,0.0,0.0,0,1,1,1.0,7,1.2557693409122939,0.0,0.0,0
diningroom,99,750705bf-a44a-4391-8c7a-dd199a96bdae_LivingDiningRoom-14848,diningroom_sgdiffusion_vq_objfeat_epoch_01239_relation_aware_parsed_floor_prior_max1.8_mesh_p2_close0.75_far1.6_eval_cfg1.0_1.0.json::750705bf-a44a-4391-8c7a-dd199a96bdae_LivingDiningRoom-14848,2,True,True,True,True,False,0.28905289999966044,0,baseline_rollback,0.0,0.0,0.0,2,2,1.0,4,0.5889029844105504,0.0,0.0,0,2,2,1.0,4,0.5582709700402965,0.7591153930983908,0.4327895088275012,2,2,2,1.0,3,0.5885304146193833,0.759115393098391,0.41445143679285873,2,2,2,1.0,4,0.5889029844105504,0.0,0.0,0,2,2,1.0,4,0.5889029844105504,0.0,0.0,0
diningroom,100,75be4842-6167-4b77-a131-859b40255ed9_DiningRoom-6919,diningroom_sgdiffusion_vq_objfeat_epoch_01239_relation_aware_parsed_floor_prior_max1.8_mesh_p2_close0.75_far1.6_eval_cfg1.0_1.0.json::75be4842-6167-4b77-a131-859b40255ed9_DiningRoom-6919,1,True,True,False,True,False,0.003147899995383341,1,baseline_rollback,6.0,6.0,6.0,1,1,1.0,10,2.0186271800037128,0.0,0.0,0,1,1,1.0,10,2.0186271800037128,0.0,0.0,0,1,1,1.0,10,2.0186271800037128,0.0,0.0,0,1,1,1.0,10,2.0186271800037128,0.0,0.0,0,1,1,1.0,10,2.0186271800037128,0.0,0.0,0
diningroom,101,78f54b4e-5031-4aa4-bd58-6a287cd64dc3_LivingDiningRoom-17657,diningroom_sgdiffusion_vq_objfeat_epoch_01239_relation_aware_parsed_floor_prior_max1.8_mesh_p2_close0.75_far1.6_eval_cfg1.0_1.0.json::78f54b4e-5031-4aa4-bd58-6a287cd64dc3_LivingDiningRoom-17657,2,True,True,True,True,False,0.11029039999993984,0,baseline_rollback,9.0,8.0,9.0,1,2,0.5,15,2.5888492840753754,0.0,0.0,0,1,2,0.5,13,1.8420889363708035,0.4597319709774592,0.4597319709774592,1,1,2,0.5,14,2.5762794163038567,0.4597319709774592,0.4597319709774592,1,1,2,0.5,15,2.5888492840753754,0.0,0.0,0,1,2,0.5,15,2.5888492840753754,0.0,0.0,0
diningroom,102,7b5eeb04-1392-4e97-b773-45e964e0698f_LivingDiningRoom-9744,diningroom_sgdiffusion_vq_objfeat_epoch_01239_relation_aware_parsed_floor_prior_max1.8_mesh_p2_close0.75_far1.6_eval_cfg1.0_1.0.json::7b5eeb04-1392-4e97-b773-45e964e0698f_LivingDiningRoom-9744,1,True,True,False,True,False,0.00198419999651378,1,baseline_rollback,3.0,3.0,3.0,0,1,0.0,10,1.133914110000126,0.0,0.0,0,0,1,0.0,10,1.133914110000126,0.0,0.0,0,0,1,0.0,10,1.133914110000126,0.0,0.0,0,0,1,0.0,10,1.133914110000126,0.0,0.0,0,0,1,0.0,10,1.133914110000126,0.0,0.0,0
diningroom,103,811213d3-3ae0-4456-9f16-48ee33b2d560_DiningRoom-17147,diningroom_sgdiffusion_vq_objfeat_epoch_01239_relation_aware_parsed_floor_prior_max1.8_mesh_p2_close0.75_far1.6_eval_cfg1.0_1.0.json::811213d3-3ae0-4456-9f16-48ee33b2d560_DiningRoom-17147,2,True,True,False,True,False,0.001819099998101592,0,baseline_rollback,2.0,2.0,2.0,2,2,1.0,11,0.8512992030795732,0.0,0.0,0,2,2,1.0,11,0.8512992030795732,0.0,0.0,0,2,2,1.0,11,0.8512992030795732,0.0,0.0,0,2,2,1.0,11,0.8512992030795732,0.0,0.0,0,2,2,1.0,11,0.8512992030795732,0.0,0.0,0
diningroom,104,8321a64d-d3ba-4901-b3d2-2b3d1101e529_LivingDiningRoom-63349,diningroom_sgdiffusion_vq_objfeat_epoch_01239_relation_aware_parsed_floor_prior_max1.8_mesh_p2_close0.75_far1.6_eval_cfg1.0_1.0.json::8321a64d-d3ba-4901-b3d2-2b3d1101e529_LivingDiningRoom-63349,1,True,True,False,True,False,0.0029179000048316084,1,baseline_rollback,3.0,3.0,3.0,1,1,1.0,7,2.5084592895205073,0.0,0.0,0,1,1,1.0,7,2.5084592895205073,0.0,0.0,0,1,1,1.0,7,2.5084592895205073,0.0,0.0,0,1,1,1.0,7,2.5084592895205073,0.0,0.0,0,1,1,1.0,7,2.5084592895205073,0.0,0.0,0
diningroom,105,838bdb43-9217-4b8b-a6ea-340a256cca0e_LivingDiningRoom-71691,diningroom_sgdiffusion_vq_objfeat_epoch_01239_relation_aware_parsed_floor_prior_max1.8_mesh_p2_close0.75_far1.6_eval_cfg1.0_1.0.json::838bdb43-9217-4b8b-a6ea-340a256cca0e_LivingDiningRoom-71691,1,True,True,False,True,False,0.0037794999952893704,0,baseline_rollback,0.0,0.0,0.0,1,1,1.0,10,1.8286670564578413,0.0,0.0,0,1,1,1.0,10,1.8286670564578413,0.0,0.0,0,1,1,1.0,10,1.8286670564578413,0.0,0.0,0,1,1,1.0,10,1.8286670564578413,0.0,0.0,0,1,1,1.0,10,1.8286670564578413,0.0,0.0,0
diningroom,106,8565e208-9e7e-4529-804a-23052c33631e_LivingDiningRoom-74612,diningroom_sgdiffusion_vq_objfeat_epoch_01239_relation_aware_parsed_floor_prior_max1.8_mesh_p2_close0.75_far1.6_eval_cfg1.0_1.0.json::8565e208-9e7e-4529-804a-23052c33631e_LivingDiningRoom-74612,1,True,True,False,True,False,0.005669599995599128,0,baseline_rollback,7.0,7.0,7.0,1,1,1.0,19,2.101850559543413,0.0,0.0,0,1,1,1.0,19,2.101850559543413,0.0,0.0,0,1,1,1.0,19,2.101850559543413,0.0,0.0,0,1,1,1.0,19,2.101850559543413,0.0,0.0,0,1,1,1.0,19,2.101850559543413,0.0,0.0,0
diningroom,107,871235f6-ecd6-4a95-86e2-312c2f9ffe55_LivingDiningRoom-29009,diningroom_sgdiffusion_vq_objfeat_epoch_01239_relation_aware_parsed_floor_prior_max1.8_mesh_p2_close0.75_far1.6_eval_cfg1.0_1.0.json::871235f6-ecd6-4a95-86e2-312c2f9ffe55_LivingDiningRoom-29009,1,True,True,False,True,False,0.0028472999983932823,0,baseline_rollback,0.0,0.0,0.0,1,1,1.0,6,0.5194237226164368,0.0,0.0,0,1,1,1.0,6,0.5194237226164368,0.0,0.0,0,1,1,1.0,6,0.5194237226164368,0.0,0.0,0,1,1,1.0,6,0.5194237226164368,0.0,0.0,0,1,1,1.0,6,0.5194237226164368,0.0,0.0,0
diningroom,108,8c069e29-9332-4e92-b13d-a6f190df120f_DiningRoom-6259,diningroom_sgdiffusion_vq_objfeat_epoch_01239_relation_aware_parsed_floor_prior_max1.8_mesh_p2_close0.75_far1.6_eval_cfg1.0_1.0.json::8c069e29-9332-4e92-b13d-a6f190df120f_DiningRoom-6259,2,True,False,False,True,False,0.003976799998781644,0,baseline_rollback,1.0,1.0,1.0,0,2,0.0,2,0.4777600177352907,0.0,0.0,0,0,2,0.0,2,0.4777600177352907,0.0,0.0,0,0,2,0.0,2,0.4777600177352907,0.0,0.0,0,0,2,0.0,2,0.4777600177352907,0.0,0.0,0,0,2,0.0,2,0.4777600177352907,0.0,0.0,0
diningroom,109,8caa5850-3914-427c-ad99-cbb4b2f517a1_LivingDiningRoom-32202,diningroom_sgdiffusion_vq_objfeat_epoch_01239_relation_aware_parsed_floor_prior_max1.8_mesh_p2_close0.75_far1.6_eval_cfg1.0_1.0.json::8caa5850-3914-427c-ad99-cbb4b2f517a1_LivingDiningRoom-32202,1,True,False,False,True,False,0.004167600003711414,0,baseline_rollback,4.0,4.0,4.0,0,1,0.0,6,0.887406280745182,0.0,0.0,0,0,1,0.0,6,0.887406280745182,0.0,0.0,0,0,1,0.0,6,0.887406280745182,0.0,0.0,0,0,1,0.0,6,0.887406280745182,0.0,0.0,0,0,1,0.0,6,0.887406280745182,0.0,0.0,0
diningroom,110,8e8db6d3-3f5e-4d95-9a23-ec6d57ff5cdd_LivingDiningRoom-4696,diningroom_sgdiffusion_vq_objfeat_epoch_01239_relation_aware_parsed_floor_prior_max1.8_mesh_p2_close0.75_far1.6_eval_cfg1.0_1.0.json::8e8db6d3-3f5e-4d95-9a23-ec6d57ff5cdd_LivingDiningRoom-4696,1,True,True,False,True,False,0.002487899997504428,0,baseline_rollback,1.0,1.0,1.0,1,1,1.0,5,0.8102989008290995,0.0,0.0,0,1,1,1.0,5,0.8102989008290995,0.0,0.0,0,1,1,1.0,5,0.8102989008290995,0.0,0.0,0,1,1,1.0,5,0.8102989008290995,0.0,0.0,0,1,1,1.0,5,0.8102989008290995,0.0,0.0,0
diningroom,111,8ef1ac63-da17-4f85-94ad-d784649329c6_DiningRoom-451,diningroom_sgdiffusion_vq_objfeat_epoch_01239_relation_aware_parsed_floor_prior_max1.8_mesh_p2_close0.75_far1.6_eval_cfg1.0_1.0.json::8ef1ac63-da17-4f85-94ad-d784649329c6_DiningRoom-451,1,True,True,False,True,False,0.002077199998893775,1,baseline_rollback,4.0,4.0,4.0,0,1,0.0,11,1.4149030856598397,0.0,0.0,0,0,1,0.0,11,1.4149030856598397,0.0,0.0,0,0,1,0.0,11,1.4149030856598397,0.0,0.0,0,0,1,0.0,11,1.4149030856598397,0.0,0.0,0,0,1,0.0,11,1.4149030856598397,0.0,0.0,0
diningroom,112,90efe970-79b9-432c-a676-290e1a00a31f_LivingDiningRoom-8452,diningroom_sgdiffusion_vq_objfeat_epoch_01239_relation_aware_parsed_floor_prior_max1.8_mesh_p2_close0.75_far1.6_eval_cfg1.0_1.0.json::90efe970-79b9-432c-a676-290e1a00a31f_LivingDiningRoom-8452,1,True,True,False,True,False,0.003588200001104269,0,baseline_rollback,2.0,2.0,2.0,0,1,0.0,9,0.9451894302020987,0.0,0.0,0,0,1,0.0,9,0.9451894302020987,0.0,0.0,0,0,1,0.0,9,0.9451894302020987,0.0,0.0,0,0,1,0.0,9,0.9451894302020987,0.0,0.0,0,0,1,0.0,9,0.9451894302020987,0.0,0.0,0
diningroom,113,9178e733-092a-49e5-a900-b375d6a68dd1_DiningRoom-18332,diningroom_sgdiffusion_vq_objfeat_epoch_01239_relation_aware_parsed_floor_prior_max1.8_mesh_p2_close0.75_far1.6_eval_cfg1.0_1.0.json::9178e733-092a-49e5-a900-b375d6a68dd1_DiningRoom-18332,2,True,True,False,True,False,0.0015549000017927028,0,baseline_rollback,0.0,0.0,0.0,2,2,1.0,8,0.8514309297790317,0.0,0.0,0,2,2,1.0,8,0.8514309297790317,0.0,0.0,0,2,2,1.0,8,0.8514309297790317,0.0,0.0,0,2,2,1.0,8,0.8514309297790317,0.0,0.0,0,2,2,1.0,8,0.8514309297790317,0.0,0.0,0
diningroom,114,93f02a56-0d3b-41cc-b0f8-fbc572bf2869_LivingDiningRoom-52564,diningroom_sgdiffusion_vq_objfeat_epoch_01239_relation_aware_parsed_floor_prior_max1.8_mesh_p2_close0.75_far1.6_eval_cfg1.0_1.0.json::93f02a56-0d3b-41cc-b0f8-fbc572bf2869_LivingDiningRoom-52564,1,True,True,False,True,False,0.0024628999963169917,1,baseline_rollback,6.0,6.0,6.0,0,1,0.0,11,0.9254592247452705,0.0,0.0,0,0,1,0.0,11,0.9254592247452705,0.0,0.0,0,0,1,0.0,11,0.9254592247452705,0.0,0.0,0,0,1,0.0,11,0.9254592247452705,0.0,0.0,0,0,1,0.0,11,0.9254592247452705,0.0,0.0,0
diningroom,115,987d0a4b-07d5-4958-aac4-cefaa277d511_DiningRoom-8951,diningroom_sgdiffusion_vq_objfeat_epoch_01239_relation_aware_parsed_floor_prior_max1.8_mesh_p2_close0.75_far1.6_eval_cfg1.0_1.0.json::987d0a4b-07d5-4958-aac4-cefaa277d511_DiningRoom-8951,1,True,True,False,True,False,0.003177099999447819,0,baseline_rollback,0.0,0.0,0.0,1,1,1.0,2,0.7184679494812312,0.0,0.0,0,1,1,1.0,2,0.7184679494812312,0.0,0.0,0,1,1,1.0,2,0.7184679494812312,0.0,0.0,0,1,1,1.0,2,0.7184679494812312,0.0,0.0,0,1,1,1.0,2,0.7184679494812312,0.0,0.0,0
diningroom,116,9886aa9f-f331-48e4-88a0-4e56ccaabe7f_DiningRoom-9982,diningroom_sgdiffusion_vq_objfeat_epoch_01239_relation_aware_parsed_floor_prior_max1.8_mesh_p2_close0.75_far1.6_eval_cfg1.0_1.0.json::9886aa9f-f331-48e4-88a0-4e56ccaabe7f_DiningRoom-9982,2,True,True,False,True,False,0.0027213000066694804,1,baseline_rollback,4.0,4.0,4.0,0,2,0.0,10,1.7465826260323507,0.0,0.0,0,0,2,0.0,10,1.7465826260323507,0.0,0.0,0,0,2,0.0,10,1.7465826260323507,0.0,0.0,0,0,2,0.0,10,1.7465826260323507,0.0,0.0,0,0,2,0.0,10,1.7465826260323507,0.0,0.0,0
diningroom,117,9a0486c5-58e8-4a77-99de-9c4ea78d39d3_LivingDiningRoom-9632,diningroom_sgdiffusion_vq_objfeat_epoch_01239_relation_aware_parsed_floor_prior_max1.8_mesh_p2_close0.75_far1.6_eval_cfg1.0_1.0.json::9a0486c5-58e8-4a77-99de-9c4ea78d39d3_LivingDiningRoom-9632,1,True,True,True,True,False,0.18293020000419347,0,baseline_rollback,4.0,4.0,4.0,0,1,0.0,12,1.0445853150766824,0.0,0.0,0,1,1,1.0,12,1.1324125468810762,0.4323891193776453,0.4323891193776453,1,0,1,0.0,10,0.9243414718761938,0.43238911937764535,0.43238911937764535,1,0,1,0.0,12,1.0445853150766824,0.0,0.0,0,0,1,0.0,12,1.0445853150766824,0.0,0.0,0
diningroom,118,9af467c6-d6ee-4530-a48f-87d4f942ac04_DiningRoom-168152,diningroom_sgdiffusion_vq_objfeat_epoch_01239_relation_aware_parsed_floor_prior_max1.8_mesh_p2_close0.75_far1.6_eval_cfg1.0_1.0.json::9af467c6-d6ee-4530-a48f-87d4f942ac04_DiningRoom-168152,1,True,True,False,True,False,0.002242900001874659,0,baseline_rollback,7.0,7.0,7.0,1,1,1.0,11,2.8637673625143965,0.0,0.0,0,1,1,1.0,11,2.8637673625143965,0.0,0.0,0,1,1,1.0,11,2.8637673625143965,0.0,0.0,0,1,1,1.0,11,2.8637673625143965,0.0,0.0,0,1,1,1.0,11,2.8637673625143965,0.0,0.0,0
diningroom,119,9af95d77-acc9-4ab0-b951-1dc42afae8a4_DiningRoom-5492,diningroom_sgdiffusion_vq_objfeat_epoch_01239_relation_aware_parsed_floor_prior_max1.8_mesh_p2_close0.75_far1.6_eval_cfg1.0_1.0.json::9af95d77-acc9-4ab0-b951-1dc42afae8a4_DiningRoom-5492,1,True,True,True,True,False,0.05540910000127042,0,baseline_rollback,2.0,2.0,2.0,0,1,0.0,9,0.6994049519646423,0.0,0.0,0,1,1,1.0,7,0.7765625009926521,0.1675038681748114,0.1675038681748114,1,0,1,0.0,8,0.6956412564797426,0.1675038681748114,0.1675038681748114,1,0,1,0.0,9,0.6994049519646423,0.0,0.0,0,0,1,0.0,9,0.6994049519646423,0.0,0.0,0
diningroom,120,9c164b35-f1f3-4ae5-bbfa-5003672ac1d8_LivingDiningRoom-8304,diningroom_sgdiffusion_vq_objfeat_epoch_01239_relation_aware_parsed_floor_prior_max1.8_mesh_p2_close0.75_far1.6_eval_cfg1.0_1.0.json::9c164b35-f1f3-4ae5-bbfa-5003672ac1d8_LivingDiningRoom-8304,2,True,False,False,True,False,0.004249199999321718,0,baseline_rollback,1.0,1.0,1.0,1,2,0.5,10,1.5328747214463287,0.0,0.0,0,1,2,0.5,10,1.5328747214463287,0.0,0.0,0,1,2,0.5,10,1.5328747214463287,0.0,0.0,0,1,2,0.5,10,1.5328747214463287,0.0,0.0,0,1,2,0.5,10,1.5328747214463287,0.0,0.0,0
diningroom,121,9d21c2a0-3cc4-4ce4-a926-506ed2c32a14_DiningRoom-375,diningroom_sgdiffusion_vq_objfeat_epoch_01239_relation_aware_parsed_floor_prior_max1.8_mesh_p2_close0.75_far1.6_eval_cfg1.0_1.0.json::9d21c2a0-3cc4-4ce4-a926-506ed2c32a14_DiningRoom-375,1,True,True,False,True,False,0.0010873999999603257,0,baseline_rollback,1.0,1.0,1.0,0,1,0.0,1,0.28173111312000026,0.0,0.0,0,0,1,0.0,1,0.28173111312000026,0.0,0.0,0,0,1,0.0,1,0.28173111312000026,0.0,0.0,0,0,1,0.0,1,0.28173111312000026,0.0,0.0,0,0,1,0.0,1,0.28173111312000026,0.0,0.0,0
diningroom,122,9d3329f3-b506-49ce-9edd-ac5155143bf4_DiningRoom-3017,diningroom_sgdiffusion_vq_objfeat_epoch_01239_relation_aware_parsed_floor_prior_max1.8_mesh_p2_close0.75_far1.6_eval_cfg1.0_1.0.json::9d3329f3-b506-49ce-9edd-ac5155143bf4_DiningRoom-3017,2,True,False,False,True,False,0.0014542999997502193,1,baseline_rollback,0.0,0.0,0.0,1,2,0.5,7,0.9037618587914175,0.0,0.0,0,1,2,0.5,7,0.9037618587914175,0.0,0.0,0,1,2,0.5,7,0.9037618587914175,0.0,0.0,0,1,2,0.5,7,0.9037618587914175,0.0,0.0,0,1,2,0.5,7,0.9037618587914175,0.0,0.0,0
diningroom,123,9ec57030-6db6-4eb0-a0e1-5d1478906827_LivingDiningRoom-13962,diningroom_sgdiffusion_vq_objfeat_epoch_01239_relation_aware_parsed_floor_prior_max1.8_mesh_p2_close0.75_far1.6_eval_cfg1.0_1.0.json::9ec57030-6db6-4eb0-a0e1-5d1478906827_LivingDiningRoom-13962,1,True,True,False,True,False,0.002328200003830716,0,baseline_rollback,1.0,1.0,1.0,1,1,1.0,6,0.38510245353927464,0.0,0.0,0,1,1,1.0,6,0.38510245353927464,0.0,0.0,0,1,1,1.0,6,0.38510245353927464,0.0,0.0,0,1,1,1.0,6,0.38510245353927464,0.0,0.0,0,1,1,1.0,6,0.38510245353927464,0.0,0.0,0
diningroom,124,9f7ebccd-db81-4599-aafa-936c371f9012_LivingDiningRoom-22877,diningroom_sgdiffusion_vq_objfeat_epoch_01239_relation_aware_parsed_floor_prior_max1.8_mesh_p2_close0.75_far1.6_eval_cfg1.0_1.0.json::9f7ebccd-db81-4599-aafa-936c371f9012_LivingDiningRoom-22877,1,True,True,False,True,False,0.002560799999628216,0,baseline_rollback,5.0,5.0,5.0,0,1,0.0,7,0.995677300440077,0.0,0.0,0,0,1,0.0,7,0.995677300440077,0.0,0.0,0,0,1,0.0,7,0.995677300440077,0.0,0.0,0,0,1,0.0,7,0.995677300440077,0.0,0.0,0,0,1,0.0,7,0.995677300440077,0.0,0.0,0
diningroom,125,9f8f93c4-796c-41ff-863d-c7713981e450_LivingDiningRoom-4027,diningroom_sgdiffusion_vq_objfeat_epoch_01239_relation_aware_parsed_floor_prior_max1.8_mesh_p2_close0.75_far1.6_eval_cfg1.0_1.0.json::9f8f93c4-796c-41ff-863d-c7713981e450_LivingDiningRoom-4027,2,True,True,True,True,False,0.11925759999576258,0,baseline_rollback,1.0,1.0,1.0,0,2,0.0,3,0.20813096246438778,0.0,0.0,0,1,2,0.5,3,0.2914326307841679,0.2834603085207242,0.2834603085207242,1,0,2,0.0,3,0.20813096246438778,0.28346030852072424,0.28346030852072424,1,0,2,0.0,3,0.20813096246438778,0.0,0.0,0,0,2,0.0,3,0.20813096246438778,0.0,0.0,0
diningroom,126,a002b6aa-5fcb-4491-88b8-a8bf0f70f598_LivingDiningRoom-9373,diningroom_sgdiffusion_vq_objfeat_epoch_01239_relation_aware_parsed_floor_prior_max1.8_mesh_p2_close0.75_far1.6_eval_cfg1.0_1.0.json::a002b6aa-5fcb-4491-88b8-a8bf0f70f598_LivingDiningRoom-9373,1,True,True,False,True,False,0.001757099998940248,1,baseline_rollback,5.0,5.0,5.0,1,1,1.0,11,1.0563099519975498,0.0,0.0,0,1,1,1.0,11,1.0563099519975498,0.0,0.0,0,1,1,1.0,11,1.0563099519975498,0.0,0.0,0,1,1,1.0,11,1.0563099519975498,0.0,0.0,0,1,1,1.0,11,1.0563099519975498,0.0,0.0,0
diningroom,127,a0f0e5f2-09a8-4a38-a4a3-7e88a67c1575_LivingDiningRoom-1315,diningroom_sgdiffusion_vq_objfeat_epoch_01239_relation_aware_parsed_floor_prior_max1.8_mesh_p2_close0.75_far1.6_eval_cfg1.0_1.0.json::a0f0e5f2-09a8-4a38-a4a3-7e88a67c1575_LivingDiningRoom-1315,2,True,True,True,True,False,0.06496689999767113,0,baseline_rollback,0.0,0.0,0.0,1,2,0.5,6,0.3607167004318193,0.0,0.0,0,1,2,0.5,6,0.3607167004318193,0.46517421898768063,0.46517421898768063,1,1,2,0.5,5,0.3371502615439596,0.4651742189876806,0.4651742189876806,1,1,2,0.5,6,0.3607167004318193,0.0,0.0,0,1,2,0.5,6,0.3607167004318193,0.0,0.0,0
diningroom,128,a51a334d-6705-4820-8f10-4d024ba28d37_LivingDiningRoom-6081,diningroom_sgdiffusion_vq_objfeat_epoch_01239_relation_aware_parsed_floor_prior_max1.8_mesh_p2_close0.75_far1.6_eval_cfg1.0_1.0.json::a51a334d-6705-4820-8f10-4d024ba28d37_LivingDiningRoom-6081,0,True,True,False,True,False,0.0028609000000869855,0,baseline_rollback,0.0,0.0,0.0,0,0,0.0,8,0.8494481470832228,0.0,0.0,0,0,0,0.0,8,0.8494481470832228,0.0,0.0,0,0,0,0.0,8,0.8494481470832228,0.0,0.0,0,0,0,0.0,8,0.8494481470832228,0.0,0.0,0,0,0,0.0,8,0.8494481470832228,0.0,0.0,0
diningroom,129,a6121dc7-7fc9-4ca0-af1d-bacd537be48a_LivingDiningRoom-1196,diningroom_sgdiffusion_vq_objfeat_epoch_01239_relation_aware_parsed_floor_prior_max1.8_mesh_p2_close0.75_far1.6_eval_cfg1.0_1.0.json::a6121dc7-7fc9-4ca0-af1d-bacd537be48a_LivingDiningRoom-1196,1,True,True,False,True,False,0.0019876999940606765,0,baseline_rollback,7.0,7.0,7.0,0,1,0.0,8,0.4950474467192033,0.0,0.0,0,0,1,0.0,8,0.4950474467192033,0.0,0.0,0,0,1,0.0,8,0.4950474467192033,0.0,0.0,0,0,1,0.0,8,0.4950474467192033,0.0,0.0,0,0,1,0.0,8,0.4950474467192033,0.0,0.0,0
diningroom,130,a6295210-e8d7-401e-a5db-6efeef45e5d5_LivingDiningRoom-19698,diningroom_sgdiffusion_vq_objfeat_epoch_01239_relation_aware_parsed_floor_prior_max1.8_mesh_p2_close0.75_far1.6_eval_cfg1.0_1.0.json::a6295210-e8d7-401e-a5db-6efeef45e5d5_LivingDiningRoom-19698,2,True,True,False,True,False,0.0009265000044251792,2,baseline_rollback,0.0,0.0,0.0,1,2,0.5,1,1.6831314684800007,0.0,0.0,0,1,2,0.5,1,1.6831314684800007,0.0,0.0,0,1,2,0.5,1,1.6831314684800007,0.0,0.0,0,1,2,0.5,1,1.6831314684800007,0.0,0.0,0,1,2,0.5,1,1.6831314684800007,0.0,0.0,0
diningroom,131,a62c4a8d-d297-402a-b688-5d551d889530_DiningRoom-164,diningroom_sgdiffusion_vq_objfeat_epoch_01239_relation_aware_parsed_floor_prior_max1.8_mesh_p2_close0.75_far1.6_eval_cfg1.0_1.0.json::a62c4a8d-d297-402a-b688-5d551d889530_DiningRoom-164,2,True,True,True,True,False,0.0538961999991443,0,baseline_rollback,4.0,4.0,4.0,2,2,1.0,5,0.8849664028224787,0.0,0.0,0,2,2,1.0,5,0.8581916395630357,0.3859025168936464,0.3859025168936464,1,2,2,1.0,5,0.8849664028224787,0.38590251689364635,0.38590251689364635,1,2,2,1.0,5,0.8849664028224787,0.0,0.0,0,2,2,1.0,5,0.8849664028224787,0.0,0.0,0
diningroom,132,a9efa7e9-ca08-4e7b-84cb-a1cbe3a71211_LivingDiningRoom-43160,diningroom_sgdiffusion_vq_objfeat_epoch_01239_relation_aware_parsed_floor_prior_max1.8_mesh_p2_close0.75_far1.6_eval_cfg1.0_1.0.json::a9efa7e9-ca08-4e7b-84cb-a1cbe3a71211_LivingDiningRoom-43160,2,True,True,False,True,False,0.0007370000021182932,2,baseline_rollback,2.0,2.0,2.0,0,2,0.0,3,0.8229016569710504,0.0,0.0,0,0,2,0.0,3,0.8229016569710504,0.0,0.0,0,0,2,0.0,3,0.8229016569710504,0.0,0.0,0,0,2,0.0,3,0.8229016569710504,0.0,0.0,0,0,2,0.0,3,0.8229016569710504,0.0,0.0,0
diningroom,133,aa8112cc-d57e-4a9f-a425-d40e7d114b08_DiningRoom-34036,diningroom_sgdiffusion_vq_objfeat_epoch_01239_relation_aware_parsed_floor_prior_max1.8_mesh_p2_close0.75_far1.6_eval_cfg1.0_1.0.json::aa8112cc-d57e-4a9f-a425-d40e7d114b08_DiningRoom-34036,2,True,True,False,True,False,0.002569600001152139,1,baseline_rollback,0.0,0.0,0.0,1,2,0.5,4,0.09000972286644718,0.0,0.0,0,1,2,0.5,4,0.09000972286644718,0.0,0.0,0,1,2,0.5,4,0.09000972286644718,0.0,0.0,0,1,2,0.5,4,0.09000972286644718,0.0,0.0,0,1,2,0.5,4,0.09000972286644718,0.0,0.0,0
diningroom,134,aba20980-69fd-436b-917a-5f1324e22852_LivingDiningRoom-26816,diningroom_sgdiffusion_vq_objfeat_epoch_01239_relation_aware_parsed_floor_prior_max1.8_mesh_p2_close0.75_far1.6_eval_cfg1.0_1.0.json::aba20980-69fd-436b-917a-5f1324e22852_LivingDiningRoom-26816,2,True,True,False,True,False,0.0031607999990228564,0,baseline_rollback,5.0,5.0,5.0,2,2,1.0,7,0.8124813338345866,0.0,0.0,0,2,2,1.0,7,0.8124813338345866,0.0,0.0,0,2,2,1.0,7,0.8124813338345866,0.0,0.0,0,2,2,1.0,7,0.8124813338345866,0.0,0.0,0,2,2,1.0,7,0.8124813338345866,0.0,0.0,0
diningroom,135,af30f054-a88b-4acf-b497-5f67cbd25af6_DiningRoom-114621,diningroom_sgdiffusion_vq_objfeat_epoch_01239_relation_aware_parsed_floor_prior_max1.8_mesh_p2_close0.75_far1.6_eval_cfg1.0_1.0.json::af30f054-a88b-4acf-b497-5f67cbd25af6_DiningRoom-114621,2,True,False,False,True,False,0.004047499998705462,0,baseline_rollback,3.0,3.0,3.0,0,2,0.0,5,0.8253563486640989,0.0,0.0,0,0,2,0.0,5,0.8253563486640989,0.0,0.0,0,0,2,0.0,5,0.8253563486640989,0.0,0.0,0,0,2,0.0,5,0.8253563486640989,0.0,0.0,0,0,2,0.0,5,0.8253563486640989,0.0,0.0,0
diningroom,136,af474567-7aec-4b7f-8e0a-9054871beb8a_DiningRoom-33238,diningroom_sgdiffusion_vq_objfeat_epoch_01239_relation_aware_parsed_floor_prior_max1.8_mesh_p2_close0.75_far1.6_eval_cfg1.0_1.0.json::af474567-7aec-4b7f-8e0a-9054871beb8a_DiningRoom-33238,2,True,True,True,True,True,0.011474399994767737,0,warm_start,0.0,0.0,0.0,0,2,0.0,0,0.0,0.0,0.0,0,2,2,1.0,0,0.0,0.708062512602487,0.708062512602487,1,2,2,1.0,0,0.0,0.708062512602487,0.708062512602487,1,2,2,1.0,0,0.0,0.708062512602487,0.708062512602487,1,2,2,1.0,0,0.0,0.708062512602487,0.708062512602487,1
diningroom,137,b0dc2c16-296a-491e-a82b-d2d7fd8fdada_LivingDiningRoom-968,diningroom_sgdiffusion_vq_objfeat_epoch_01239_relation_aware_parsed_floor_prior_max1.8_mesh_p2_close0.75_far1.6_eval_cfg1.0_1.0.json::b0dc2c16-296a-491e-a82b-d2d7fd8fdada_LivingDiningRoom-968,1,True,True,False,True,False,0.002495599997928366,0,baseline_rollback,0.0,0.0,0.0,1,1,1.0,4,0.49483199896956803,0.0,0.0,0,1,1,1.0,4,0.49483199896956803,0.0,0.0,0,1,1,1.0,4,0.49483199896956803,0.0,0.0,0,1,1,1.0,4,0.49483199896956803,0.0,0.0,0,1,1,1.0,4,0.49483199896956803,0.0,0.0,0
diningroom,138,b28a98d3-1348-478e-825d-572ee7454666_LivingDiningRoom-13555,diningroom_sgdiffusion_vq_objfeat_epoch_01239_relation_aware_parsed_floor_prior_max1.8_mesh_p2_close0.75_far1.6_eval_cfg1.0_1.0.json::b28a98d3-1348-478e-825d-572ee7454666_LivingDiningRoom-13555,1,True,True,False,True,False,0.002094899995427113,1,baseline_rollback,3.0,3.0,3.0,0,1,0.0,13,1.883765103880514,0.0,0.0,0,0,1,0.0,13,1.883765103880514,0.0,0.0,0,0,1,0.0,13,1.883765103880514,0.0,0.0,0,0,1,0.0,13,1.883765103880514,0.0,0.0,0,0,1,0.0,13,1.883765103880514,0.0,0.0,0
diningroom,139,b9c1aec3-a600-4084-908a-c351c423a357_LivingDiningRoom-19374,diningroom_sgdiffusion_vq_objfeat_epoch_01239_relation_aware_parsed_floor_prior_max1.8_mesh_p2_close0.75_far1.6_eval_cfg1.0_1.0.json::b9c1aec3-a600-4084-908a-c351c423a357_LivingDiningRoom-19374,1,True,True,False,True,False,0.0030343999969772995,1,baseline_rollback,4.0,4.0,4.0,0,1,0.0,13,1.5962551375967424,0.0,0.0,0,0,1,0.0,13,1.5962551375967424,0.0,0.0,0,0,1,0.0,13,1.5962551375967424,0.0,0.0,0,0,1,0.0,13,1.5962551375967424,0.0,0.0,0,0,1,0.0,13,1.5962551375967424,0.0,0.0,0
diningroom,140,bb12eac8-8dc8-46e9-b614-f5af84404423_DiningRoom-69393,diningroom_sgdiffusion_vq_objfeat_epoch_01239_relation_aware_parsed_floor_prior_max1.8_mesh_p2_close0.75_far1.6_eval_cfg1.0_1.0.json::bb12eac8-8dc8-46e9-b614-f5af84404423_DiningRoom-69393,1,True,True,False,True,False,0.007629799998539966,0,baseline_rollback,3.0,3.0,3.0,1,1,1.0,10,2.6465529672321892,0.0,0.0,0,1,1,1.0,10,2.6465529672321892,0.0,0.0,0,1,1,1.0,10,2.6465529672321892,0.0,0.0,0,1,1,1.0,10,2.6465529672321892,0.0,0.0,0,1,1,1.0,10,2.6465529672321892,0.0,0.0,0
diningroom,141,bb4a55db-d988-4d61-bc52-175a9a8cec51_DiningRoom-87276,diningroom_sgdiffusion_vq_objfeat_epoch_01239_relation_aware_parsed_floor_prior_max1.8_mesh_p2_close0.75_far1.6_eval_cfg1.0_1.0.json::bb4a55db-d988-4d61-bc52-175a9a8cec51_DiningRoom-87276,1,True,True,False,True,False,0.002524499999708496,0,baseline_rollback,0.0,0.0,0.0,1,1,1.0,7,0.7125413285452391,0.0,0.0,0,1,1,1.0,7,0.7125413285452391,0.0,0.0,0,1,1,1.0,7,0.7125413285452391,0.0,0.0,0,1,1,1.0,7,0.7125413285452391,0.0,0.0,0,1,1,1.0,7,0.7125413285452391,0.0,0.0,0
diningroom,142,bbb6f659-f2da-4785-95f3-5fdcf0f66dd4_LivingDiningRoom-4850,diningroom_sgdiffusion_vq_objfeat_epoch_01239_relation_aware_parsed_floor_prior_max1.8_mesh_p2_close0.75_far1.6_eval_cfg1.0_1.0.json::bbb6f659-f2da-4785-95f3-5fdcf0f66dd4_LivingDiningRoom-4850,0,True,True,False,True,False,0.0031776000032550655,0,baseline_rollback,2.0,2.0,2.0,0,0,0.0,8,1.655951780476487,0.0,0.0,0,0,0,0.0,8,1.655951780476487,0.0,0.0,0,0,0,0.0,8,1.655951780476487,0.0,0.0,0,0,0,0.0,8,1.655951780476487,0.0,0.0,0,0,0,0.0,8,1.655951780476487,0.0,0.0,0
diningroom,143,bbf5f0c3-25b9-4288-afa1-f2545fab15ba_DiningRoom-16460,diningroom_sgdiffusion_vq_objfeat_epoch_01239_relation_aware_parsed_floor_prior_max1.8_mesh_p2_close0.75_far1.6_eval_cfg1.0_1.0.json::bbf5f0c3-25b9-4288-afa1-f2545fab15ba_DiningRoom-16460,1,True,False,False,True,False,0.007194300000264775,0,baseline_rollback,3.0,3.0,3.0,0,1,0.0,9,1.5405920242165767,0.0,0.0,0,0,1,0.0,9,1.5405920242165767,0.0,0.0,0,0,1,0.0,9,1.5405920242165767,0.0,0.0,0,0,1,0.0,9,1.5405920242165767,0.0,0.0,0,0,1,0.0,9,1.5405920242165767,0.0,0.0,0
diningroom,144,bc3508cf-b422-480f-baa2-80fd11a6a11d_LivingDiningRoom-17385,diningroom_sgdiffusion_vq_objfeat_epoch_01239_relation_aware_parsed_floor_prior_max1.8_mesh_p2_close0.75_far1.6_eval_cfg1.0_1.0.json::bc3508cf-b422-480f-baa2-80fd11a6a11d_LivingDiningRoom-17385,2,True,True,False,True,False,0.0022573000023839995,0,baseline_rollback,2.0,2.0,2.0,2,2,1.0,7,0.7912384840608956,0.0,0.0,0,2,2,1.0,7,0.7912384840608956,0.0,0.0,0,2,2,1.0,7,0.7912384840608956,0.0,0.0,0,2,2,1.0,7,0.7912384840608956,0.0,0.0,0,2,2,1.0,7,0.7912384840608956,0.0,0.0,0
diningroom,145,be37ae8e-a3aa-4202-a812-9be187c941b5_DiningRoom-31322,diningroom_sgdiffusion_vq_objfeat_epoch_01239_relation_aware_parsed_floor_prior_max1.8_mesh_p2_close0.75_far1.6_eval_cfg1.0_1.0.json::be37ae8e-a3aa-4202-a812-9be187c941b5_DiningRoom-31322,2,True,True,False,True,False,0.001934100000653416,0,baseline_rollback,1.0,1.0,1.0,2,2,1.0,9,1.1426726983545632,0.0,0.0,0,2,2,1.0,9,1.1426726983545632,0.0,0.0,0,2,2,1.0,9,1.1426726983545632,0.0,0.0,0,2,2,1.0,9,1.1426726983545632,0.0,0.0,0,2,2,1.0,9,1.1426726983545632,0.0,0.0,0
diningroom,146,be677899-49c7-4ae5-89f8-7e3b54f37f0a_LivingDiningRoom-16155,diningroom_sgdiffusion_vq_objfeat_epoch_01239_relation_aware_parsed_floor_prior_max1.8_mesh_p2_close0.75_far1.6_eval_cfg1.0_1.0.json::be677899-49c7-4ae5-89f8-7e3b54f37f0a_LivingDiningRoom-16155,2,True,True,True,True,True,0.19370019999769283,0,warm_start,1.0,1.0,1.0,1,2,0.5,9,0.9509561512167872,0.0,0.0,0,1,2,0.5,9,0.8466199488528239,0.5282951391135879,0.5282951391135879,1,1,2,0.5,9,0.923691666385771,0.528295139113588,0.528295139113588,1,1,2,0.5,9,0.8466199488528239,0.5282951391135879,0.5282951391135879,1,1,2,0.5,9,0.8466199488528239,0.5282951391135879,0.5282951391135879,1
diningroom,147,bf0c006b-a15a-4357-ac71-9d0249d85d72_DiningRoom-20718,diningroom_sgdiffusion_vq_objfeat_epoch_01239_relation_aware_parsed_floor_prior_max1.8_mesh_p2_close0.75_far1.6_eval_cfg1.0_1.0.json::bf0c006b-a15a-4357-ac71-9d0249d85d72_DiningRoom-20718,1,True,True,False,True,False,0.0051881999970646575,1,baseline_rollback,4.0,4.0,4.0,1,1,1.0,16,2.023787114501959,0.0,0.0,0,1,1,1.0,16,2.023787114501959,0.0,0.0,0,1,1,1.0,16,2.023787114501959,0.0,0.0,0,1,1,1.0,16,2.023787114501959,0.0,0.0,0,1,1,1.0,16,2.023787114501959,0.0,0.0,0
diningroom,148,c05880a2-1426-4f4f-947a-cb0c2b43b913_LivingDiningRoom-14432,diningroom_sgdiffusion_vq_objfeat_epoch_01239_relation_aware_parsed_floor_prior_max1.8_mesh_p2_close0.75_far1.6_eval_cfg1.0_1.0.json::c05880a2-1426-4f4f-947a-cb0c2b43b913_LivingDiningRoom-14432,2,True,False,False,True,False,0.0038586999944527633,0,baseline_rollback,1.0,1.0,1.0,1,2,0.5,4,0.191002647971176,0.0,0.0,0,1,2,0.5,4,0.191002647971176,0.0,0.0,0,1,2,0.5,4,0.191002647971176,0.0,0.0,0,1,2,0.5,4,0.191002647971176,0.0,0.0,0,1,2,0.5,4,0.191002647971176,0.0,0.0,0
diningroom,149,c3b5ef1d-9ca1-4c6f-b793-443d7682f970_DiningRoom-7122,diningroom_sgdiffusion_vq_objfeat_epoch_01239_relation_aware_parsed_floor_prior_max1.8_mesh_p2_close0.75_far1.6_eval_cfg1.0_1.0.json::c3b5ef1d-9ca1-4c6f-b793-443d7682f970_DiningRoom-7122,2,True,True,False,True,False,0.007194899997557513,0,baseline_rollback,7.0,7.0,7.0,2,2,1.0,9,0.878071921649969,0.0,0.0,0,2,2,1.0,9,0.878071921649969,0.0,0.0,0,2,2,1.0,9,0.878071921649969,0.0,0.0,0,2,2,1.0,9,0.878071921649969,0.0,0.0,0,2,2,1.0,9,0.878071921649969,0.0,0.0,0
diningroom,150,c5c99bbd-e9d2-40ff-b46c-43ed48e08864_LivingDiningRoom-7430,diningroom_sgdiffusion_vq_objfeat_epoch_01239_relation_aware_parsed_floor_prior_max1.8_mesh_p2_close0.75_far1.6_eval_cfg1.0_1.0.json::c5c99bbd-e9d2-40ff-b46c-43ed48e08864_LivingDiningRoom-7430,1,True,True,False,True,False,0.002644199994392693,0,baseline_rollback,2.0,2.0,2.0,1,1,1.0,6,0.21020646043291746,0.0,0.0,0,1,1,1.0,6,0.21020646043291746,0.0,0.0,0,1,1,1.0,6,0.21020646043291746,0.0,0.0,0,1,1,1.0,6,0.21020646043291746,0.0,0.0,0,1,1,1.0,6,0.21020646043291746,0.0,0.0,0
diningroom,151,c9f70be8-2021-4fb1-b599-da3b4e184543_LivingDiningRoom-941,diningroom_sgdiffusion_vq_objfeat_epoch_01239_relation_aware_parsed_floor_prior_max1.8_mesh_p2_close0.75_far1.6_eval_cfg1.0_1.0.json::c9f70be8-2021-4fb1-b599-da3b4e184543_LivingDiningRoom-941,1,True,False,False,True,False,0.003198599995812401,0,baseline_rollback,1.0,1.0,1.0,1,1,1.0,15,4.362616535519379,0.0,0.0,0,1,1,1.0,15,4.362616535519379,0.0,0.0,0,1,1,1.0,15,4.362616535519379,0.0,0.0,0,1,1,1.0,15,4.362616535519379,0.0,0.0,0,1,1,1.0,15,4.362616535519379,0.0,0.0,0
diningroom,152,cc630582-147a-4713-8a41-16912ec0af41_LivingDiningRoom-10201,diningroom_sgdiffusion_vq_objfeat_epoch_01239_relation_aware_parsed_floor_prior_max1.8_mesh_p2_close0.75_far1.6_eval_cfg1.0_1.0.json::cc630582-147a-4713-8a41-16912ec0af41_LivingDiningRoom-10201,0,True,True,False,True,False,0.002052299998467788,0,baseline_rollback,1.0,1.0,1.0,0,0,0.0,9,1.199280620607994,0.0,0.0,0,0,0,0.0,9,1.199280620607994,0.0,0.0,0,0,0,0.0,9,1.199280620607994,0.0,0.0,0,0,0,0.0,9,1.199280620607994,0.0,0.0,0,0,0,0.0,9,1.199280620607994,0.0,0.0,0
diningroom,153,cf969c1a-14dd-420c-8739-eda9f0705070_LivingDiningRoom-69704,diningroom_sgdiffusion_vq_objfeat_epoch_01239_relation_aware_parsed_floor_prior_max1.8_mesh_p2_close0.75_far1.6_eval_cfg1.0_1.0.json::cf969c1a-14dd-420c-8739-eda9f0705070_LivingDiningRoom-69704,1,True,True,False,True,False,0.0031999999991967343,0,baseline_rollback,0.0,0.0,0.0,1,1,1.0,4,0.9642763922167066,0.0,0.0,0,1,1,1.0,4,0.9642763922167066,0.0,0.0,0,1,1,1.0,4,0.9642763922167066,0.0,0.0,0,1,1,1.0,4,0.9642763922167066,0.0,0.0,0,1,1,1.0,4,0.9642763922167066,0.0,0.0,0
diningroom,154,d1200595-8df1-4758-983f-8b8ba63c25f6_DiningRoom-22339,diningroom_sgdiffusion_vq_objfeat_epoch_01239_relation_aware_parsed_floor_prior_max1.8_mesh_p2_close0.75_far1.6_eval_cfg1.0_1.0.json::d1200595-8df1-4758-983f-8b8ba63c25f6_DiningRoom-22339,2,True,True,False,True,False,0.002667400003701914,0,baseline_rollback,0.0,0.0,0.0,2,2,1.0,5,0.7170957230307436,0.0,0.0,0,2,2,1.0,5,0.7170957230307436,0.0,0.0,0,2,2,1.0,5,0.7170957230307436,0.0,0.0,0,2,2,1.0,5,0.7170957230307436,0.0,0.0,0,2,2,1.0,5,0.7170957230307436,0.0,0.0,0
diningroom,155,d2832564-46fd-4bed-a477-02c848c8a60f_LivingDiningRoom-2959,diningroom_sgdiffusion_vq_objfeat_epoch_01239_relation_aware_parsed_floor_prior_max1.8_mesh_p2_close0.75_far1.6_eval_cfg1.0_1.0.json::d2832564-46fd-4bed-a477-02c848c8a60f_LivingDiningRoom-2959,1,True,True,False,True,False,0.0013776000050711446,0,baseline_rollback,0.0,0.0,0.0,1,1,1.0,3,0.9646957008776659,0.0,0.0,0,1,1,1.0,3,0.9646957008776659,0.0,0.0,0,1,1,1.0,3,0.9646957008776659,0.0,0.0,0,1,1,1.0,3,0.9646957008776659,0.0,0.0,0,1,1,1.0,3,0.9646957008776659,0.0,0.0,0
diningroom,156,d370c471-53bd-4027-aafb-1e611b97946a_DiningRoom-12376,diningroom_sgdiffusion_vq_objfeat_epoch_01239_relation_aware_parsed_floor_prior_max1.8_mesh_p2_close0.75_far1.6_eval_cfg1.0_1.0.json::d370c471-53bd-4027-aafb-1e611b97946a_DiningRoom-12376,1,True,True,False,True,False,0.0007886999956099316,0,baseline_rollback,0.0,0.0,0.0,1,1,1.0,1,1.2768498406666666,0.0,0.0,0,1,1,1.0,1,1.2768498406666666,0.0,0.0,0,1,1,1.0,1,1.2768498406666666,0.0,0.0,0,1,1,1.0,1,1.2768498406666666,0.0,0.0,0,1,1,1.0,1,1.2768498406666666,0.0,0.0,0
diningroom,157,d4237a89-ec0b-42da-b170-231cfa26f8a8_DiningRoom-19885,diningroom_sgdiffusion_vq_objfeat_epoch_01239_relation_aware_parsed_floor_prior_max1.8_mesh_p2_close0.75_far1.6_eval_cfg1.0_1.0.json::d4237a89-ec0b-42da-b170-231cfa26f8a8_DiningRoom-19885,1,True,True,False,True,False,0.0018551999964984134,0,baseline_rollback,0.0,0.0,0.0,1,1,1.0,4,0.7822416344434262,0.0,0.0,0,1,1,1.0,4,0.7822416344434262,0.0,0.0,0,1,1,1.0,4,0.7822416344434262,0.0,0.0,0,1,1,1.0,4,0.7822416344434262,0.0,0.0,0,1,1,1.0,4,0.7822416344434262,0.0,0.0,0
diningroom,158,d4ab07cf-fc3d-4b62-bf91-01525ca31d1e_LivingDiningRoom-11167,diningroom_sgdiffusion_vq_objfeat_epoch_01239_relation_aware_parsed_floor_prior_max1.8_mesh_p2_close0.75_far1.6_eval_cfg1.0_1.0.json::d4ab07cf-fc3d-4b62-bf91-01525ca31d1e_LivingDiningRoom-11167,2,True,True,True,True,False,0.23966959999961546,0,baseline_rollback,4.0,2.0,4.0,1,2,0.5,9,1.280280901636109,0.0,0.0,0,2,2,1.0,8,1.372001341300593,0.5106685931311711,0.5106685931311711,1,1,2,0.5,9,1.280280901636109,0.5106685931311709,0.5106685931311709,1,1,2,0.5,9,1.280280901636109,0.0,0.0,0,1,2,0.5,9,1.280280901636109,0.0,0.0,0
diningroom,159,d63b9c4d-0b03-4e0d-94d1-c113aec32e22_LivingDiningRoom-47893,diningroom_sgdiffusion_vq_objfeat_epoch_01239_relation_aware_parsed_floor_prior_max1.8_mesh_p2_close0.75_far1.6_eval_cfg1.0_1.0.json::d63b9c4d-0b03-4e0d-94d1-c113aec32e22_LivingDiningRoom-47893,1,True,True,False,True,False,0.003710299999511335,1,baseline_rollback,4.0,4.0,4.0,1,1,1.0,8,1.1009014929461907,0.0,0.0,0,1,1,1.0,8,1.1009014929461907,0.0,0.0,0,1,1,1.0,8,1.1009014929461907,0.0,0.0,0,1,1,1.0,8,1.1009014929461907,0.0,0.0,0,1,1,1.0,8,1.1009014929461907,0.0,0.0,0
diningroom,160,d97a1fd8-ec70-438d-a7fd-a7badea1eda3_LivingDiningRoom-11440,diningroom_sgdiffusion_vq_objfeat_epoch_01239_relation_aware_parsed_floor_prior_max1.8_mesh_p2_close0.75_far1.6_eval_cfg1.0_1.0.json::d97a1fd8-ec70-438d-a7fd-a7badea1eda3_LivingDiningRoom-11440,0,True,True,False,True,False,0.008043000001634937,0,baseline_rollback,5.0,5.0,5.0,0,0,0.0,16,4.119174796982863,0.0,0.0,0,0,0,0.0,16,4.119174796982863,0.0,0.0,0,0,0,0.0,16,4.119174796982863,0.0,0.0,0,0,0,0.0,16,4.119174796982863,0.0,0.0,0,0,0,0.0,16,4.119174796982863,0.0,0.0,0
diningroom,161,dd6bddd4-69e6-4636-a698-33c6efba7a7e_DiningRoom-2831,diningroom_sgdiffusion_vq_objfeat_epoch_01239_relation_aware_parsed_floor_prior_max1.8_mesh_p2_close0.75_far1.6_eval_cfg1.0_1.0.json::dd6bddd4-69e6-4636-a698-33c6efba7a7e_DiningRoom-2831,1,True,True,False,True,False,0.001029999999445863,0,baseline_rollback,0.0,0.0,0.0,1,1,1.0,6,0.6661661083952092,0.0,0.0,0,1,1,1.0,6,0.6661661083952092,0.0,0.0,0,1,1,1.0,6,0.6661661083952092,0.0,0.0,0,1,1,1.0,6,0.6661661083952092,0.0,0.0,0,1,1,1.0,6,0.6661661083952092,0.0,0.0,0
diningroom,162,e2d00f14-06f1-4b29-a9a1-f17618a2d7b7_DiningRoom-60525,diningroom_sgdiffusion_vq_objfeat_epoch_01239_relation_aware_parsed_floor_prior_max1.8_mesh_p2_close0.75_far1.6_eval_cfg1.0_1.0.json::e2d00f14-06f1-4b29-a9a1-f17618a2d7b7_DiningRoom-60525,2,True,True,False,True,False,0.0017924999992828816,0,baseline_rollback,0.0,0.0,0.0,0,2,0.0,1,0.02448997699921082,0.0,0.0,0,0,2,0.0,1,0.02448997699921082,0.0,0.0,0,0,2,0.0,1,0.02448997699921082,0.0,0.0,0,0,2,0.0,1,0.02448997699921082,0.0,0.0,0,0,2,0.0,1,0.02448997699921082,0.0,0.0,0
diningroom,163,e5a744d6-d36d-4682-877f-fea6e9614c94_LivingDiningRoom-17836,diningroom_sgdiffusion_vq_objfeat_epoch_01239_relation_aware_parsed_floor_prior_max1.8_mesh_p2_close0.75_far1.6_eval_cfg1.0_1.0.json::e5a744d6-d36d-4682-877f-fea6e9614c94_LivingDiningRoom-17836,2,True,True,False,True,False,0.0028213999976287596,0,baseline_rollback,2.0,2.0,2.0,2,2,1.0,6,0.3978268804142488,0.0,0.0,0,2,2,1.0,6,0.3978268804142488,0.0,0.0,0,2,2,1.0,6,0.3978268804142488,0.0,0.0,0,2,2,1.0,6,0.3978268804142488,0.0,0.0,0,2,2,1.0,6,0.3978268804142488,0.0,0.0,0
diningroom,164,e892807a-549e-4a8f-855b-075fa1b70c9f_LivingDiningRoom-19931,diningroom_sgdiffusion_vq_objfeat_epoch_01239_relation_aware_parsed_floor_prior_max1.8_mesh_p2_close0.75_far1.6_eval_cfg1.0_1.0.json::e892807a-549e-4a8f-855b-075fa1b70c9f_LivingDiningRoom-19931,1,True,True,False,True,False,0.0022213999982341193,0,baseline_rollback,0.0,0.0,0.0,1,1,1.0,4,0.11770149017583474,0.0,0.0,0,1,1,1.0,4,0.11770149017583474,0.0,0.0,0,1,1,1.0,4,0.11770149017583474,0.0,0.0,0,1,1,1.0,4,0.11770149017583474,0.0,0.0,0,1,1,1.0,4,0.11770149017583474,0.0,0.0,0
diningroom,165,e8d819e4-bfb3-406e-a683-0ea452650633_LivingDiningRoom-163914,diningroom_sgdiffusion_vq_objfeat_epoch_01239_relation_aware_parsed_floor_prior_max1.8_mesh_p2_close0.75_far1.6_eval_cfg1.0_1.0.json::e8d819e4-bfb3-406e-a683-0ea452650633_LivingDiningRoom-163914,1,True,True,False,True,False,0.00494740000431193,0,baseline_rollback,1.0,1.0,1.0,1,1,1.0,5,0.41893772564716514,0.0,0.0,0,1,1,1.0,5,0.41893772564716514,0.0,0.0,0,1,1,1.0,5,0.41893772564716514,0.0,0.0,0,1,1,1.0,5,0.41893772564716514,0.0,0.0,0,1,1,1.0,5,0.41893772564716514,0.0,0.0,0
diningroom,166,eca62dc1-f5a9-4b74-a568-420fc7e66d68_LivingDiningRoom-25714,diningroom_sgdiffusion_vq_objfeat_epoch_01239_relation_aware_parsed_floor_prior_max1.8_mesh_p2_close0.75_far1.6_eval_cfg1.0_1.0.json::eca62dc1-f5a9-4b74-a568-420fc7e66d68_LivingDiningRoom-25714,2,True,True,False,True,False,0.0037764000007882714,0,baseline_rollback,6.0,6.0,6.0,2,2,1.0,9,1.1489762601232512,0.0,0.0,0,2,2,1.0,9,1.1489762601232512,0.0,0.0,0,2,2,1.0,9,1.1489762601232512,0.0,0.0,0,2,2,1.0,9,1.1489762601232512,0.0,0.0,0,2,2,1.0,9,1.1489762601232512,0.0,0.0,0
diningroom,167,ed28807d-83d3-437e-95bd-cf1392ad21e9_DiningRoom-55572,diningroom_sgdiffusion_vq_objfeat_epoch_01239_relation_aware_parsed_floor_prior_max1.8_mesh_p2_close0.75_far1.6_eval_cfg1.0_1.0.json::ed28807d-83d3-437e-95bd-cf1392ad21e9_DiningRoom-55572,2,True,True,True,True,False,0.14666489999945043,0,baseline_rollback,4.0,3.0,4.0,2,2,1.0,6,1.168483228881934,0.0,0.0,0,2,2,1.0,6,1.9774764637065059,1.5506584973303228,1.5506584973303228,1,2,2,1.0,5,1.1294269827588073,1.5506584973303228,1.5506584973303228,1,2,2,1.0,6,1.168483228881934,0.0,0.0,0,2,2,1.0,6,1.168483228881934,0.0,0.0,0
diningroom,168,ef538119-2339-4538-94d3-06711fe4ae99_LivingDiningRoom-814,diningroom_sgdiffusion_vq_objfeat_epoch_01239_relation_aware_parsed_floor_prior_max1.8_mesh_p2_close0.75_far1.6_eval_cfg1.0_1.0.json::ef538119-2339-4538-94d3-06711fe4ae99_LivingDiningRoom-814,2,True,False,False,True,False,0.0005100999987917021,0,baseline_rollback,0.0,0.0,0.0,0,2,0.0,0,0.0,0.0,0.0,0,0,2,0.0,0,0.0,0.0,0.0,0,0,2,0.0,0,0.0,0.0,0.0,0,0,2,0.0,0,0.0,0.0,0.0,0,0,2,0.0,0,0.0,0.0,0.0,0
diningroom,169,f18ac5cc-b441-40b9-ac1e-a799bdb8cf15_LivingDiningRoom-64631,diningroom_sgdiffusion_vq_objfeat_epoch_01239_relation_aware_parsed_floor_prior_max1.8_mesh_p2_close0.75_far1.6_eval_cfg1.0_1.0.json::f18ac5cc-b441-40b9-ac1e-a799bdb8cf15_LivingDiningRoom-64631,1,True,True,False,True,False,0.005400500005634967,0,baseline_rollback,6.0,6.0,6.0,0,1,0.0,18,3.3706415356909547,0.0,0.0,0,0,1,0.0,18,3.3706415356909547,0.0,0.0,0,0,1,0.0,18,3.3706415356909547,0.0,0.0,0,0,1,0.0,18,3.3706415356909547,0.0,0.0,0,0,1,0.0,18,3.3706415356909547,0.0,0.0,0
diningroom,170,f29cea89-70ae-49d7-8d1f-b7c1e7cada53_DiningRoom-24191,diningroom_sgdiffusion_vq_objfeat_epoch_01239_relation_aware_parsed_floor_prior_max1.8_mesh_p2_close0.75_far1.6_eval_cfg1.0_1.0.json::f29cea89-70ae-49d7-8d1f-b7c1e7cada53_DiningRoom-24191,1,True,True,False,True,False,0.0016675000006216578,0,baseline_rollback,2.0,2.0,2.0,1,1,1.0,5,0.8709192807222559,0.0,0.0,0,1,1,1.0,5,0.8709192807222559,0.0,0.0,0,1,1,1.0,5,0.8709192807222559,0.0,0.0,0,1,1,1.0,5,0.8709192807222559,0.0,0.0,0,1,1,1.0,5,0.8709192807222559,0.0,0.0,0
diningroom,171,f82d44c6-df98-404b-870d-b6f378d2151e_LivingDiningRoom-6060,diningroom_sgdiffusion_vq_objfeat_epoch_01239_relation_aware_parsed_floor_prior_max1.8_mesh_p2_close0.75_far1.6_eval_cfg1.0_1.0.json::f82d44c6-df98-404b-870d-b6f378d2151e_LivingDiningRoom-6060,1,True,True,False,True,False,0.009176799998385832,0,baseline_rollback,4.0,4.0,4.0,1,1,1.0,10,0.654906546281681,0.0,0.0,0,1,1,1.0,10,0.654906546281681,0.0,0.0,0,1,1,1.0,10,0.654906546281681,0.0,0.0,0,1,1,1.0,10,0.654906546281681,0.0,0.0,0,1,1,1.0,10,0.654906546281681,0.0,0.0,0
diningroom,172,f877d2a1-678f-49a0-a90e-e99ff27134c7_DiningRoom-13034,diningroom_sgdiffusion_vq_objfeat_epoch_01239_relation_aware_parsed_floor_prior_max1.8_mesh_p2_close0.75_far1.6_eval_cfg1.0_1.0.json::f877d2a1-678f-49a0-a90e-e99ff27134c7_DiningRoom-13034,1,True,True,False,True,False,0.0015825999944354407,0,baseline_rollback,7.0,7.0,7.0,1,1,1.0,15,1.5047174377558787,0.0,0.0,0,1,1,1.0,15,1.5047174377558787,0.0,0.0,0,1,1,1.0,15,1.5047174377558787,0.0,0.0,0,1,1,1.0,15,1.5047174377558787,0.0,0.0,0,1,1,1.0,15,1.5047174377558787,0.0,0.0,0
diningroom,173,f975259e-3295-4fd2-b0b1-f300c3ed3d3d_DiningRoom-21509,diningroom_sgdiffusion_vq_objfeat_epoch_01239_relation_aware_parsed_floor_prior_max1.8_mesh_p2_close0.75_far1.6_eval_cfg1.0_1.0.json::f975259e-3295-4fd2-b0b1-f300c3ed3d3d_DiningRoom-21509,2,True,True,False,True,False,0.0015771000034874305,0,baseline_rollback,1.0,1.0,1.0,2,2,1.0,2,0.1447034669580501,0.0,0.0,0,2,2,1.0,2,0.1447034669580501,0.0,0.0,0,2,2,1.0,2,0.1447034669580501,0.0,0.0,0,2,2,1.0,2,0.1447034669580501,0.0,0.0,0,2,2,1.0,2,0.1447034669580501,0.0,0.0,0
diningroom,174,f9b500af-25f8-4d88-ab0d-f36dc3e765b8_LivingDiningRoom-99518,diningroom_sgdiffusion_vq_objfeat_epoch_01239_relation_aware_parsed_floor_prior_max1.8_mesh_p2_close0.75_far1.6_eval_cfg1.0_1.0.json::f9b500af-25f8-4d88-ab0d-f36dc3e765b8_LivingDiningRoom-99518,1,True,True,False,True,False,0.004155799993895926,0,baseline_rollback,5.0,5.0,5.0,1,1,1.0,10,0.7530612003485151,0.0,0.0,0,1,1,1.0,10,0.7530612003485151,0.0,0.0,0,1,1,1.0,10,0.7530612003485151,0.0,0.0,0,1,1,1.0,10,0.7530612003485151,0.0,0.0,0,1,1,1.0,10,0.7530612003485151,0.0,0.0,0
diningroom,175,fa21ce43-f02e-43a0-8f64-31f81cb339b1_DiningRoom-42541,diningroom_sgdiffusion_vq_objfeat_epoch_01239_relation_aware_parsed_floor_prior_max1.8_mesh_p2_close0.75_far1.6_eval_cfg1.0_1.0.json::fa21ce43-f02e-43a0-8f64-31f81cb339b1_DiningRoom-42541,1,True,True,False,True,False,0.0010121000013896264,0,baseline_rollback,4.0,4.0,4.0,1,1,1.0,9,1.6054900672597312,0.0,0.0,0,1,1,1.0,9,1.6054900672597312,0.0,0.0,0,1,1,1.0,9,1.6054900672597312,0.0,0.0,0,1,1,1.0,9,1.6054900672597312,0.0,0.0,0,1,1,1.0,9,1.6054900672597312,0.0,0.0,0
diningroom,176,fbb124a7-d4d2-46a0-9465-fc790f714350_DiningRoom-13727,diningroom_sgdiffusion_vq_objfeat_epoch_01239_relation_aware_parsed_floor_prior_max1.8_mesh_p2_close0.75_far1.6_eval_cfg1.0_1.0.json::fbb124a7-d4d2-46a0-9465-fc790f714350_DiningRoom-13727,1,True,True,False,True,False,0.001617699999769684,0,baseline_rollback,1.0,1.0,1.0,1,1,1.0,4,0.5661224252267305,0.0,0.0,0,1,1,1.0,4,0.5661224252267305,0.0,0.0,0,1,1,1.0,4,0.5661224252267305,0.0,0.0,0,1,1,1.0,4,0.5661224252267305,0.0,0.0,0,1,1,1.0,4,0.5661224252267305,0.0,0.0,0
livingroom,0,0047c3ab-951b-4182-9082-b9fbf099c142_LivingDiningRoom-2065,livingroom_sgdiffusion_vq_objfeat_epoch_01459_relation_aware_parsed_floor_prior_max1.8_mesh_p2_close0.75_far1.6_eval_cfg1.0_1.0.json::0047c3ab-951b-4182-9082-b9fbf099c142_LivingDiningRoom-2065,1,True,True,False,True,False,0.001051999999617692,0,baseline_rollback,4.0,4.0,4.0,1,1,1.0,5,0.8603271945246247,0.0,0.0,0,1,1,1.0,5,0.8603271945246247,0.0,0.0,0,1,1,1.0,5,0.8603271945246247,0.0,0.0,0,1,1,1.0,5,0.8603271945246247,0.0,0.0,0,1,1,1.0,5,0.8603271945246247,0.0,0.0,0
livingroom,1,00ecd021-64bb-4bc4-b754-1796d2a12965_LivingDiningRoom-84752,livingroom_sgdiffusion_vq_objfeat_epoch_01459_relation_aware_parsed_floor_prior_max1.8_mesh_p2_close0.75_far1.6_eval_cfg1.0_1.0.json::00ecd021-64bb-4bc4-b754-1796d2a12965_LivingDiningRoom-84752,1,True,True,False,True,False,0.002011800002946984,0,baseline_rollback,4.0,4.0,4.0,1,1,1.0,11,1.165072158711922,0.0,0.0,0,1,1,1.0,11,1.165072158711922,0.0,0.0,0,1,1,1.0,11,1.165072158711922,0.0,0.0,0,1,1,1.0,11,1.165072158711922,0.0,0.0,0,1,1,1.0,11,1.165072158711922,0.0,0.0,0
livingroom,2,016e8e9e-143b-4f12-9679-3ca930a1b6d6_LivingDiningRoom-34678,livingroom_sgdiffusion_vq_objfeat_epoch_01459_relation_aware_parsed_floor_prior_max1.8_mesh_p2_close0.75_far1.6_eval_cfg1.0_1.0.json::016e8e9e-143b-4f12-9679-3ca930a1b6d6_LivingDiningRoom-34678,1,True,True,False,True,False,0.0032043000028352253,0,baseline_rollback,1.0,1.0,1.0,0,1,0.0,5,0.5446180342737994,0.0,0.0,0,0,1,0.0,5,0.5446180342737994,0.0,0.0,0,0,1,0.0,5,0.5446180342737994,0.0,0.0,0,0,1,0.0,5,0.5446180342737994,0.0,0.0,0,0,1,0.0,5,0.5446180342737994,0.0,0.0,0
livingroom,3,0220df39-8356-4ba5-8f26-4f385afa2cae_LivingRoom-37659,livingroom_sgdiffusion_vq_objfeat_epoch_01459_relation_aware_parsed_floor_prior_max1.8_mesh_p2_close0.75_far1.6_eval_cfg1.0_1.0.json::0220df39-8356-4ba5-8f26-4f385afa2cae_LivingRoom-37659,0,True,True,False,True,False,0.0029821000061929226,0,baseline_rollback,4.0,4.0,4.0,0,0,0.0,11,1.8924448033149117,0.0,0.0,0,0,0,0.0,11,1.8924448033149117,0.0,0.0,0,0,0,0.0,11,1.8924448033149117,0.0,0.0,0,0,0,0.0,11,1.8924448033149117,0.0,0.0,0,0,0,0.0,11,1.8924448033149117,0.0,0.0,0
livingroom,4,04f0aee8-b117-434b-bcd2-a78766f49106_LivingDiningRoom-14873,livingroom_sgdiffusion_vq_objfeat_epoch_01459_relation_aware_parsed_floor_prior_max1.8_mesh_p2_close0.75_far1.6_eval_cfg1.0_1.0.json::04f0aee8-b117-434b-bcd2-a78766f49106_LivingDiningRoom-14873,1,True,True,False,True,False,0.002614799996081274,1,baseline_rollback,1.0,1.0,1.0,1,1,1.0,10,1.9310615683327454,0.0,0.0,0,1,1,1.0,10,1.9310615683327454,0.0,0.0,0,1,1,1.0,10,1.9310615683327454,0.0,0.0,0,1,1,1.0,10,1.9310615683327454,0.0,0.0,0,1,1,1.0,10,1.9310615683327454,0.0,0.0,0
livingroom,5,07ad11b9-796b-46b0-8ad5-6ff44ad7c945_LivingRoom-1520,livingroom_sgdiffusion_vq_objfeat_epoch_01459_relation_aware_parsed_floor_prior_max1.8_mesh_p2_close0.75_far1.6_eval_cfg1.0_1.0.json::07ad11b9-796b-46b0-8ad5-6ff44ad7c945_LivingRoom-1520,0,True,True,False,True,False,0.002445999998599291,0,baseline_rollback,2.0,2.0,2.0,0,0,0.0,2,0.1378464226043584,0.0,0.0,0,0,0,0.0,2,0.1378464226043584,0.0,0.0,0,0,0,0.0,2,0.1378464226043584,0.0,0.0,0,0,0,0.0,2,0.1378464226043584,0.0,0.0,0,0,0,0.0,2,0.1378464226043584,0.0,0.0,0
livingroom,6,08c22a05-81e2-41f4-8e22-c707aa082bdd_LivingRoom-17951,livingroom_sgdiffusion_vq_objfeat_epoch_01459_relation_aware_parsed_floor_prior_max1.8_mesh_p2_close0.75_far1.6_eval_cfg1.0_1.0.json::08c22a05-81e2-41f4-8e22-c707aa082bdd_LivingRoom-17951,1,True,True,False,True,False,0.0004470000058063306,1,baseline_rollback,0.0,0.0,0.0,1,1,1.0,1,0.1228744702212625,0.0,0.0,0,1,1,1.0,1,0.1228744702212625,0.0,0.0,0,1,1,1.0,1,0.1228744702212625,0.0,0.0,0,1,1,1.0,1,0.1228744702212625,0.0,0.0,0,1,1,1.0,1,0.1228744702212625,0.0,0.0,0
livingroom,7,0967e330-aa37-41d5-af14-04c9e8ea820c_LivingDiningRoom-629,livingroom_sgdiffusion_vq_objfeat_epoch_01459_relation_aware_parsed_floor_prior_max1.8_mesh_p2_close0.75_far1.6_eval_cfg1.0_1.0.json::0967e330-aa37-41d5-af14-04c9e8ea820c_LivingDiningRoom-629,2,True,True,False,True,False,0.0035648999983095564,1,baseline_rollback,1.0,1.0,1.0,1,2,0.5,10,1.4018511643317304,0.0,0.0,0,1,2,0.5,10,1.4018511643317304,0.0,0.0,0,1,2,0.5,10,1.4018511643317304,0.0,0.0,0,1,2,0.5,10,1.4018511643317304,0.0,0.0,0,1,2,0.5,10,1.4018511643317304,0.0,0.0,0
livingroom,8,0ab72fdf-ba1b-4df5-8df2-6efcfa7bb53a_LivingRoom-71071,livingroom_sgdiffusion_vq_objfeat_epoch_01459_relation_aware_parsed_floor_prior_max1.8_mesh_p2_close0.75_far1.6_eval_cfg1.0_1.0.json::0ab72fdf-ba1b-4df5-8df2-6efcfa7bb53a_LivingRoom-71071,2,True,True,False,True,False,0.0069815999959246255,0,baseline_rollback,7.0,7.0,7.0,1,2,0.5,14,2.2499477076593357,0.0,0.0,0,1,2,0.5,14,2.2499477076593357,0.0,0.0,0,1,2,0.5,14,2.2499477076593357,0.0,0.0,0,1,2,0.5,14,2.2499477076593357,0.0,0.0,0,1,2,0.5,14,2.2499477076593357,0.0,0.0,0
livingroom,9,0b6a7b14-07ce-4276-b2e7-a17d9e0b7a9d_LivingDiningRoom-2954,livingroom_sgdiffusion_vq_objfeat_epoch_01459_relation_aware_parsed_floor_prior_max1.8_mesh_p2_close0.75_far1.6_eval_cfg1.0_1.0.json::0b6a7b14-07ce-4276-b2e7-a17d9e0b7a9d_LivingDiningRoom-2954,1,True,True,False,True,False,0.0016710000054445118,0,baseline_rollback,2.0,2.0,2.0,1,1,1.0,5,0.19604204152876825,0.0,0.0,0,1,1,1.0,5,0.19604204152876825,0.0,0.0,0,1,1,1.0,5,0.19604204152876825,0.0,0.0,0,1,1,1.0,5,0.19604204152876825,0.0,0.0,0,1,1,1.0,5,0.19604204152876825,0.0,0.0,0
livingroom,10,0be73303-6270-482d-be06-528c07da02fb_LivingDiningRoom-1701,livingroom_sgdiffusion_vq_objfeat_epoch_01459_relation_aware_parsed_floor_prior_max1.8_mesh_p2_close0.75_far1.6_eval_cfg1.0_1.0.json::0be73303-6270-482d-be06-528c07da02fb_LivingDiningRoom-1701,2,True,True,False,True,False,0.0032198999979300424,1,baseline_rollback,7.0,7.0,7.0,2,2,1.0,13,2.2265802813344844,0.0,0.0,0,2,2,1.0,13,2.2265802813344844,0.0,0.0,0,2,2,1.0,13,2.2265802813344844,0.0,0.0,0,2,2,1.0,13,2.2265802813344844,0.0,0.0,0,2,2,1.0,13,2.2265802813344844,0.0,0.0,0
livingroom,11,0c1f82d4-6aa2-401f-ae0d-f053a024aa3b_LivingDiningRoom-248,livingroom_sgdiffusion_vq_objfeat_epoch_01459_relation_aware_parsed_floor_prior_max1.8_mesh_p2_close0.75_far1.6_eval_cfg1.0_1.0.json::0c1f82d4-6aa2-401f-ae0d-f053a024aa3b_LivingDiningRoom-248,2,True,True,False,True,False,0.002472000000125263,1,baseline_rollback,2.0,2.0,2.0,2,2,1.0,9,1.3438897494355837,0.0,0.0,0,2,2,1.0,9,1.3438897494355837,0.0,0.0,0,2,2,1.0,9,1.3438897494355837,0.0,0.0,0,2,2,1.0,9,1.3438897494355837,0.0,0.0,0,2,2,1.0,9,1.3438897494355837,0.0,0.0,0
livingroom,12,0c537cc6-59c6-46d1-a865-f5424003bc48_LivingDiningRoom-270,livingroom_sgdiffusion_vq_objfeat_epoch_01459_relation_aware_parsed_floor_prior_max1.8_mesh_p2_close0.75_far1.6_eval_cfg1.0_1.0.json::0c537cc6-59c6-46d1-a865-f5424003bc48_LivingDiningRoom-270,2,True,True,False,True,False,0.002224000003479887,0,baseline_rollback,5.0,5.0,5.0,2,2,1.0,5,0.48751520032330736,0.0,0.0,0,2,2,1.0,5,0.48751520032330736,0.0,0.0,0,2,2,1.0,5,0.48751520032330736,0.0,0.0,0,2,2,1.0,5,0.48751520032330736,0.0,0.0,0,2,2,1.0,5,0.48751520032330736,0.0,0.0,0
livingroom,13,0eb7a684-6a4e-4e9f-807c-c0e0384deb3d_LivingDiningRoom-48663,livingroom_sgdiffusion_vq_objfeat_epoch_01459_relation_aware_parsed_floor_prior_max1.8_mesh_p2_close0.75_far1.6_eval_cfg1.0_1.0.json::0eb7a684-6a4e-4e9f-807c-c0e0384deb3d_LivingDiningRoom-48663,1,True,True,False,True,False,0.006559900000866037,0,baseline_rollback,3.0,3.0,3.0,1,1,1.0,11,1.1829601434389108,0.0,0.0,0,1,1,1.0,11,1.1829601434389108,0.0,0.0,0,1,1,1.0,11,1.1829601434389108,0.0,0.0,0,1,1,1.0,11,1.1829601434389108,0.0,0.0,0,1,1,1.0,11,1.1829601434389108,0.0,0.0,0
livingroom,14,0f126d75-6db7-48fb-a514-909ecbe11964_LivingDiningRoom-21832,livingroom_sgdiffusion_vq_objfeat_epoch_01459_relation_aware_parsed_floor_prior_max1.8_mesh_p2_close0.75_far1.6_eval_cfg1.0_1.0.json::0f126d75-6db7-48fb-a514-909ecbe11964_LivingDiningRoom-21832,1,True,True,False,True,False,0.0019290999989607371,0,baseline_rollback,0.0,0.0,0.0,1,1,1.0,4,1.0770680615610904,0.0,0.0,0,1,1,1.0,4,1.0770680615610904,0.0,0.0,0,1,1,1.0,4,1.0770680615610904,0.0,0.0,0,1,1,1.0,4,1.0770680615610904,0.0,0.0,0,1,1,1.0,4,1.0770680615610904,0.0,0.0,0
livingroom,15,0f2b5258-2413-47c4-bbf6-106a74c1e1da_LivingDiningRoom-9790,livingroom_sgdiffusion_vq_objfeat_epoch_01459_relation_aware_parsed_floor_prior_max1.8_mesh_p2_close0.75_far1.6_eval_cfg1.0_1.0.json::0f2b5258-2413-47c4-bbf6-106a74c1e1da_LivingDiningRoom-9790,0,True,True,False,True,False,0.001753200005623512,0,baseline_rollback,1.0,1.0,1.0,0,0,0.0,2,1.040531250088258,0.0,0.0,0,0,0,0.0,2,1.040531250088258,0.0,0.0,0,0,0,0.0,2,1.040531250088258,0.0,0.0,0,0,0,0.0,2,1.040531250088258,0.0,0.0,0,0,0,0.0,2,1.040531250088258,0.0,0.0,0
livingroom,16,0f5b9b03-c5f7-4172-9386-4805616025b5_LivingDiningRoom-20097,livingroom_sgdiffusion_vq_objfeat_epoch_01459_relation_aware_parsed_floor_prior_max1.8_mesh_p2_close0.75_far1.6_eval_cfg1.0_1.0.json::0f5b9b03-c5f7-4172-9386-4805616025b5_LivingDiningRoom-20097,2,True,True,False,True,False,0.003908699996827636,0,baseline_rollback,3.0,3.0,3.0,1,2,0.5,8,1.1293769653318078,0.0,0.0,0,1,2,0.5,8,1.1293769653318078,0.0,0.0,0,1,2,0.5,8,1.1293769653318078,0.0,0.0,0,1,2,0.5,8,1.1293769653318078,0.0,0.0,0,1,2,0.5,8,1.1293769653318078,0.0,0.0,0
livingroom,17,113df359-12ee-4a36-ac63-b342d827e117_LivingDiningRoom-15768,livingroom_sgdiffusion_vq_objfeat_epoch_01459_relation_aware_parsed_floor_prior_max1.8_mesh_p2_close0.75_far1.6_eval_cfg1.0_1.0.json::113df359-12ee-4a36-ac63-b342d827e117_LivingDiningRoom-15768,2,True,True,True,True,False,0.15259550000337185,0,baseline_rollback,9.0,9.0,9.0,2,2,1.0,13,1.6626037015304942,0.0,0.0,0,2,2,1.0,12,1.6030872199304942,1.6751499378153685,1.6751499378153685,1,2,2,1.0,12,1.6030872199304942,1.6751499378153687,1.6751499378153687,1,2,2,1.0,13,1.6626037015304942,0.0,0.0,0,2,2,1.0,13,1.6626037015304942,0.0,0.0,0
livingroom,18,129c9a2a-f789-4cd0-82c0-2b6d5293c45f_LivingDiningRoom-32392,livingroom_sgdiffusion_vq_objfeat_epoch_01459_relation_aware_parsed_floor_prior_max1.8_mesh_p2_close0.75_far1.6_eval_cfg1.0_1.0.json::129c9a2a-f789-4cd0-82c0-2b6d5293c45f_LivingDiningRoom-32392,0,True,True,False,True,False,0.004150699998717755,0,baseline_rollback,1.0,1.0,1.0,0,0,0.0,6,0.9966673455049961,0.0,0.0,0,0,0,0.0,6,0.9966673455049961,0.0,0.0,0,0,0,0.0,6,0.9966673455049961,0.0,0.0,0,0,0,0.0,6,0.9966673455049961,0.0,0.0,0,0,0,0.0,6,0.9966673455049961,0.0,0.0,0
livingroom,19,12d084a8-6632-472a-af65-32e7109e5783_LivingRoom-791,livingroom_sgdiffusion_vq_objfeat_epoch_01459_relation_aware_parsed_floor_prior_max1.8_mesh_p2_close0.75_far1.6_eval_cfg1.0_1.0.json::12d084a8-6632-472a-af65-32e7109e5783_LivingRoom-791,0,True,True,False,True,False,0.00282839999999851,0,baseline_rollback,2.0,2.0,2.0,0,0,0.0,4,1.115611117110687,0.0,0.0,0,0,0,0.0,4,1.115611117110687,0.0,0.0,0,0,0,0.0,4,1.115611117110687,0.0,0.0,0,0,0,0.0,4,1.115611117110687,0.0,0.0,0,0,0,0.0,4,1.115611117110687,0.0,0.0,0
livingroom,20,14e7aa9f-8774-40f4-b786-c042aecb27ff_LivingRoom-24046,livingroom_sgdiffusion_vq_objfeat_epoch_01459_relation_aware_parsed_floor_prior_max1.8_mesh_p2_close0.75_far1.6_eval_cfg1.0_1.0.json::14e7aa9f-8774-40f4-b786-c042aecb27ff_LivingRoom-24046,1,True,True,False,True,False,0.0009802999993553385,1,baseline_rollback,1.0,1.0,1.0,0,1,0.0,5,1.1689300414526405,0.0,0.0,0,0,1,0.0,5,1.1689300414526405,0.0,0.0,0,0,1,0.0,5,1.1689300414526405,0.0,0.0,0,0,1,0.0,5,1.1689300414526405,0.0,0.0,0,0,1,0.0,5,1.1689300414526405,0.0,0.0,0
livingroom,21,157620f5-804d-4fb4-ac22-bfd514951c74_LivingDiningRoom-3376,livingroom_sgdiffusion_vq_objfeat_epoch_01459_relation_aware_parsed_floor_prior_max1.8_mesh_p2_close0.75_far1.6_eval_cfg1.0_1.0.json::157620f5-804d-4fb4-ac22-bfd514951c74_LivingDiningRoom-3376,2,True,True,False,True,False,0.00425889999314677,1,baseline_rollback,5.0,5.0,5.0,0,2,0.0,9,1.0561205523148076,0.0,0.0,0,0,2,0.0,9,1.0561205523148076,0.0,0.0,0,0,2,0.0,9,1.0561205523148076,0.0,0.0,0,0,2,0.0,9,1.0561205523148076,0.0,0.0,0,0,2,0.0,9,1.0561205523148076,0.0,0.0,0
livingroom,22,16190659-dff5-4ef7-a96f-eb2b71f88a2a_LivingDiningRoom-5119,livingroom_sgdiffusion_vq_objfeat_epoch_01459_relation_aware_parsed_floor_prior_max1.8_mesh_p2_close0.75_far1.6_eval_cfg1.0_1.0.json::16190659-dff5-4ef7-a96f-eb2b71f88a2a_LivingDiningRoom-5119,2,True,True,False,True,False,0.003995200000645127,0,baseline_rollback,4.0,4.0,4.0,1,2,0.5,9,1.6041974201816762,0.0,0.0,0,1,2,0.5,9,1.6041974201816762,0.0,0.0,0,1,2,0.5,9,1.6041974201816762,0.0,0.0,0,1,2,0.5,9,1.6041974201816762,0.0,0.0,0,1,2,0.5,9,1.6041974201816762,0.0,0.0,0
livingroom,23,168c24cf-f3fd-41bd-b5f5-348edb6358c7_LivingDiningRoom-13594,livingroom_sgdiffusion_vq_objfeat_epoch_01459_relation_aware_parsed_floor_prior_max1.8_mesh_p2_close0.75_far1.6_eval_cfg1.0_1.0.json::168c24cf-f3fd-41bd-b5f5-348edb6358c7_LivingDiningRoom-13594,2,True,True,False,True,False,0.004929800001264084,1,baseline_rollback,6.0,6.0,6.0,1,2,0.5,19,2.62727219314929,0.0,0.0,0,1,2,0.5,19,2.62727219314929,0.0,0.0,0,1,2,0.5,19,2.62727219314929,0.0,0.0,0,1,2,0.5,19,2.62727219314929,0.0,0.0,0,1,2,0.5,19,2.62727219314929,0.0,0.0,0
livingroom,24,173d8bac-a580-4cfc-9138-2a27aa020f52_LivingDiningRoom-14618,livingroom_sgdiffusion_vq_objfeat_epoch_01459_relation_aware_parsed_floor_prior_max1.8_mesh_p2_close0.75_far1.6_eval_cfg1.0_1.0.json::173d8bac-a580-4cfc-9138-2a27aa020f52_LivingDiningRoom-14618,1,True,True,False,True,False,0.003999799999292009,1,baseline_rollback,6.0,6.0,6.0,1,1,1.0,15,2.1806678872518463,0.0,0.0,0,1,1,1.0,15,2.1806678872518463,0.0,0.0,0,1,1,1.0,15,2.1806678872518463,0.0,0.0,0,1,1,1.0,15,2.1806678872518463,0.0,0.0,0,1,1,1.0,15,2.1806678872518463,0.0,0.0,0
livingroom,25,177baa22-21a7-4d8b-91df-a6934117160c_LivingRoom-13599,livingroom_sgdiffusion_vq_objfeat_epoch_01459_relation_aware_parsed_floor_prior_max1.8_mesh_p2_close0.75_far1.6_eval_cfg1.0_1.0.json::177baa22-21a7-4d8b-91df-a6934117160c_LivingRoom-13599,1,True,True,False,True,False,0.0011283999992883764,1,baseline_rollback,0.0,0.0,0.0,1,1,1.0,1,0.6164260517119993,0.0,0.0,0,1,1,1.0,1,0.6164260517119993,0.0,0.0,0,1,1,1.0,1,0.6164260517119993,0.0,0.0,0,1,1,1.0,1,0.6164260517119993,0.0,0.0,0,1,1,1.0,1,0.6164260517119993,0.0,0.0,0
livingroom,26,181ecd38-5ccd-45e9-a7ec-2c79f5b58e07_LivingDiningRoom-13945,livingroom_sgdiffusion_vq_objfeat_epoch_01459_relation_aware_parsed_floor_prior_max1.8_mesh_p2_close0.75_far1.6_eval_cfg1.0_1.0.json::181ecd38-5ccd-45e9-a7ec-2c79f5b58e07_LivingDiningRoom-13945,2,True,True,False,True,False,0.0032828999974299222,0,baseline_rollback,1.0,1.0,1.0,2,2,1.0,4,0.13315017197925105,0.0,0.0,0,2,2,1.0,4,0.13315017197925105,0.0,0.0,0,2,2,1.0,4,0.13315017197925105,0.0,0.0,0,2,2,1.0,4,0.13315017197925105,0.0,0.0,0,2,2,1.0,4,0.13315017197925105,0.0,0.0,0
livingroom,27,181fa1b2-dd7a-43c3-b09c-163924bb37de_LivingDiningRoom-758,livingroom_sgdiffusion_vq_objfeat_epoch_01459_relation_aware_parsed_floor_prior_max1.8_mesh_p2_close0.75_far1.6_eval_cfg1.0_1.0.json::181fa1b2-dd7a-43c3-b09c-163924bb37de_LivingDiningRoom-758,2,True,True,False,True,False,0.0041270000001532026,0,baseline_rollback,5.0,5.0,5.0,2,2,1.0,8,1.0164135032019244,0.0,0.0,0,2,2,1.0,8,1.0164135032019244,0.0,0.0,0,2,2,1.0,8,1.0164135032019244,0.0,0.0,0,2,2,1.0,8,1.0164135032019244,0.0,0.0,0,2,2,1.0,8,1.0164135032019244,0.0,0.0,0
livingroom,28,184286fb-3558-40bc-b090-e79e5b8e6fec_LivingDiningRoom-9995,livingroom_sgdiffusion_vq_objfeat_epoch_01459_relation_aware_parsed_floor_prior_max1.8_mesh_p2_close0.75_far1.6_eval_cfg1.0_1.0.json::184286fb-3558-40bc-b090-e79e5b8e6fec_LivingDiningRoom-9995,2,True,True,True,True,True,0.15908760000456823,0,warm_start,5.0,5.0,5.0,1,2,0.5,11,2.29668620541161,0.0,0.0,0,2,2,1.0,10,2.12586513286661,1.0468125727699962,1.0468125727699962,1,1,2,0.5,10,1.9730281703341026,1.0468125727699962,1.0468125727699962,1,2,2,1.0,10,2.12586513286661,1.0468125727699962,1.0468125727699962,1,2,2,1.0,10,2.12586513286661,1.0468125727699962,1.0468125727699962,1
livingroom,29,18abc0cb-4f4c-41fe-9faa-77bba613b781_LivingDiningRoom-698,livingroom_sgdiffusion_vq_objfeat_epoch_01459_relation_aware_parsed_floor_prior_max1.8_mesh_p2_close0.75_far1.6_eval_cfg1.0_1.0.json::18abc0cb-4f4c-41fe-9faa-77bba613b781_LivingDiningRoom-698,2,True,True,True,True,True,0.05773580000095535,0,warm_start,2.0,2.0,2.0,0,2,0.0,5,1.1429148174319157,0.0,0.0,0,1,2,0.5,5,1.1429148174319157,1.6478678208441238,1.6478678208441238,1,0,2,0.0,4,1.1096733049319156,1.6478678208441235,1.6478678208441235,1,1,2,0.5,5,1.1429148174319157,1.6478678208441238,1.6478678208441238,1,1,2,0.5,5,1.1429148174319157,1.6478678208441238,1.6478678208441238,1
livingroom,30,1aad0aaa-7604-45eb-91db-8482b861b803_LivingDiningRoom-20425,livingroom_sgdiffusion_vq_objfeat_epoch_01459_relation_aware_parsed_floor_prior_max1.8_mesh_p2_close0.75_far1.6_eval_cfg1.0_1.0.json::1aad0aaa-7604-45eb-91db-8482b861b803_LivingDiningRoom-20425,2,True,True,False,True,False,0.003532800001266878,0,baseline_rollback,0.0,0.0,0.0,2,2,1.0,6,1.4324328089897174,0.0,0.0,0,2,2,1.0,6,1.4324328089897174,0.0,0.0,0,2,2,1.0,6,1.4324328089897174,0.0,0.0,0,2,2,1.0,6,1.4324328089897174,0.0,0.0,0,2,2,1.0,6,1.4324328089897174,0.0,0.0,0
livingroom,31,1bd5e2a8-54f7-4f90-ade4-2ea965db13c2_LivingDiningRoom-27644,livingroom_sgdiffusion_vq_objfeat_epoch_01459_relation_aware_parsed_floor_prior_max1.8_mesh_p2_close0.75_far1.6_eval_cfg1.0_1.0.json::1bd5e2a8-54f7-4f90-ade4-2ea965db13c2_LivingDiningRoom-27644,1,True,True,True,True,False,0.14220249999925727,0,baseline_rollback,4.0,4.0,4.0,0,1,0.0,9,2.170168079606169,0.0,0.0,0,0,1,0.0,10,2.2423592967275767,0.10049813366016036,0.10049813366016036,1,0,1,0.0,9,2.1212565569762245,0.10049813366016029,0.10049813366016029,1,0,1,0.0,9,2.170168079606169,0.0,0.0,0,0,1,0.0,9,2.170168079606169,0.0,0.0,0
livingroom,32,1cc0fd55-1c5a-4885-a2de-f30c6d387353_LivingRoom-33324,livingroom_sgdiffusion_vq_objfeat_epoch_01459_relation_aware_parsed_floor_prior_max1.8_mesh_p2_close0.75_far1.6_eval_cfg1.0_1.0.json::1cc0fd55-1c5a-4885-a2de-f30c6d387353_LivingRoom-33324,2,True,True,True,True,True,0.2859616999994614,0,warm_start,2.0,2.0,2.0,1,2,0.5,6,4.479368787734944,0.0,0.0,0,2,2,1.0,6,4.479368787734944,0.4986834594833413,0.4986834594833413,1,1,2,0.5,6,4.143547121264305,0.4986834594833413,0.4986834594833413,1,2,2,1.0,6,4.479368787734944,0.4986834594833413,0.4986834594833413,1,2,2,1.0,6,4.479368787734944,0.4986834594833413,0.4986834594833413,1
livingroom,33,1d849540-8c29-45dc-a3c8-e086c1d31788_LivingRoom-30147,livingroom_sgdiffusion_vq_objfeat_epoch_01459_relation_aware_parsed_floor_prior_max1.8_mesh_p2_close0.75_far1.6_eval_cfg1.0_1.0.json::1d849540-8c29-45dc-a3c8-e086c1d31788_LivingRoom-30147,1,True,True,False,True,False,0.0017731999978423119,0,baseline_rollback,0.0,0.0,0.0,1,1,1.0,5,0.795187660530681,0.0,0.0,0,1,1,1.0,5,0.795187660530681,0.0,0.0,0,1,1,1.0,5,0.795187660530681,0.0,0.0,0,1,1,1.0,5,0.795187660530681,0.0,0.0,0,1,1,1.0,5,0.795187660530681,0.0,0.0,0
livingroom,34,1f5872d3-0ec8-49f7-a821-d660c794ea4a_LivingDiningRoom-11325,livingroom_sgdiffusion_vq_objfeat_epoch_01459_relation_aware_parsed_floor_prior_max1.8_mesh_p2_close0.75_far1.6_eval_cfg1.0_1.0.json::1f5872d3-0ec8-49f7-a821-d660c794ea4a_LivingDiningRoom-11325,2,True,False,False,True,False,0.004305199996451847,0,baseline_rollback,2.0,2.0,2.0,1,2,0.5,8,0.7389076337165628,0.0,0.0,0,1,2,0.5,8,0.7389076337165628,0.0,0.0,0,1,2,0.5,8,0.7389076337165628,0.0,0.0,0,1,2,0.5,8,0.7389076337165628,0.0,0.0,0,1,2,0.5,8,0.7389076337165628,0.0,0.0,0
livingroom,35,23608ced-9c2c-4d17-b7a8-4e3656d2acca_LivingDiningRoom-21234,livingroom_sgdiffusion_vq_objfeat_epoch_01459_relation_aware_parsed_floor_prior_max1.8_mesh_p2_close0.75_far1.6_eval_cfg1.0_1.0.json::23608ced-9c2c-4d17-b7a8-4e3656d2acca_LivingDiningRoom-21234,2,True,False,False,True,False,0.003737600003660191,0,baseline_rollback,2.0,2.0,2.0,0,2,0.0,6,2.57577292324971,0.0,0.0,0,0,2,0.0,6,2.57577292324971,0.0,0.0,0,0,2,0.0,6,2.57577292324971,0.0,0.0,0,0,2,0.0,6,2.57577292324971,0.0,0.0,0,0,2,0.0,6,2.57577292324971,0.0,0.0,0
livingroom,36,23a5fa77-0aa5-45f4-8399-3265005b1def_LivingDiningRoom-106046,livingroom_sgdiffusion_vq_objfeat_epoch_01459_relation_aware_parsed_floor_prior_max1.8_mesh_p2_close0.75_far1.6_eval_cfg1.0_1.0.json::23a5fa77-0aa5-45f4-8399-3265005b1def_LivingDiningRoom-106046,2,True,True,False,True,False,0.0047084000034374185,2,baseline_rollback,3.0,3.0,3.0,0,2,0.0,7,0.6797641112660162,0.0,0.0,0,0,2,0.0,7,0.6797641112660162,0.0,0.0,0,0,2,0.0,7,0.6797641112660162,0.0,0.0,0,0,2,0.0,7,0.6797641112660162,0.0,0.0,0,0,2,0.0,7,0.6797641112660162,0.0,0.0,0
livingroom,37,24caaf37-afd3-4cc9-84b5-f27e9cf84d8a_LivingDiningRoom-35029,livingroom_sgdiffusion_vq_objfeat_epoch_01459_relation_aware_parsed_floor_prior_max1.8_mesh_p2_close0.75_far1.6_eval_cfg1.0_1.0.json::24caaf37-afd3-4cc9-84b5-f27e9cf84d8a_LivingDiningRoom-35029,0,True,True,False,True,False,0.003286099999968428,0,baseline_rollback,0.0,0.0,0.0,0,0,0.0,8,1.4728363088799727,0.0,0.0,0,0,0,0.0,8,1.4728363088799727,0.0,0.0,0,0,0,0.0,8,1.4728363088799727,0.0,0.0,0,0,0,0.0,8,1.4728363088799727,0.0,0.0,0,0,0,0.0,8,1.4728363088799727,0.0,0.0,0
livingroom,38,258b12fb-08e1-43df-a3dd-d88793d32621_LivingDiningRoom-35273,livingroom_sgdiffusion_vq_objfeat_epoch_01459_relation_aware_parsed_floor_prior_max1.8_mesh_p2_close0.75_far1.6_eval_cfg1.0_1.0.json::258b12fb-08e1-43df-a3dd-d88793d32621_LivingDiningRoom-35273,1,True,True,False,True,False,0.005236699995293748,0,baseline_rollback,8.0,8.0,8.0,1,1,1.0,13,2.2838262635500834,0.0,0.0,0,1,1,1.0,13,2.2838262635500834,0.0,0.0,0,1,1,1.0,13,2.2838262635500834,0.0,0.0,0,1,1,1.0,13,2.2838262635500834,0.0,0.0,0,1,1,1.0,13,2.2838262635500834,0.0,0.0,0
livingroom,39,2a954c43-f0a7-446d-8f1b-769b28adfdf8_LivingDiningRoom-7363,livingroom_sgdiffusion_vq_objfeat_epoch_01459_relation_aware_parsed_floor_prior_max1.8_mesh_p2_close0.75_far1.6_eval_cfg1.0_1.0.json::2a954c43-f0a7-446d-8f1b-769b28adfdf8_LivingDiningRoom-7363,2,True,True,False,True,False,0.0029569999969680794,1,baseline_rollback,0.0,0.0,0.0,1,2,0.5,6,0.9771171362804576,0.0,0.0,0,1,2,0.5,6,0.9771171362804576,0.0,0.0,0,1,2,0.5,6,0.9771171362804576,0.0,0.0,0,1,2,0.5,6,0.9771171362804576,0.0,0.0,0,1,2,0.5,6,0.9771171362804576,0.0,0.0,0
livingroom,40,2aabe005-d9d1-4b73-80a2-21fa2fad8c6f_LivingRoom-29294,livingroom_sgdiffusion_vq_objfeat_epoch_01459_relation_aware_parsed_floor_prior_max1.8_mesh_p2_close0.75_far1.6_eval_cfg1.0_1.0.json::2aabe005-d9d1-4b73-80a2-21fa2fad8c6f_LivingRoom-29294,1,True,True,False,True,False,0.0011842999956570566,0,baseline_rollback,0.0,0.0,0.0,1,1,1.0,1,0.1655355557799999,0.0,0.0,0,1,1,1.0,1,0.1655355557799999,0.0,0.0,0,1,1,1.0,1,0.1655355557799999,0.0,0.0,0,1,1,1.0,1,0.1655355557799999,0.0,0.0,0,1,1,1.0,1,0.1655355557799999,0.0,0.0,0
livingroom,41,33253f91-fb29-4a9e-aec7-42e3cf96b25a_LivingDiningRoom-107,livingroom_sgdiffusion_vq_objfeat_epoch_01459_relation_aware_parsed_floor_prior_max1.8_mesh_p2_close0.75_far1.6_eval_cfg1.0_1.0.json::33253f91-fb29-4a9e-aec7-42e3cf96b25a_LivingDiningRoom-107,1,True,True,False,True,False,0.0011758999971789308,0,baseline_rollback,1.0,1.0,1.0,1,1,1.0,4,0.7694341790192455,0.0,0.0,0,1,1,1.0,4,0.7694341790192455,0.0,0.0,0,1,1,1.0,4,0.7694341790192455,0.0,0.0,0,1,1,1.0,4,0.7694341790192455,0.0,0.0,0,1,1,1.0,4,0.7694341790192455,0.0,0.0,0
livingroom,42,35033c21-ccdb-4e41-b701-f5df9e0d90d7_LivingDiningRoom-12058,livingroom_sgdiffusion_vq_objfeat_epoch_01459_relation_aware_parsed_floor_prior_max1.8_mesh_p2_close0.75_far1.6_eval_cfg1.0_1.0.json::35033c21-ccdb-4e41-b701-f5df9e0d90d7_LivingDiningRoom-12058,1,True,True,False,True,False,0.003449199997703545,1,baseline_rollback,3.0,3.0,3.0,0,1,0.0,8,1.1158091679761881,0.0,0.0,0,0,1,0.0,8,1.1158091679761881,0.0,0.0,0,0,1,0.0,8,1.1158091679761881,0.0,0.0,0,0,1,0.0,8,1.1158091679761881,0.0,0.0,0,0,1,0.0,8,1.1158091679761881,0.0,0.0,0
livingroom,43,36c2c33b-73f2-47d5-881e-2fa359198b9a_LivingDiningRoom-35401,livingroom_sgdiffusion_vq_objfeat_epoch_01459_relation_aware_parsed_floor_prior_max1.8_mesh_p2_close0.75_far1.6_eval_cfg1.0_1.0.json::36c2c33b-73f2-47d5-881e-2fa359198b9a_LivingDiningRoom-35401,1,True,True,True,True,True,0.15338119999796618,0,warm_start,2.0,2.0,2.0,0,1,0.0,6,0.34101941261625907,0.0,0.0,0,1,1,1.0,5,0.21383076548025898,1.2752107336912062,1.2752107336912062,1,0,1,0.0,3,0.13410241263895334,1.2752107336912062,1.2752107336912062,1,1,1,1.0,5,0.21383076548025898,1.2752107336912062,1.2752107336912062,1,1,1,1.0,5,0.21383076548025898,1.2752107336912062,1.2752107336912062,1
livingroom,44,3a55f775-fc7c-4c6f-ab9f-59e31c04e093_LivingRoom-35085,livingroom_sgdiffusion_vq_objfeat_epoch_01459_relation_aware_parsed_floor_prior_max1.8_mesh_p2_close0.75_far1.6_eval_cfg1.0_1.0.json::3a55f775-fc7c-4c6f-ab9f-59e31c04e093_LivingRoom-35085,1,True,True,False,True,False,0.002553099999204278,0,baseline_rollback,1.0,1.0,1.0,1,1,1.0,6,0.4994948109743324,0.0,0.0,0,1,1,1.0,6,0.4994948109743324,0.0,0.0,0,1,1,1.0,6,0.4994948109743324,0.0,0.0,0,1,1,1.0,6,0.4994948109743324,0.0,0.0,0,1,1,1.0,6,0.4994948109743324,0.0,0.0,0
livingroom,45,3abf3ff3-5ba9-439d-b4c8-49a9e3c11556_LivingRoom-25582,livingroom_sgdiffusion_vq_objfeat_epoch_01459_relation_aware_parsed_floor_prior_max1.8_mesh_p2_close0.75_far1.6_eval_cfg1.0_1.0.json::3abf3ff3-5ba9-439d-b4c8-49a9e3c11556_LivingRoom-25582,2,True,False,False,True,False,0.001610499995877035,0,baseline_rollback,3.0,3.0,3.0,1,2,0.5,6,0.7827666199221552,0.0,0.0,0,1,2,0.5,6,0.7827666199221552,0.0,0.0,0,1,2,0.5,6,0.7827666199221552,0.0,0.0,0,1,2,0.5,6,0.7827666199221552,0.0,0.0,0,1,2,0.5,6,0.7827666199221552,0.0,0.0,0
livingroom,46,3c47589f-313d-4bac-abee-830161a278f0_LivingDiningRoom-109935,livingroom_sgdiffusion_vq_objfeat_epoch_01459_relation_aware_parsed_floor_prior_max1.8_mesh_p2_close0.75_far1.6_eval_cfg1.0_1.0.json::3c47589f-313d-4bac-abee-830161a278f0_LivingDiningRoom-109935,2,True,True,True,True,False,0.18391479999991134,0,baseline_rollback,1.0,1.0,1.0,2,2,1.0,8,2.4095263448556374,0.0,0.0,0,2,2,1.0,8,2.4095263448556374,0.48554405009625584,0.48554405009625584,1,2,2,1.0,7,2.3527048367280186,0.48554405009625573,0.48554405009625573,1,2,2,1.0,8,2.4095263448556374,0.0,0.0,0,2,2,1.0,8,2.4095263448556374,0.0,0.0,0
livingroom,47,3dc195aa-0a30-440e-bf84-5f1995ec1c3f_LivingDiningRoom-1419,livingroom_sgdiffusion_vq_objfeat_epoch_01459_relation_aware_parsed_floor_prior_max1.8_mesh_p2_close0.75_far1.6_eval_cfg1.0_1.0.json::3dc195aa-0a30-440e-bf84-5f1995ec1c3f_LivingDiningRoom-1419,2,True,True,False,True,False,0.003301000004285015,0,baseline_rollback,5.0,5.0,5.0,0,2,0.0,12,1.8131969868334386,0.0,0.0,0,0,2,0.0,12,1.8131969868334386,0.0,0.0,0,0,2,0.0,12,1.8131969868334386,0.0,0.0,0,0,2,0.0,12,1.8131969868334386,0.0,0.0,0,0,2,0.0,12,1.8131969868334386,0.0,0.0,0
livingroom,48,3ec1f433-e612-4509-9e52-8fa062b2aaa2_LivingDiningRoom-1050,livingroom_sgdiffusion_vq_objfeat_epoch_01459_relation_aware_parsed_floor_prior_max1.8_mesh_p2_close0.75_far1.6_eval_cfg1.0_1.0.json::3ec1f433-e612-4509-9e52-8fa062b2aaa2_LivingDiningRoom-1050,0,True,True,False,True,False,0.002754000001004897,0,baseline_rollback,0.0,0.0,0.0,0,0,0.0,6,1.02933694859062,0.0,0.0,0,0,0,0.0,6,1.02933694859062,0.0,0.0,0,0,0,0.0,6,1.02933694859062,0.0,0.0,0,0,0,0.0,6,1.02933694859062,0.0,0.0,0,0,0,0.0,6,1.02933694859062,0.0,0.0,0
livingroom,49,3fc88ba8-7ea3-4653-892f-83667812c78a_LivingDiningRoom-76396,livingroom_sgdiffusion_vq_objfeat_epoch_01459_relation_aware_parsed_floor_prior_max1.8_mesh_p2_close0.75_far1.6_eval_cfg1.0_1.0.json::3fc88ba8-7ea3-4653-892f-83667812c78a_LivingDiningRoom-76396,1,True,True,False,True,False,0.004170599997451063,0,baseline_rollback,2.0,2.0,2.0,1,1,1.0,9,1.214545904308383,0.0,0.0,0,1,1,1.0,9,1.214545904308383,0.0,0.0,0,1,1,1.0,9,1.214545904308383,0.0,0.0,0,1,1,1.0,9,1.214545904308383,0.0,0.0,0,1,1,1.0,9,1.214545904308383,0.0,0.0,0
livingroom,50,401a9c00-571c-491d-a2c6-2201b964ca79_LivingDiningRoom-18728,livingroom_sgdiffusion_vq_objfeat_epoch_01459_relation_aware_parsed_floor_prior_max1.8_mesh_p2_close0.75_far1.6_eval_cfg1.0_1.0.json::401a9c00-571c-491d-a2c6-2201b964ca79_LivingDiningRoom-18728,0,True,True,False,True,False,0.003518199999234639,0,baseline_rollback,3.0,3.0,3.0,0,0,0.0,10,2.4258721567683597,0.0,0.0,0,0,0,0.0,10,2.4258721567683597,0.0,0.0,0,0,0,0.0,10,2.4258721567683597,0.0,0.0,0,0,0,0.0,10,2.4258721567683597,0.0,0.0,0,0,0,0.0,10,2.4258721567683597,0.0,0.0,0
livingroom,51,43907bbc-4b39-4f1a-8747-3287c8bce690_LivingDiningRoom-46747,livingroom_sgdiffusion_vq_objfeat_epoch_01459_relation_aware_parsed_floor_prior_max1.8_mesh_p2_close0.75_far1.6_eval_cfg1.0_1.0.json::43907bbc-4b39-4f1a-8747-3287c8bce690_LivingDiningRoom-46747,1,True,True,False,True,False,0.004342299995187204,1,baseline_rollback,4.0,4.0,4.0,0,1,0.0,7,0.8906213606486427,0.0,0.0,0,0,1,0.0,7,0.8906213606486427,0.0,0.0,0,0,1,0.0,7,0.8906213606486427,0.0,0.0,0,0,1,0.0,7,0.8906213606486427,0.0,0.0,0,0,1,0.0,7,0.8906213606486427,0.0,0.0,0
livingroom,52,47230ba1-5a12-450a-80da-80527cc31c35_LivingDiningRoom-6087,livingroom_sgdiffusion_vq_objfeat_epoch_01459_relation_aware_parsed_floor_prior_max1.8_mesh_p2_close0.75_far1.6_eval_cfg1.0_1.0.json::47230ba1-5a12-450a-80da-80527cc31c35_LivingDiningRoom-6087,2,True,True,False,True,False,0.001501899998402223,1,baseline_rollback,2.0,2.0,2.0,0,2,0.0,6,0.9723277450513791,0.0,0.0,0,0,2,0.0,6,0.9723277450513791,0.0,0.0,0,0,2,0.0,6,0.9723277450513791,0.0,0.0,0,0,2,0.0,6,0.9723277450513791,0.0,0.0,0,0,2,0.0,6,0.9723277450513791,0.0,0.0,0
livingroom,53,48171257-b69e-42e8-8e03-8b5d0d49241f_LivingDiningRoom-18089,livingroom_sgdiffusion_vq_objfeat_epoch_01459_relation_aware_parsed_floor_prior_max1.8_mesh_p2_close0.75_far1.6_eval_cfg1.0_1.0.json::48171257-b69e-42e8-8e03-8b5d0d49241f_LivingDiningRoom-18089,1,True,True,False,True,False,0.0020406999974511564,0,baseline_rollback,4.0,4.0,4.0,1,1,1.0,11,1.8075953644467964,0.0,0.0,0,1,1,1.0,11,1.8075953644467964,0.0,0.0,0,1,1,1.0,11,1.8075953644467964,0.0,0.0,0,1,1,1.0,11,1.8075953644467964,0.0,0.0,0,1,1,1.0,11,1.8075953644467964,0.0,0.0,0
livingroom,54,4abcb667-c57f-4d8f-940a-d964152329d5_LivingDiningRoom-11771,livingroom_sgdiffusion_vq_objfeat_epoch_01459_relation_aware_parsed_floor_prior_max1.8_mesh_p2_close0.75_far1.6_eval_cfg1.0_1.0.json::4abcb667-c57f-4d8f-940a-d964152329d5_LivingDiningRoom-11771,2,True,False,False,True,False,0.005237400000623893,0,baseline_rollback,3.0,3.0,3.0,1,2,0.5,16,3.6740308650837523,0.0,0.0,0,1,2,0.5,16,3.6740308650837523,0.0,0.0,0,1,2,0.5,16,3.6740308650837523,0.0,0.0,0,1,2,0.5,16,3.6740308650837523,0.0,0.0,0,1,2,0.5,16,3.6740308650837523,0.0,0.0,0
livingroom,55,4b18584d-3740-40f7-b344-5fbd98858ed8_LivingRoom-88425,livingroom_sgdiffusion_vq_objfeat_epoch_01459_relation_aware_parsed_floor_prior_max1.8_mesh_p2_close0.75_far1.6_eval_cfg1.0_1.0.json::4b18584d-3740-40f7-b344-5fbd98858ed8_LivingRoom-88425,2,True,True,False,True,False,0.005930899998929817,1,baseline_rollback,5.0,5.0,5.0,1,2,0.5,12,2.758438716960173,0.0,0.0,0,1,2,0.5,12,2.758438716960173,0.0,0.0,0,1,2,0.5,12,2.758438716960173,0.0,0.0,0,1,2,0.5,12,2.758438716960173,0.0,0.0,0,1,2,0.5,12,2.758438716960173,0.0,0.0,0
livingroom,56,4b54eac7-33c2-4f5a-9fa4-44bda75d881e_LivingDiningRoom-19270,livingroom_sgdiffusion_vq_objfeat_epoch_01459_relation_aware_parsed_floor_prior_max1.8_mesh_p2_close0.75_far1.6_eval_cfg1.0_1.0.json::4b54eac7-33c2-4f5a-9fa4-44bda75d881e_LivingDiningRoom-19270,2,True,True,False,True,False,0.007085600002028514,0,baseline_rollback,1.0,1.0,1.0,0,2,0.0,4,0.9076458195864651,0.0,0.0,0,0,2,0.0,4,0.9076458195864651,0.0,0.0,0,0,2,0.0,4,0.9076458195864651,0.0,0.0,0,0,2,0.0,4,0.9076458195864651,0.0,0.0,0,0,2,0.0,4,0.9076458195864651,0.0,0.0,0
livingroom,57,4d8b6b63-f624-42c9-8442-4e7bfeb7e2f9_LivingDiningRoom-20298,livingroom_sgdiffusion_vq_objfeat_epoch_01459_relation_aware_parsed_floor_prior_max1.8_mesh_p2_close0.75_far1.6_eval_cfg1.0_1.0.json::4d8b6b63-f624-42c9-8442-4e7bfeb7e2f9_LivingDiningRoom-20298,2,True,True,False,True,False,0.0038314999983413145,2,baseline_rollback,12.0,12.0,12.0,0,2,0.0,21,5.956787651108832,0.0,0.0,0,0,2,0.0,21,5.956787651108832,0.0,0.0,0,0,2,0.0,21,5.956787651108832,0.0,0.0,0,0,2,0.0,21,5.956787651108832,0.0,0.0,0,0,2,0.0,21,5.956787651108832,0.0,0.0,0
livingroom,58,4f2012c0-ec3b-4fff-9cd4-68c37fe42ea1_LivingDiningRoom-54384,livingroom_sgdiffusion_vq_objfeat_epoch_01459_relation_aware_parsed_floor_prior_max1.8_mesh_p2_close0.75_far1.6_eval_cfg1.0_1.0.json::4f2012c0-ec3b-4fff-9cd4-68c37fe42ea1_LivingDiningRoom-54384,2,True,True,False,True,False,0.00284280000050785,1,baseline_rollback,1.0,1.0,1.0,2,2,1.0,11,1.8801508611384412,0.0,0.0,0,2,2,1.0,11,1.8801508611384412,0.0,0.0,0,2,2,1.0,11,1.8801508611384412,0.0,0.0,0,2,2,1.0,11,1.8801508611384412,0.0,0.0,0,2,2,1.0,11,1.8801508611384412,0.0,0.0,0
livingroom,59,4f96ac65-dfa8-4186-bf66-48b3b01f9e6d_LivingDiningRoom-10362,livingroom_sgdiffusion_vq_objfeat_epoch_01459_relation_aware_parsed_floor_prior_max1.8_mesh_p2_close0.75_far1.6_eval_cfg1.0_1.0.json::4f96ac65-dfa8-4186-bf66-48b3b01f9e6d_LivingDiningRoom-10362,2,True,True,True,True,False,0.03468649999558693,0,baseline_rollback,3.0,3.0,3.0,2,2,1.0,4,1.4744952821807351,0.0,0.0,0,2,2,1.0,4,1.4744952821807351,0.4026520770239908,0.4026520770239908,1,2,2,1.0,4,1.4376772262746942,0.4026520770239908,0.4026520770239908,1,2,2,1.0,4,1.4744952821807351,0.0,0.0,0,2,2,1.0,4,1.4744952821807351,0.0,0.0,0
livingroom,60,51e5a27e-717c-4194-b4c7-ebb8ed877c12_LivingDiningRoom-6843,livingroom_sgdiffusion_vq_objfeat_epoch_01459_relation_aware_parsed_floor_prior_max1.8_mesh_p2_close0.75_far1.6_eval_cfg1.0_1.0.json::51e5a27e-717c-4194-b4c7-ebb8ed877c12_LivingDiningRoom-6843,2,True,True,False,True,False,0.0031938000029185787,0,baseline_rollback,1.0,1.0,1.0,2,2,1.0,5,1.816687001693157,0.0,0.0,0,2,2,1.0,5,1.816687001693157,0.0,0.0,0,2,2,1.0,5,1.816687001693157,0.0,0.0,0,2,2,1.0,5,1.816687001693157,0.0,0.0,0,2,2,1.0,5,1.816687001693157,0.0,0.0,0
livingroom,61,531c8742-d3b6-43eb-a56a-39b620e70500_LivingDiningRoom-1744,livingroom_sgdiffusion_vq_objfeat_epoch_01459_relation_aware_parsed_floor_prior_max1.8_mesh_p2_close0.75_far1.6_eval_cfg1.0_1.0.json::531c8742-d3b6-43eb-a56a-39b620e70500_LivingDiningRoom-1744,1,True,True,False,True,False,0.0049549999966984615,0,baseline_rollback,3.0,3.0,3.0,1,1,1.0,14,2.8637113511148753,0.0,0.0,0,1,1,1.0,14,2.8637113511148753,0.0,0.0,0,1,1,1.0,14,2.8637113511148753,0.0,0.0,0,1,1,1.0,14,2.8637113511148753,0.0,0.0,0,1,1,1.0,14,2.8637113511148753,0.0,0.0,0
livingroom,62,5385105a-4574-4afe-a14c-4f520b27494c_LivingDiningRoom-60607,livingroom_sgdiffusion_vq_objfeat_epoch_01459_relation_aware_parsed_floor_prior_max1.8_mesh_p2_close0.75_far1.6_eval_cfg1.0_1.0.json::5385105a-4574-4afe-a14c-4f520b27494c_LivingDiningRoom-60607,1,True,True,False,True,False,0.0020046999998157844,1,baseline_rollback,2.0,2.0,2.0,0,1,0.0,2,0.3445365407731257,0.0,0.0,0,0,1,0.0,2,0.3445365407731257,0.0,0.0,0,0,1,0.0,2,0.3445365407731257,0.0,0.0,0,0,1,0.0,2,0.3445365407731257,0.0,0.0,0,0,1,0.0,2,0.3445365407731257,0.0,0.0,0
livingroom,63,53ac3d02-ed9a-4d4e-8982-e1b44dc8d5ec_LivingDiningRoom-19339,livingroom_sgdiffusion_vq_objfeat_epoch_01459_relation_aware_parsed_floor_prior_max1.8_mesh_p2_close0.75_far1.6_eval_cfg1.0_1.0.json::53ac3d02-ed9a-4d4e-8982-e1b44dc8d5ec_LivingDiningRoom-19339,1,True,True,False,True,False,0.0020882000026176684,1,baseline_rollback,4.0,4.0,4.0,1,1,1.0,6,0.8998303536185106,0.0,0.0,0,1,1,1.0,6,0.8998303536185106,0.0,0.0,0,1,1,1.0,6,0.8998303536185106,0.0,0.0,0,1,1,1.0,6,0.8998303536185106,0.0,0.0,0,1,1,1.0,6,0.8998303536185106,0.0,0.0,0
livingroom,64,5493b6a0-cd82-4236-8814-1001e9c5b9cf_LivingDiningRoom-77544,livingroom_sgdiffusion_vq_objfeat_epoch_01459_relation_aware_parsed_floor_prior_max1.8_mesh_p2_close0.75_far1.6_eval_cfg1.0_1.0.json::5493b6a0-cd82-4236-8814-1001e9c5b9cf_LivingDiningRoom-77544,1,True,True,False,True,False,0.004490200000873301,0,baseline_rollback,1.0,1.0,1.0,1,1,1.0,9,1.8414051823483888,0.0,0.0,0,1,1,1.0,9,1.8414051823483888,0.0,0.0,0,1,1,1.0,9,1.8414051823483888,0.0,0.0,0,1,1,1.0,9,1.8414051823483888,0.0,0.0,0,1,1,1.0,9,1.8414051823483888,0.0,0.0,0
livingroom,65,54b6b469-8aa3-4d5d-a285-977f75fc4212_LivingDiningRoom-14976,livingroom_sgdiffusion_vq_objfeat_epoch_01459_relation_aware_parsed_floor_prior_max1.8_mesh_p2_close0.75_far1.6_eval_cfg1.0_1.0.json::54b6b469-8aa3-4d5d-a285-977f75fc4212_LivingDiningRoom-14976,0,True,True,False,True,False,0.0041079000002355315,0,baseline_rollback,3.0,3.0,3.0,0,0,0.0,8,0.5029632384666843,0.0,0.0,0,0,0,0.0,8,0.5029632384666843,0.0,0.0,0,0,0,0.0,8,0.5029632384666843,0.0,0.0,0,0,0,0.0,8,0.5029632384666843,0.0,0.0,0,0,0,0.0,8,0.5029632384666843,0.0,0.0,0
livingroom,66,56ef3577-9ca2-43b9-8971-47d6c88e1008_LivingDiningRoom-35769,livingroom_sgdiffusion_vq_objfeat_epoch_01459_relation_aware_parsed_floor_prior_max1.8_mesh_p2_close0.75_far1.6_eval_cfg1.0_1.0.json::56ef3577-9ca2-43b9-8971-47d6c88e1008_LivingDiningRoom-35769,0,True,True,False,True,False,0.004736299997603055,0,baseline_rollback,1.0,1.0,1.0,0,0,0.0,11,2.8615426144257308,0.0,0.0,0,0,0,0.0,11,2.8615426144257308,0.0,0.0,0,0,0,0.0,11,2.8615426144257308,0.0,0.0,0,0,0,0.0,11,2.8615426144257308,0.0,0.0,0,0,0,0.0,11,2.8615426144257308,0.0,0.0,0
livingroom,67,577c772f-369a-46ae-85ed-bf392426180f_LivingRoom-1097,livingroom_sgdiffusion_vq_objfeat_epoch_01459_relation_aware_parsed_floor_prior_max1.8_mesh_p2_close0.75_far1.6_eval_cfg1.0_1.0.json::577c772f-369a-46ae-85ed-bf392426180f_LivingRoom-1097,1,True,True,False,True,False,0.0018723000030149706,1,baseline_rollback,4.0,4.0,4.0,0,1,0.0,4,0.5774666891600687,0.0,0.0,0,0,1,0.0,4,0.5774666891600687,0.0,0.0,0,0,1,0.0,4,0.5774666891600687,0.0,0.0,0,0,1,0.0,4,0.5774666891600687,0.0,0.0,0,0,1,0.0,4,0.5774666891600687,0.0,0.0,0
livingroom,68,57b535e1-49e2-46f0-a54d-a3e50fe9c413_LivingDiningRoom-2729,livingroom_sgdiffusion_vq_objfeat_epoch_01459_relation_aware_parsed_floor_prior_max1.8_mesh_p2_close0.75_far1.6_eval_cfg1.0_1.0.json::57b535e1-49e2-46f0-a54d-a3e50fe9c413_LivingDiningRoom-2729,1,True,True,False,True,False,0.004071499999554362,1,baseline_rollback,0.0,0.0,0.0,0,1,0.0,9,1.3044125823407078,0.0,0.0,0,0,1,0.0,9,1.3044125823407078,0.0,0.0,0,0,1,0.0,9,1.3044125823407078,0.0,0.0,0,0,1,0.0,9,1.3044125823407078,0.0,0.0,0,0,1,0.0,9,1.3044125823407078,0.0,0.0,0
livingroom,69,58bc5a5b-c6b3-4228-8a1f-718788f40ecc_LivingDiningRoom-27164,livingroom_sgdiffusion_vq_objfeat_epoch_01459_relation_aware_parsed_floor_prior_max1.8_mesh_p2_close0.75_far1.6_eval_cfg1.0_1.0.json::58bc5a5b-c6b3-4228-8a1f-718788f40ecc_LivingDiningRoom-27164,0,True,True,False,True,False,0.0024778999941190705,0,baseline_rollback,2.0,2.0,2.0,0,0,0.0,12,1.8705959635360485,0.0,0.0,0,0,0,0.0,12,1.8705959635360485,0.0,0.0,0,0,0,0.0,12,1.8705959635360485,0.0,0.0,0,0,0,0.0,12,1.8705959635360485,0.0,0.0,0,0,0,0.0,12,1.8705959635360485,0.0,0.0,0
livingroom,70,58c205ff-e76d-4941-80a4-44d46b10bf8e_LivingDiningRoom-262051,livingroom_sgdiffusion_vq_objfeat_epoch_01459_relation_aware_parsed_floor_prior_max1.8_mesh_p2_close0.75_far1.6_eval_cfg1.0_1.0.json::58c205ff-e76d-4941-80a4-44d46b10bf8e_LivingDiningRoom-262051,0,True,True,False,True,False,0.003744800000276882,0,baseline_rollback,9.0,9.0,9.0,0,0,0.0,16,2.2171230338186603,0.0,0.0,0,0,0,0.0,16,2.2171230338186603,0.0,0.0,0,0,0,0.0,16,2.2171230338186603,0.0,0.0,0,0,0,0.0,16,2.2171230338186603,0.0,0.0,0,0,0,0.0,16,2.2171230338186603,0.0,0.0,0
livingroom,71,5a70accd-61ca-45d0-86cb-ded3e35c85f3_LivingDiningRoom-19784,livingroom_sgdiffusion_vq_objfeat_epoch_01459_relation_aware_parsed_floor_prior_max1.8_mesh_p2_close0.75_far1.6_eval_cfg1.0_1.0.json::5a70accd-61ca-45d0-86cb-ded3e35c85f3_LivingDiningRoom-19784,1,True,True,False,True,False,0.004476699999941047,0,baseline_rollback,4.0,4.0,4.0,1,1,1.0,13,2.792432328958674,0.0,0.0,0,1,1,1.0,13,2.792432328958674,0.0,0.0,0,1,1,1.0,13,2.792432328958674,0.0,0.0,0,1,1,1.0,13,2.792432328958674,0.0,0.0,0,1,1,1.0,13,2.792432328958674,0.0,0.0,0
livingroom,72,5d522173-3fc1-4964-898d-48ab76e67f4d_LivingDiningRoom-10493,livingroom_sgdiffusion_vq_objfeat_epoch_01459_relation_aware_parsed_floor_prior_max1.8_mesh_p2_close0.75_far1.6_eval_cfg1.0_1.0.json::5d522173-3fc1-4964-898d-48ab76e67f4d_LivingDiningRoom-10493,0,True,True,False,True,False,0.0027222999997320585,0,baseline_rollback,0.0,0.0,0.0,0,0,0.0,5,1.891258135893866,0.0,0.0,0,0,0,0.0,5,1.891258135893866,0.0,0.0,0,0,0,0.0,5,1.891258135893866,0.0,0.0,0,0,0,0.0,5,1.891258135893866,0.0,0.0,0,0,0,0.0,5,1.891258135893866,0.0,0.0,0
livingroom,73,5dc561df-3712-44ec-9344-5e629f2098eb_LivingDiningRoom-3484,livingroom_sgdiffusion_vq_objfeat_epoch_01459_relation_aware_parsed_floor_prior_max1.8_mesh_p2_close0.75_far1.6_eval_cfg1.0_1.0.json::5dc561df-3712-44ec-9344-5e629f2098eb_LivingDiningRoom-3484,1,True,True,True,True,True,0.15742080000200076,0,warm_start,6.0,6.0,6.0,0,1,0.0,13,1.740391657285709,0.0,0.0,0,1,1,1.0,13,1.4347442950071922,1.0124125831701343,1.0124125831701343,1,0,1,0.0,13,1.740391657285709,1.012412583170134,1.012412583170134,1,1,1,1.0,13,1.4347442950071922,1.0124125831701343,1.0124125831701343,1,1,1,1.0,13,1.4347442950071922,1.0124125831701343,1.0124125831701343,1
livingroom,74,5e1cf772-2618-4b24-bf20-8670d2fea4e9_LivingRoom-23405,livingroom_sgdiffusion_vq_objfeat_epoch_01459_relation_aware_parsed_floor_prior_max1.8_mesh_p2_close0.75_far1.6_eval_cfg1.0_1.0.json::5e1cf772-2618-4b24-bf20-8670d2fea4e9_LivingRoom-23405,1,True,True,False,True,False,0.003557099997124169,0,baseline_rollback,4.0,4.0,4.0,1,1,1.0,7,1.099674455931983,0.0,0.0,0,1,1,1.0,7,1.099674455931983,0.0,0.0,0,1,1,1.0,7,1.099674455931983,0.0,0.0,0,1,1,1.0,7,1.099674455931983,0.0,0.0,0,1,1,1.0,7,1.099674455931983,0.0,0.0,0
livingroom,75,5e44b2a9-66ec-4d5b-adf0-c87ab69cc93c_LivingRoom-3797,livingroom_sgdiffusion_vq_objfeat_epoch_01459_relation_aware_parsed_floor_prior_max1.8_mesh_p2_close0.75_far1.6_eval_cfg1.0_1.0.json::5e44b2a9-66ec-4d5b-adf0-c87ab69cc93c_LivingRoom-3797,1,True,True,False,True,False,0.002006000002438668,0,baseline_rollback,4.0,4.0,4.0,1,1,1.0,5,0.9252865278535298,0.0,0.0,0,1,1,1.0,5,0.9252865278535298,0.0,0.0,0,1,1,1.0,5,0.9252865278535298,0.0,0.0,0,1,1,1.0,5,0.9252865278535298,0.0,0.0,0,1,1,1.0,5,0.9252865278535298,0.0,0.0,0
livingroom,76,6064cd7d-6922-4b76-bdb6-08f50aea6097_LivingRoom-50084,livingroom_sgdiffusion_vq_objfeat_epoch_01459_relation_aware_parsed_floor_prior_max1.8_mesh_p2_close0.75_far1.6_eval_cfg1.0_1.0.json::6064cd7d-6922-4b76-bdb6-08f50aea6097_LivingRoom-50084,2,True,False,False,True,False,0.004210899998724926,0,baseline_rollback,1.0,1.0,1.0,2,2,1.0,12,1.0907846511888908,0.0,0.0,0,2,2,1.0,12,1.0907846511888908,0.0,0.0,0,2,2,1.0,12,1.0907846511888908,0.0,0.0,0,2,2,1.0,12,1.0907846511888908,0.0,0.0,0,2,2,1.0,12,1.0907846511888908,0.0,0.0,0
livingroom,77,60e4b558-623a-4459-860e-5954f41d4b22_LivingRoom-1772,livingroom_sgdiffusion_vq_objfeat_epoch_01459_relation_aware_parsed_floor_prior_max1.8_mesh_p2_close0.75_far1.6_eval_cfg1.0_1.0.json::60e4b558-623a-4459-860e-5954f41d4b22_LivingRoom-1772,1,True,True,False,True,False,0.0035974000056739897,0,baseline_rollback,4.0,4.0,4.0,0,1,0.0,15,2.8154235984323948,0.0,0.0,0,0,1,0.0,15,2.8154235984323948,0.0,0.0,0,0,1,0.0,15,2.8154235984323948,0.0,0.0,0,0,1,0.0,15,2.8154235984323948,0.0,0.0,0,0,1,0.0,15,2.8154235984323948,0.0,0.0,0
livingroom,78,613b2c63-66ba-4643-b4d3-c6a4f34d62a9_LivingRoom-30098,livingroom_sgdiffusion_vq_objfeat_epoch_01459_relation_aware_parsed_floor_prior_max1.8_mesh_p2_close0.75_far1.6_eval_cfg1.0_1.0.json::613b2c63-66ba-4643-b4d3-c6a4f34d62a9_LivingRoom-30098,2,True,True,False,True,False,0.004432299996551592,0,baseline_rollback,1.0,1.0,1.0,2,2,1.0,6,0.13563772824547285,0.0,0.0,0,2,2,1.0,6,0.13563772824547285,0.0,0.0,0,2,2,1.0,6,0.13563772824547285,0.0,0.0,0,2,2,1.0,6,0.13563772824547285,0.0,0.0,0,2,2,1.0,6,0.13563772824547285,0.0,0.0,0
livingroom,79,620192ba-29c5-4d21-a924-5393d0d8f4fa_LivingRoom-3540,livingroom_sgdiffusion_vq_objfeat_epoch_01459_relation_aware_parsed_floor_prior_max1.8_mesh_p2_close0.75_far1.6_eval_cfg1.0_1.0.json::620192ba-29c5-4d21-a924-5393d0d8f4fa_LivingRoom-3540,2,True,True,True,True,True,0.05326379999314668,1,warm_start,4.0,4.0,4.0,0,2,0.0,5,1.1003650025315708,0.0,0.0,0,1,2,0.5,5,1.0089276145046173,0.9703095797273514,0.9703095797273514,1,0,2,0.0,5,0.652905628792556,0.9703095797273515,0.9703095797273515,1,1,2,0.5,5,1.0089276145046173,0.9703095797273514,0.9703095797273514,1,1,2,0.5,5,1.0089276145046173,0.9703095797273514,0.9703095797273514,1
livingroom,80,62773068-a0a2-4ed0-b85c-84a9a353d18a_LivingDiningRoom-2583,livingroom_sgdiffusion_vq_objfeat_epoch_01459_relation_aware_parsed_floor_prior_max1.8_mesh_p2_close0.75_far1.6_eval_cfg1.0_1.0.json::62773068-a0a2-4ed0-b85c-84a9a353d18a_LivingDiningRoom-2583,2,True,True,False,True,False,0.005478500002936926,1,baseline_rollback,1.0,1.0,1.0,0,2,0.0,6,1.9052564319705854,0.0,0.0,0,0,2,0.0,6,1.9052564319705854,0.0,0.0,0,0,2,0.0,6,1.9052564319705854,0.0,0.0,0,0,2,0.0,6,1.9052564319705854,0.0,0.0,0,0,2,0.0,6,1.9052564319705854,0.0,0.0,0
livingroom,81,62fd38a2-1ef7-4791-9f77-86a35ca36c10_LivingRoom-68491,livingroom_sgdiffusion_vq_objfeat_epoch_01459_relation_aware_parsed_floor_prior_max1.8_mesh_p2_close0.75_far1.6_eval_cfg1.0_1.0.json::62fd38a2-1ef7-4791-9f77-86a35ca36c10_LivingRoom-68491,1,True,True,False,True,False,0.003940200003853533,0,baseline_rollback,2.0,2.0,2.0,1,1,1.0,7,1.214411137419826,0.0,0.0,0,1,1,1.0,7,1.214411137419826,0.0,0.0,0,1,1,1.0,7,1.214411137419826,0.0,0.0,0,1,1,1.0,7,1.214411137419826,0.0,0.0,0,1,1,1.0,7,1.214411137419826,0.0,0.0,0
livingroom,82,66d24a27-e8dd-42e5-b5bb-ef4723829b54_LivingRoom-22102,livingroom_sgdiffusion_vq_objfeat_epoch_01459_relation_aware_parsed_floor_prior_max1.8_mesh_p2_close0.75_far1.6_eval_cfg1.0_1.0.json::66d24a27-e8dd-42e5-b5bb-ef4723829b54_LivingRoom-22102,2,True,True,False,True,False,0.0012121999970986508,2,baseline_rollback,1.0,1.0,1.0,1,2,0.5,4,0.4742425247162524,0.0,0.0,0,1,2,0.5,4,0.4742425247162524,0.0,0.0,0,1,2,0.5,4,0.4742425247162524,0.0,0.0,0,1,2,0.5,4,0.4742425247162524,0.0,0.0,0,1,2,0.5,4,0.4742425247162524,0.0,0.0,0
livingroom,83,6b5bb08d-7e14-4206-8014-685580c674b1_LivingDiningRoom-2106,livingroom_sgdiffusion_vq_objfeat_epoch_01459_relation_aware_parsed_floor_prior_max1.8_mesh_p2_close0.75_far1.6_eval_cfg1.0_1.0.json::6b5bb08d-7e14-4206-8014-685580c674b1_LivingDiningRoom-2106,1,True,True,False,True,False,0.0025091999996220693,1,baseline_rollback,0.0,0.0,0.0,0,1,0.0,8,1.525758925100326,0.0,0.0,0,0,1,0.0,8,1.525758925100326,0.0,0.0,0,0,1,0.0,8,1.525758925100326,0.0,0.0,0,0,1,0.0,8,1.525758925100326,0.0,0.0,0,0,1,0.0,8,1.525758925100326,0.0,0.0,0
livingroom,84,6be7ef9a-98d9-4d32-8b0c-c0d2b1ca3bbe_LivingRoom-38721,livingroom_sgdiffusion_vq_objfeat_epoch_01459_relation_aware_parsed_floor_prior_max1.8_mesh_p2_close0.75_far1.6_eval_cfg1.0_1.0.json::6be7ef9a-98d9-4d32-8b0c-c0d2b1ca3bbe_LivingRoom-38721,1,True,True,False,True,False,0.0020222000021021813,1,baseline_rollback,2.0,2.0,2.0,0,1,0.0,5,0.5483276750803379,0.0,0.0,0,0,1,0.0,5,0.5483276750803379,0.0,0.0,0,0,1,0.0,5,0.5483276750803379,0.0,0.0,0,0,1,0.0,5,0.5483276750803379,0.0,0.0,0,0,1,0.0,5,0.5483276750803379,0.0,0.0,0
livingroom,85,6e356720-39a8-4843-874d-a71efc4fb1ff_LivingRoom-2159,livingroom_sgdiffusion_vq_objfeat_epoch_01459_relation_aware_parsed_floor_prior_max1.8_mesh_p2_close0.75_far1.6_eval_cfg1.0_1.0.json::6e356720-39a8-4843-874d-a71efc4fb1ff_LivingRoom-2159,0,True,True,False,True,False,0.004840900000999682,0,baseline_rollback,2.0,2.0,2.0,0,0,0.0,8,0.9337757480119151,0.0,0.0,0,0,0,0.0,8,0.9337757480119151,0.0,0.0,0,0,0,0.0,8,0.9337757480119151,0.0,0.0,0,0,0,0.0,8,0.9337757480119151,0.0,0.0,0,0,0,0.0,8,0.9337757480119151,0.0,0.0,0
livingroom,86,6ee84dec-417f-4fba-ad4f-1f91d7589cf0_LivingDiningRoom-4056,livingroom_sgdiffusion_vq_objfeat_epoch_01459_relation_aware_parsed_floor_prior_max1.8_mesh_p2_close0.75_far1.6_eval_cfg1.0_1.0.json::6ee84dec-417f-4fba-ad4f-1f91d7589cf0_LivingDiningRoom-4056,1,True,True,False,True,False,0.0014730000038980506,0,baseline_rollback,1.0,1.0,1.0,1,1,1.0,2,0.7762083909296585,0.0,0.0,0,1,1,1.0,2,0.7762083909296585,0.0,0.0,0,1,1,1.0,2,0.7762083909296585,0.0,0.0,0,1,1,1.0,2,0.7762083909296585,0.0,0.0,0,1,1,1.0,2,0.7762083909296585,0.0,0.0,0
livingroom,87,70441a13-34cb-4927-a0b9-e5fa771da509_LivingRoom-1618,livingroom_sgdiffusion_vq_objfeat_epoch_01459_relation_aware_parsed_floor_prior_max1.8_mesh_p2_close0.75_far1.6_eval_cfg1.0_1.0.json::70441a13-34cb-4927-a0b9-e5fa771da509_LivingRoom-1618,1,True,True,False,True,False,0.0039003999991109595,0,baseline_rollback,2.0,2.0,2.0,1,1,1.0,12,2.6108582069139272,0.0,0.0,0,1,1,1.0,12,2.6108582069139272,0.0,0.0,0,1,1,1.0,12,2.6108582069139272,0.0,0.0,0,1,1,1.0,12,2.6108582069139272,0.0,0.0,0,1,1,1.0,12,2.6108582069139272,0.0,0.0,0
livingroom,88,70e4c0ab-9ca2-4542-96fd-9355e048db91_LivingDiningRoom-25795,livingroom_sgdiffusion_vq_objfeat_epoch_01459_relation_aware_parsed_floor_prior_max1.8_mesh_p2_close0.75_far1.6_eval_cfg1.0_1.0.json::70e4c0ab-9ca2-4542-96fd-9355e048db91_LivingDiningRoom-25795,0,True,True,False,True,False,0.0035492999959387816,0,baseline_rollback,1.0,1.0,1.0,0,0,0.0,9,1.3016672399017495,0.0,0.0,0,0,0,0.0,9,1.3016672399017495,0.0,0.0,0,0,0,0.0,9,1.3016672399017495,0.0,0.0,0,0,0,0.0,9,1.3016672399017495,0.0,0.0,0,0,0,0.0,9,1.3016672399017495,0.0,0.0,0
livingroom,89,71cc3390-7abf-4be5-a2e9-8673e556538a_LivingDiningRoom-5087,livingroom_sgdiffusion_vq_objfeat_epoch_01459_relation_aware_parsed_floor_prior_max1.8_mesh_p2_close0.75_far1.6_eval_cfg1.0_1.0.json::71cc3390-7abf-4be5-a2e9-8673e556538a_LivingDiningRoom-5087,2,True,False,False,True,False,0.0027076000042143278,1,baseline_rollback,5.0,5.0,5.0,0,2,0.0,7,0.36476787192574867,0.0,0.0,0,0,2,0.0,7,0.36476787192574867,0.0,0.0,0,0,2,0.0,7,0.36476787192574867,0.0,0.0,0,0,2,0.0,7,0.36476787192574867,0.0,0.0,0,0,2,0.0,7,0.36476787192574867,0.0,0.0,0
livingroom,90,73818192-7ca3-4161-8cf1-ca3e5e51b1ab_LivingDiningRoom-62037,livingroom_sgdiffusion_vq_objfeat_epoch_01459_relation_aware_parsed_floor_prior_max1.8_mesh_p2_close0.75_far1.6_eval_cfg1.0_1.0.json::73818192-7ca3-4161-8cf1-ca3e5e51b1ab_LivingDiningRoom-62037,1,True,True,False,True,False,0.002882699998735916,1,baseline_rollback,4.0,4.0,4.0,1,1,1.0,9,1.1209297240656209,0.0,0.0,0,1,1,1.0,9,1.1209297240656209,0.0,0.0,0,1,1,1.0,9,1.1209297240656209,0.0,0.0,0,1,1,1.0,9,1.1209297240656209,0.0,0.0,0,1,1,1.0,9,1.1209297240656209,0.0,0.0,0
livingroom,91,73ed0b77-ba5b-4c11-9bf4-a776d8290144_LivingDiningRoom-113,livingroom_sgdiffusion_vq_objfeat_epoch_01459_relation_aware_parsed_floor_prior_max1.8_mesh_p2_close0.75_far1.6_eval_cfg1.0_1.0.json::73ed0b77-ba5b-4c11-9bf4-a776d8290144_LivingDiningRoom-113,1,True,True,False,True,False,0.00427740000304766,0,baseline_rollback,3.0,3.0,3.0,0,1,0.0,6,0.6547029998461298,0.0,0.0,0,0,1,0.0,6,0.6547029998461298,0.0,0.0,0,0,1,0.0,6,0.6547029998461298,0.0,0.0,0,0,1,0.0,6,0.6547029998461298,0.0,0.0,0,0,1,0.0,6,0.6547029998461298,0.0,0.0,0
livingroom,92,74b36472-5e84-4950-93fa-faf2292e35a8_LivingDiningRoom-37024,livingroom_sgdiffusion_vq_objfeat_epoch_01459_relation_aware_parsed_floor_prior_max1.8_mesh_p2_close0.75_far1.6_eval_cfg1.0_1.0.json::74b36472-5e84-4950-93fa-faf2292e35a8_LivingDiningRoom-37024,1,True,True,False,True,False,0.0038931000017328188,0,baseline_rollback,2.0,2.0,2.0,1,1,1.0,11,2.6073276706766992,0.0,0.0,0,1,1,1.0,11,2.6073276706766992,0.0,0.0,0,1,1,1.0,11,2.6073276706766992,0.0,0.0,0,1,1,1.0,11,2.6073276706766992,0.0,0.0,0,1,1,1.0,11,2.6073276706766992,0.0,0.0,0
livingroom,93,74ed0339-0753-45b6-9caf-d5f494122e24_LivingDiningRoom-9272,livingroom_sgdiffusion_vq_objfeat_epoch_01459_relation_aware_parsed_floor_prior_max1.8_mesh_p2_close0.75_far1.6_eval_cfg1.0_1.0.json::74ed0339-0753-45b6-9caf-d5f494122e24_LivingDiningRoom-9272,2,True,True,False,True,False,0.0014616000044043176,2,baseline_rollback,0.0,0.0,0.0,0,2,0.0,1,0.27446035876640923,0.0,0.0,0,0,2,0.0,1,0.27446035876640923,0.0,0.0,0,0,2,0.0,1,0.27446035876640923,0.0,0.0,0,0,2,0.0,1,0.27446035876640923,0.0,0.0,0,0,2,0.0,1,0.27446035876640923,0.0,0.0,0
livingroom,94,7511f0b9-0076-44e5-9d86-1100ce3ddf14_LivingDiningRoom-134680,livingroom_sgdiffusion_vq_objfeat_epoch_01459_relation_aware_parsed_floor_prior_max1.8_mesh_p2_close0.75_far1.6_eval_cfg1.0_1.0.json::7511f0b9-0076-44e5-9d86-1100ce3ddf14_LivingDiningRoom-134680,1,True,True,False,True,False,0.003946000004361849,0,baseline_rollback,0.0,0.0,0.0,0,1,0.0,8,1.360174294263034,0.0,0.0,0,0,1,0.0,8,1.360174294263034,0.0,0.0,0,0,1,0.0,8,1.360174294263034,0.0,0.0,0,0,1,0.0,8,1.360174294263034,0.0,0.0,0,0,1,0.0,8,1.360174294263034,0.0,0.0,0
livingroom,95,78f54b4e-5031-4aa4-bd58-6a287cd64dc3_LivingDiningRoom-17657,livingroom_sgdiffusion_vq_objfeat_epoch_01459_relation_aware_parsed_floor_prior_max1.8_mesh_p2_close0.75_far1.6_eval_cfg1.0_1.0.json::78f54b4e-5031-4aa4-bd58-6a287cd64dc3_LivingDiningRoom-17657,1,True,True,False,True,False,0.0027056000035372563,0,baseline_rollback,5.0,5.0,5.0,1,1,1.0,5,0.682049095155233,0.0,0.0,0,1,1,1.0,5,0.682049095155233,0.0,0.0,0,1,1,1.0,5,0.682049095155233,0.0,0.0,0,1,1,1.0,5,0.682049095155233,0.0,0.0,0,1,1,1.0,5,0.682049095155233,0.0,0.0,0
livingroom,96,79090604-70df-47d2-98e7-62087f358e6e_LivingDiningRoom-15199,livingroom_sgdiffusion_vq_objfeat_epoch_01459_relation_aware_parsed_floor_prior_max1.8_mesh_p2_close0.75_far1.6_eval_cfg1.0_1.0.json::79090604-70df-47d2-98e7-62087f358e6e_LivingDiningRoom-15199,1,True,True,False,True,False,0.003371899998455774,0,baseline_rollback,1.0,1.0,1.0,1,1,1.0,6,0.5400260475882697,0.0,0.0,0,1,1,1.0,6,0.5400260475882697,0.0,0.0,0,1,1,1.0,6,0.5400260475882697,0.0,0.0,0,1,1,1.0,6,0.5400260475882697,0.0,0.0,0,1,1,1.0,6,0.5400260475882697,0.0,0.0,0
livingroom,97,7ab9613a-1489-4fd4-8bb5-cdef94c6ca1b_LivingRoom-11224,livingroom_sgdiffusion_vq_objfeat_epoch_01459_relation_aware_parsed_floor_prior_max1.8_mesh_p2_close0.75_far1.6_eval_cfg1.0_1.0.json::7ab9613a-1489-4fd4-8bb5-cdef94c6ca1b_LivingRoom-11224,0,True,True,False,True,False,0.0032026999979279935,0,baseline_rollback,9.0,9.0,9.0,0,0,0.0,17,2.1662303251442077,0.0,0.0,0,0,0,0.0,17,2.1662303251442077,0.0,0.0,0,0,0,0.0,17,2.1662303251442077,0.0,0.0,0,0,0,0.0,17,2.1662303251442077,0.0,0.0,0,0,0,0.0,17,2.1662303251442077,0.0,0.0,0
livingroom,98,7cb2b1ac-1751-4ed8-95af-588764071f9e_LivingRoom-13136,livingroom_sgdiffusion_vq_objfeat_epoch_01459_relation_aware_parsed_floor_prior_max1.8_mesh_p2_close0.75_far1.6_eval_cfg1.0_1.0.json::7cb2b1ac-1751-4ed8-95af-588764071f9e_LivingRoom-13136,1,True,True,False,True,False,0.001792600000044331,1,baseline_rollback,0.0,0.0,0.0,1,1,1.0,5,1.195302692497244,0.0,0.0,0,1,1,1.0,5,1.195302692497244,0.0,0.0,0,1,1,1.0,5,1.195302692497244,0.0,0.0,0,1,1,1.0,5,1.195302692497244,0.0,0.0,0,1,1,1.0,5,1.195302692497244,0.0,0.0,0
livingroom,99,7cbabe0c-5239-4e90-95cb-5c79adb0ede6_LivingDiningRoom-76216,livingroom_sgdiffusion_vq_objfeat_epoch_01459_relation_aware_parsed_floor_prior_max1.8_mesh_p2_close0.75_far1.6_eval_cfg1.0_1.0.json::7cbabe0c-5239-4e90-95cb-5c79adb0ede6_LivingDiningRoom-76216,2,True,True,False,True,False,0.003887600003508851,0,baseline_rollback,2.0,2.0,2.0,1,2,0.5,5,0.995550208932752,0.0,0.0,0,1,2,0.5,5,0.995550208932752,0.0,0.0,0,1,2,0.5,5,0.995550208932752,0.0,0.0,0,1,2,0.5,5,0.995550208932752,0.0,0.0,0,1,2,0.5,5,0.995550208932752,0.0,0.0,0
livingroom,100,80261497-c204-4078-8155-a0a435138c70_LivingDiningRoom-9530,livingroom_sgdiffusion_vq_objfeat_epoch_01459_relation_aware_parsed_floor_prior_max1.8_mesh_p2_close0.75_far1.6_eval_cfg1.0_1.0.json::80261497-c204-4078-8155-a0a435138c70_LivingDiningRoom-9530,1,True,True,False,True,False,0.004280199995264411,0,baseline_rollback,2.0,2.0,2.0,1,1,1.0,6,0.7235314195465381,0.0,0.0,0,1,1,1.0,6,0.7235314195465381,0.0,0.0,0,1,1,1.0,6,0.7235314195465381,0.0,0.0,0,1,1,1.0,6,0.7235314195465381,0.0,0.0,0,1,1,1.0,6,0.7235314195465381,0.0,0.0,0
livingroom,101,82d13473-977b-457d-9e8a-6604dfe72c89_LivingDiningRoom-8375,livingroom_sgdiffusion_vq_objfeat_epoch_01459_relation_aware_parsed_floor_prior_max1.8_mesh_p2_close0.75_far1.6_eval_cfg1.0_1.0.json::82d13473-977b-457d-9e8a-6604dfe72c89_LivingDiningRoom-8375,1,True,True,False,True,False,0.0024924000026658177,0,baseline_rollback,3.0,3.0,3.0,0,1,0.0,8,1.8283657927786505,0.0,0.0,0,0,1,0.0,8,1.8283657927786505,0.0,0.0,0,0,1,0.0,8,1.8283657927786505,0.0,0.0,0,0,1,0.0,8,1.8283657927786505,0.0,0.0,0,0,1,0.0,8,1.8283657927786505,0.0,0.0,0
livingroom,102,86b16b1f-1846-46bf-959b-1c7ae05b4ed6_LivingRoom-40975,livingroom_sgdiffusion_vq_objfeat_epoch_01459_relation_aware_parsed_floor_prior_max1.8_mesh_p2_close0.75_far1.6_eval_cfg1.0_1.0.json::86b16b1f-1846-46bf-959b-1c7ae05b4ed6_LivingRoom-40975,1,True,True,False,True,False,0.0027152000038768165,1,baseline_rollback,1.0,1.0,1.0,0,1,0.0,8,0.6497738116510074,0.0,0.0,0,0,1,0.0,8,0.6497738116510074,0.0,0.0,0,0,1,0.0,8,0.6497738116510074,0.0,0.0,0,0,1,0.0,8,0.6497738116510074,0.0,0.0,0,0,1,0.0,8,0.6497738116510074,0.0,0.0,0
livingroom,103,873270b6-6e93-44e8-8745-ef3076b4ba5a_LivingDiningRoom-13071,livingroom_sgdiffusion_vq_objfeat_epoch_01459_relation_aware_parsed_floor_prior_max1.8_mesh_p2_close0.75_far1.6_eval_cfg1.0_1.0.json::873270b6-6e93-44e8-8745-ef3076b4ba5a_LivingDiningRoom-13071,2,True,True,False,True,False,0.003432299999985844,0,baseline_rollback,3.0,3.0,3.0,2,2,1.0,10,1.0358728668028063,0.0,0.0,0,2,2,1.0,10,1.0358728668028063,0.0,0.0,0,2,2,1.0,10,1.0358728668028063,0.0,0.0,0,2,2,1.0,10,1.0358728668028063,0.0,0.0,0,2,2,1.0,10,1.0358728668028063,0.0,0.0,0
livingroom,104,876631f3-8f59-4a3b-bae1-8da99beff4c5_LivingRoom-6045,livingroom_sgdiffusion_vq_objfeat_epoch_01459_relation_aware_parsed_floor_prior_max1.8_mesh_p2_close0.75_far1.6_eval_cfg1.0_1.0.json::876631f3-8f59-4a3b-bae1-8da99beff4c5_LivingRoom-6045,2,True,True,True,True,True,0.10092750000330852,0,warm_start,6.0,4.0,4.0,1,2,0.5,11,4.067036574953734,0.0,0.0,0,2,2,1.0,10,3.4710322588646965,1.7829633209934894,1.7829633209934894,1,1,2,0.5,10,3.749199785174829,1.7829633209934896,1.7829633209934896,1,2,2,1.0,10,3.4710322588646965,1.7829633209934894,1.7829633209934894,1,2,2,1.0,10,3.4710322588646965,1.7829633209934894,1.7829633209934894,1
livingroom,105,878a346d-66ea-4807-8ee1-ce1bcc9080fa_LivingDiningRoom-7050,livingroom_sgdiffusion_vq_objfeat_epoch_01459_relation_aware_parsed_floor_prior_max1.8_mesh_p2_close0.75_far1.6_eval_cfg1.0_1.0.json::878a346d-66ea-4807-8ee1-ce1bcc9080fa_LivingDiningRoom-7050,0,True,True,False,True,False,0.0023112999988370575,0,baseline_rollback,3.0,3.0,3.0,0,0,0.0,8,1.5626985024154882,0.0,0.0,0,0,0,0.0,8,1.5626985024154882,0.0,0.0,0,0,0,0.0,8,1.5626985024154882,0.0,0.0,0,0,0,0.0,8,1.5626985024154882,0.0,0.0,0,0,0,0.0,8,1.5626985024154882,0.0,0.0,0
livingroom,106,882b0669-0498-4ec9-8baf-2932c5c7112a_LivingRoom-2050,livingroom_sgdiffusion_vq_objfeat_epoch_01459_relation_aware_parsed_floor_prior_max1.8_mesh_p2_close0.75_far1.6_eval_cfg1.0_1.0.json::882b0669-0498-4ec9-8baf-2932c5c7112a_LivingRoom-2050,1,True,True,False,True,False,0.0011258000013185665,1,baseline_rollback,0.0,0.0,0.0,0,1,0.0,2,0.531081633270711,0.0,0.0,0,0,1,0.0,2,0.531081633270711,0.0,0.0,0,0,1,0.0,2,0.531081633270711,0.0,0.0,0,0,1,0.0,2,0.531081633270711,0.0,0.0,0,0,1,0.0,2,0.531081633270711,0.0,0.0,0
livingroom,107,886fb316-5f1a-4050-9c7c-b001409a5b5b_LivingDiningRoom-491,livingroom_sgdiffusion_vq_objfeat_epoch_01459_relation_aware_parsed_floor_prior_max1.8_mesh_p2_close0.75_far1.6_eval_cfg1.0_1.0.json::886fb316-5f1a-4050-9c7c-b001409a5b5b_LivingDiningRoom-491,1,True,True,False,True,False,0.004856499996094499,0,baseline_rollback,4.0,4.0,4.0,1,1,1.0,20,3.7447635963063264,0.0,0.0,0,1,1,1.0,20,3.7447635963063264,0.0,0.0,0,1,1,1.0,20,3.7447635963063264,0.0,0.0,0,1,1,1.0,20,3.7447635963063264,0.0,0.0,0,1,1,1.0,20,3.7447635963063264,0.0,0.0,0
livingroom,108,8ab6793a-646c-494a-9cb1-b149d3e09cd7_LivingDiningRoom-3999,livingroom_sgdiffusion_vq_objfeat_epoch_01459_relation_aware_parsed_floor_prior_max1.8_mesh_p2_close0.75_far1.6_eval_cfg1.0_1.0.json::8ab6793a-646c-494a-9cb1-b149d3e09cd7_LivingDiningRoom-3999,2,True,True,False,True,False,0.0019354999967617914,2,baseline_rollback,4.0,4.0,4.0,0,2,0.0,6,0.9604407951558517,0.0,0.0,0,0,2,0.0,6,0.9604407951558517,0.0,0.0,0,0,2,0.0,6,0.9604407951558517,0.0,0.0,0,0,2,0.0,6,0.9604407951558517,0.0,0.0,0,0,2,0.0,6,0.9604407951558517,0.0,0.0,0
livingroom,109,8ac826bb-0229-443a-a9fc-fdc6ce7af073_LivingDiningRoom-13451,livingroom_sgdiffusion_vq_objfeat_epoch_01459_relation_aware_parsed_floor_prior_max1.8_mesh_p2_close0.75_far1.6_eval_cfg1.0_1.0.json::8ac826bb-0229-443a-a9fc-fdc6ce7af073_LivingDiningRoom-13451,0,True,True,False,True,False,0.0026152999998885207,0,baseline_rollback,3.0,3.0,3.0,0,0,0.0,4,0.5613479814632836,0.0,0.0,0,0,0,0.0,4,0.5613479814632836,0.0,0.0,0,0,0,0.0,4,0.5613479814632836,0.0,0.0,0,0,0,0.0,4,0.5613479814632836,0.0,0.0,0,0,0,0.0,4,0.5613479814632836,0.0,0.0,0
livingroom,110,8ad8bd52-f739-4021-8ad9-9e02f2cb7456_LivingDiningRoom-1625,livingroom_sgdiffusion_vq_objfeat_epoch_01459_relation_aware_parsed_floor_prior_max1.8_mesh_p2_close0.75_far1.6_eval_cfg1.0_1.0.json::8ad8bd52-f739-4021-8ad9-9e02f2cb7456_LivingDiningRoom-1625,1,True,True,False,True,False,0.004801999995834194,1,baseline_rollback,5.0,5.0,5.0,1,1,1.0,10,1.5152718029586698,0.0,0.0,0,1,1,1.0,10,1.5152718029586698,0.0,0.0,0,1,1,1.0,10,1.5152718029586698,0.0,0.0,0,1,1,1.0,10,1.5152718029586698,0.0,0.0,0,1,1,1.0,10,1.5152718029586698,0.0,0.0,0
livingroom,111,8c57175b-106d-4aca-aed5-be16cf15d7e7_LivingDiningRoom-42284,livingroom_sgdiffusion_vq_objfeat_epoch_01459_relation_aware_parsed_floor_prior_max1.8_mesh_p2_close0.75_far1.6_eval_cfg1.0_1.0.json::8c57175b-106d-4aca-aed5-be16cf15d7e7_LivingDiningRoom-42284,0,True,True,False,True,False,0.004591400000208523,0,baseline_rollback,0.0,0.0,0.0,0,0,0.0,5,0.8270811117872848,0.0,0.0,0,0,0,0.0,5,0.8270811117872848,0.0,0.0,0,0,0,0.0,5,0.8270811117872848,0.0,0.0,0,0,0,0.0,5,0.8270811117872848,0.0,0.0,0,0,0,0.0,5,0.8270811117872848,0.0,0.0,0
livingroom,112,8f39ace2-169e-4949-8fa0-08b22342f58d_LivingRoom-12271,livingroom_sgdiffusion_vq_objfeat_epoch_01459_relation_aware_parsed_floor_prior_max1.8_mesh_p2_close0.75_far1.6_eval_cfg1.0_1.0.json::8f39ace2-169e-4949-8fa0-08b22342f58d_LivingRoom-12271,1,True,True,False,True,False,0.0019504000010783784,0,baseline_rollback,1.0,1.0,1.0,1,1,1.0,3,1.2089842400312127,0.0,0.0,0,1,1,1.0,3,1.2089842400312127,0.0,0.0,0,1,1,1.0,3,1.2089842400312127,0.0,0.0,0,1,1,1.0,3,1.2089842400312127,0.0,0.0,0,1,1,1.0,3,1.2089842400312127,0.0,0.0,0
livingroom,113,905ccf24-697b-4bb5-8c53-def619d16327_LivingDiningRoom-6844,livingroom_sgdiffusion_vq_objfeat_epoch_01459_relation_aware_parsed_floor_prior_max1.8_mesh_p2_close0.75_far1.6_eval_cfg1.0_1.0.json::905ccf24-697b-4bb5-8c53-def619d16327_LivingDiningRoom-6844,2,True,True,True,True,True,0.2714431999993394,0,warm_start,2.0,2.0,2.0,1,2,0.5,5,0.6940286203102557,0.0,0.0,0,2,2,1.0,3,0.6560230985103082,1.225386285732764,1.0435258925353155,2,1,2,0.5,5,0.5327194374732712,1.2253862857327638,0.913328477370969,2,2,2,1.0,3,0.6560230985103082,1.225386285732764,1.0435258925353155,2,2,2,1.0,3,0.6560230985103082,1.225386285732764,1.0435258925353155,2
livingroom,114,93f02a56-0d3b-41cc-b0f8-fbc572bf2869_LivingDiningRoom-52564,livingroom_sgdiffusion_vq_objfeat_epoch_01459_relation_aware_parsed_floor_prior_max1.8_mesh_p2_close0.75_far1.6_eval_cfg1.0_1.0.json::93f02a56-0d3b-41cc-b0f8-fbc572bf2869_LivingDiningRoom-52564,1,True,True,True,True,False,0.14765769999939948,0,baseline_rollback,1.0,1.0,1.0,1,1,1.0,4,0.5746321013433753,0.0,0.0,0,1,1,1.0,3,0.6328713597131623,0.5344150138723078,0.5344150138723078,1,1,1,1.0,2,0.509191225855131,0.5344150138723078,0.5344150138723078,1,1,1,1.0,4,0.5746321013433753,0.0,0.0,0,1,1,1.0,4,0.5746321013433753,0.0,0.0,0
livingroom,115,959d7224-db8a-4ce0-8dd6-8e17adbe719f_LivingRoom-423,livingroom_sgdiffusion_vq_objfeat_epoch_01459_relation_aware_parsed_floor_prior_max1.8_mesh_p2_close0.75_far1.6_eval_cfg1.0_1.0.json::959d7224-db8a-4ce0-8dd6-8e17adbe719f_LivingRoom-423,1,True,True,False,True,False,0.004760999996506143,0,baseline_rollback,3.0,3.0,3.0,1,1,1.0,11,2.434155273454483,0.0,0.0,0,1,1,1.0,11,2.434155273454483,0.0,0.0,0,1,1,1.0,11,2.434155273454483,0.0,0.0,0,1,1,1.0,11,2.434155273454483,0.0,0.0,0,1,1,1.0,11,2.434155273454483,0.0,0.0,0
livingroom,116,96bc1382-7f9a-42ff-8937-f0175468d63f_LivingRoom-34874,livingroom_sgdiffusion_vq_objfeat_epoch_01459_relation_aware_parsed_floor_prior_max1.8_mesh_p2_close0.75_far1.6_eval_cfg1.0_1.0.json::96bc1382-7f9a-42ff-8937-f0175468d63f_LivingRoom-34874,1,True,True,True,True,False,0.1121999999959371,0,baseline_rollback,0.0,0.0,0.0,1,1,1.0,8,1.9589191158374748,0.0,0.0,0,1,1,1.0,8,1.846575234445492,0.1519811497870991,0.1519811497870991,1,1,1,1.0,8,1.9589184721703943,0.1519811497870991,0.1519811497870991,1,1,1,1.0,8,1.9589191158374748,0.0,0.0,0,1,1,1.0,8,1.9589191158374748,0.0,0.0,0
livingroom,117,97089e6f-2c65-4a2a-96cf-6841c0a238f5_LivingDiningRoom-65030,livingroom_sgdiffusion_vq_objfeat_epoch_01459_relation_aware_parsed_floor_prior_max1.8_mesh_p2_close0.75_far1.6_eval_cfg1.0_1.0.json::97089e6f-2c65-4a2a-96cf-6841c0a238f5_LivingDiningRoom-65030,1,True,True,True,True,False,0.24269949999870732,0,baseline_rollback,5.0,5.0,5.0,0,1,0.0,8,1.387154114293585,0.0,0.0,0,1,1,1.0,8,1.575675088216284,1.418120284538038,1.418120284538038,1,0,1,0.0,8,1.387154114293585,1.418120284538038,1.418120284538038,1,0,1,0.0,8,1.387154114293585,0.0,0.0,0,0,1,0.0,8,1.387154114293585,0.0,0.0,0
livingroom,118,9a0486c5-58e8-4a77-99de-9c4ea78d39d3_LivingDiningRoom-9632,livingroom_sgdiffusion_vq_objfeat_epoch_01459_relation_aware_parsed_floor_prior_max1.8_mesh_p2_close0.75_far1.6_eval_cfg1.0_1.0.json::9a0486c5-58e8-4a77-99de-9c4ea78d39d3_LivingDiningRoom-9632,1,True,True,True,True,True,0.06469490000017686,0,warm_start,1.0,1.0,1.0,0,1,0.0,3,0.5327843197608239,0.0,0.0,0,0,1,0.0,3,0.4488311697216428,0.19841072250921934,0.19841072250921934,1,0,1,0.0,3,0.5181345268420787,0.19841072250921934,0.19841072250921934,1,0,1,0.0,3,0.4488311697216428,0.19841072250921934,0.19841072250921934,1,0,1,0.0,3,0.4488311697216428,0.19841072250921934,0.19841072250921934,1
livingroom,119,9ac55129-3ec1-48eb-b7e1-0ad34ce5dd22_LivingRoom-860,livingroom_sgdiffusion_vq_objfeat_epoch_01459_relation_aware_parsed_floor_prior_max1.8_mesh_p2_close0.75_far1.6_eval_cfg1.0_1.0.json::9ac55129-3ec1-48eb-b7e1-0ad34ce5dd22_LivingRoom-860,1,True,True,True,True,True,0.09076009999989765,0,warm_start,6.0,5.0,5.0,0,1,0.0,6,0.9031991423670911,0.0,0.0,0,1,1,1.0,4,0.8138771418443735,0.7920171645770187,0.7920171645770187,1,0,1,0.0,6,0.824754842400362,0.7920171645770187,0.7920171645770187,1,1,1,1.0,4,0.8138771418443735,0.7920171645770187,0.7920171645770187,1,1,1,1.0,4,0.8138771418443735,0.7920171645770187,0.7920171645770187,1
livingroom,120,9c164b35-f1f3-4ae5-bbfa-5003672ac1d8_LivingDiningRoom-8304,livingroom_sgdiffusion_vq_objfeat_epoch_01459_relation_aware_parsed_floor_prior_max1.8_mesh_p2_close0.75_far1.6_eval_cfg1.0_1.0.json::9c164b35-f1f3-4ae5-bbfa-5003672ac1d8_LivingDiningRoom-8304,2,True,False,False,True,False,0.004054700002598111,0,baseline_rollback,2.0,2.0,2.0,1,2,0.5,11,2.455315279711999,0.0,0.0,0,1,2,0.5,11,2.455315279711999,0.0,0.0,0,1,2,0.5,11,2.455315279711999,0.0,0.0,0,1,2,0.5,11,2.455315279711999,0.0,0.0,0,1,2,0.5,11,2.455315279711999,0.0,0.0,0
livingroom,121,9c20cc98-5aca-45b2-be1f-880f6959e5b2_LivingDiningRoom-4131,livingroom_sgdiffusion_vq_objfeat_epoch_01459_relation_aware_parsed_floor_prior_max1.8_mesh_p2_close0.75_far1.6_eval_cfg1.0_1.0.json::9c20cc98-5aca-45b2-be1f-880f6959e5b2_LivingDiningRoom-4131,1,True,True,False,True,False,0.0013771000012638979,0,baseline_rollback,3.0,3.0,3.0,1,1,1.0,4,1.1706674044388221,0.0,0.0,0,1,1,1.0,4,1.1706674044388221,0.0,0.0,0,1,1,1.0,4,1.1706674044388221,0.0,0.0,0,1,1,1.0,4,1.1706674044388221,0.0,0.0,0,1,1,1.0,4,1.1706674044388221,0.0,0.0,0
livingroom,122,9ec57030-6db6-4eb0-a0e1-5d1478906827_LivingDiningRoom-13962,livingroom_sgdiffusion_vq_objfeat_epoch_01459_relation_aware_parsed_floor_prior_max1.8_mesh_p2_close0.75_far1.6_eval_cfg1.0_1.0.json::9ec57030-6db6-4eb0-a0e1-5d1478906827_LivingDiningRoom-13962,2,True,True,False,True,False,0.00273169999854872,0,baseline_rollback,2.0,2.0,2.0,2,2,1.0,6,0.24656260300174826,0.0,0.0,0,2,2,1.0,6,0.24656260300174826,0.0,0.0,0,2,2,1.0,6,0.24656260300174826,0.0,0.0,0,2,2,1.0,6,0.24656260300174826,0.0,0.0,0,2,2,1.0,6,0.24656260300174826,0.0,0.0,0
livingroom,123,a1d2b052-006c-402c-809f-269aa27fd81f_LivingDiningRoom-17672,livingroom_sgdiffusion_vq_objfeat_epoch_01459_relation_aware_parsed_floor_prior_max1.8_mesh_p2_close0.75_far1.6_eval_cfg1.0_1.0.json::a1d2b052-006c-402c-809f-269aa27fd81f_LivingDiningRoom-17672,1,True,True,False,True,False,0.0034474999993108213,0,baseline_rollback,6.0,6.0,6.0,1,1,1.0,11,1.8948949202146774,0.0,0.0,0,1,1,1.0,11,1.8948949202146774,0.0,0.0,0,1,1,1.0,11,1.8948949202146774,0.0,0.0,0,1,1,1.0,11,1.8948949202146774,0.0,0.0,0,1,1,1.0,11,1.8948949202146774,0.0,0.0,0
livingroom,124,a327b51f-5b13-410f-8acb-b2b564612600_LivingDiningRoom-77579,livingroom_sgdiffusion_vq_objfeat_epoch_01459_relation_aware_parsed_floor_prior_max1.8_mesh_p2_close0.75_far1.6_eval_cfg1.0_1.0.json::a327b51f-5b13-410f-8acb-b2b564612600_LivingDiningRoom-77579,1,True,True,False,True,False,0.005603899997367989,0,baseline_rollback,4.0,4.0,4.0,1,1,1.0,14,2.96023950661556,0.0,0.0,0,1,1,1.0,14,2.96023950661556,0.0,0.0,0,1,1,1.0,14,2.96023950661556,0.0,0.0,0,1,1,1.0,14,2.96023950661556,0.0,0.0,0,1,1,1.0,14,2.96023950661556,0.0,0.0,0
livingroom,125,a4824c35-ccb2-4e70-89c7-eda575054197_LivingDiningRoom-1538,livingroom_sgdiffusion_vq_objfeat_epoch_01459_relation_aware_parsed_floor_prior_max1.8_mesh_p2_close0.75_far1.6_eval_cfg1.0_1.0.json::a4824c35-ccb2-4e70-89c7-eda575054197_LivingDiningRoom-1538,2,True,False,False,True,False,0.0036154999979771674,1,baseline_rollback,8.0,8.0,8.0,0,2,0.0,9,0.5532310295133062,0.0,0.0,0,0,2,0.0,9,0.5532310295133062,0.0,0.0,0,0,2,0.0,9,0.5532310295133062,0.0,0.0,0,0,2,0.0,9,0.5532310295133062,0.0,0.0,0,0,2,0.0,9,0.5532310295133062,0.0,0.0,0
livingroom,126,a6aa92c3-577b-4425-bad9-e9e01da85658_LivingRoom-41893,livingroom_sgdiffusion_vq_objfeat_epoch_01459_relation_aware_parsed_floor_prior_max1.8_mesh_p2_close0.75_far1.6_eval_cfg1.0_1.0.json::a6aa92c3-577b-4425-bad9-e9e01da85658_LivingRoom-41893,1,True,True,False,True,False,0.0029045999981462955,0,baseline_rollback,4.0,4.0,4.0,1,1,1.0,9,0.7262839114246312,0.0,0.0,0,1,1,1.0,9,0.7262839114246312,0.0,0.0,0,1,1,1.0,9,0.7262839114246312,0.0,0.0,0,1,1,1.0,9,0.7262839114246312,0.0,0.0,0,1,1,1.0,9,0.7262839114246312,0.0,0.0,0
livingroom,127,a7f64d89-c953-4ba9-bbd4-6f74eb69710b_LivingRoom-18042,livingroom_sgdiffusion_vq_objfeat_epoch_01459_relation_aware_parsed_floor_prior_max1.8_mesh_p2_close0.75_far1.6_eval_cfg1.0_1.0.json::a7f64d89-c953-4ba9-bbd4-6f74eb69710b_LivingRoom-18042,1,True,True,True,True,False,0.030796099999861326,0,baseline_rollback,0.0,0.0,0.0,1,1,1.0,2,0.3127861046630362,0.0,0.0,0,1,1,1.0,3,0.4230942963123467,0.917287045269015,0.917287045269015,1,1,1,1.0,2,0.3127861046630362,0.9172870452690151,0.9172870452690151,1,1,1,1.0,2,0.3127861046630362,0.0,0.0,0,1,1,1.0,2,0.3127861046630362,0.0,0.0,0
livingroom,128,a9f95562-fcfa-4da6-bd23-d537e751d8b5_LivingDiningRoom-1201,livingroom_sgdiffusion_vq_objfeat_epoch_01459_relation_aware_parsed_floor_prior_max1.8_mesh_p2_close0.75_far1.6_eval_cfg1.0_1.0.json::a9f95562-fcfa-4da6-bd23-d537e751d8b5_LivingDiningRoom-1201,0,True,True,False,True,False,0.0013686999955098145,0,baseline_rollback,0.0,0.0,0.0,0,0,0.0,1,0.30480004825126134,0.0,0.0,0,0,0,0.0,1,0.30480004825126134,0.0,0.0,0,0,0,0.0,1,0.30480004825126134,0.0,0.0,0,0,0,0.0,1,0.30480004825126134,0.0,0.0,0,0,0,0.0,1,0.30480004825126134,0.0,0.0,0
livingroom,129,aba20980-69fd-436b-917a-5f1324e22852_LivingDiningRoom-26816,livingroom_sgdiffusion_vq_objfeat_epoch_01459_relation_aware_parsed_floor_prior_max1.8_mesh_p2_close0.75_far1.6_eval_cfg1.0_1.0.json::aba20980-69fd-436b-917a-5f1324e22852_LivingDiningRoom-26816,1,True,True,False,True,False,0.006344100002024788,0,baseline_rollback,5.0,5.0,5.0,1,1,1.0,7,0.6899750470828944,0.0,0.0,0,1,1,1.0,7,0.6899750470828944,0.0,0.0,0,1,1,1.0,7,0.6899750470828944,0.0,0.0,0,1,1,1.0,7,0.6899750470828944,0.0,0.0,0,1,1,1.0,7,0.6899750470828944,0.0,0.0,0
livingroom,130,ad0426db-a9e3-4428-989f-c2c38e1157c9_LivingDiningRoom-326,livingroom_sgdiffusion_vq_objfeat_epoch_01459_relation_aware_parsed_floor_prior_max1.8_mesh_p2_close0.75_far1.6_eval_cfg1.0_1.0.json::ad0426db-a9e3-4428-989f-c2c38e1157c9_LivingDiningRoom-326,2,True,True,False,True,False,0.00795040000230074,0,baseline_rollback,6.0,6.0,6.0,2,2,1.0,11,2.4487946518335177,0.0,0.0,0,2,2,1.0,11,2.4487946518335177,0.0,0.0,0,2,2,1.0,11,2.4487946518335177,0.0,0.0,0,2,2,1.0,11,2.4487946518335177,0.0,0.0,0,2,2,1.0,11,2.4487946518335177,0.0,0.0,0
livingroom,131,af43eb53-423d-4ef3-8498-d208d22b15de_LivingDiningRoom-128962,livingroom_sgdiffusion_vq_objfeat_epoch_01459_relation_aware_parsed_floor_prior_max1.8_mesh_p2_close0.75_far1.6_eval_cfg1.0_1.0.json::af43eb53-423d-4ef3-8498-d208d22b15de_LivingDiningRoom-128962,1,True,True,False,True,False,0.006663000000116881,1,baseline_rollback,1.0,1.0,1.0,0,1,0.0,4,1.0247933346967857,0.0,0.0,0,0,1,0.0,4,1.0247933346967857,0.0,0.0,0,0,1,0.0,4,1.0247933346967857,0.0,0.0,0,0,1,0.0,4,1.0247933346967857,0.0,0.0,0,0,1,0.0,4,1.0247933346967857,0.0,0.0,0
livingroom,132,b0a8d6bf-9a2a-4a9f-bdeb-a08fcc6bea11_LivingDiningRoom-57219,livingroom_sgdiffusion_vq_objfeat_epoch_01459_relation_aware_parsed_floor_prior_max1.8_mesh_p2_close0.75_far1.6_eval_cfg1.0_1.0.json::b0a8d6bf-9a2a-4a9f-bdeb-a08fcc6bea11_LivingDiningRoom-57219,2,True,True,False,True,False,0.0033324999967589974,0,baseline_rollback,1.0,1.0,1.0,1,2,0.5,12,1.6384012331843427,0.0,0.0,0,1,2,0.5,12,1.6384012331843427,0.0,0.0,0,1,2,0.5,12,1.6384012331843427,0.0,0.0,0,1,2,0.5,12,1.6384012331843427,0.0,0.0,0,1,2,0.5,12,1.6384012331843427,0.0,0.0,0
livingroom,133,b2e0b670-b308-4817-b3b6-2a8b7312c18f_LivingDiningRoom-7096,livingroom_sgdiffusion_vq_objfeat_epoch_01459_relation_aware_parsed_floor_prior_max1.8_mesh_p2_close0.75_far1.6_eval_cfg1.0_1.0.json::b2e0b670-b308-4817-b3b6-2a8b7312c18f_LivingDiningRoom-7096,2,True,True,False,True,False,0.0030059000055189244,0,baseline_rollback,7.0,7.0,7.0,1,2,0.5,9,2.036680873358693,0.0,0.0,0,1,2,0.5,9,2.036680873358693,0.0,0.0,0,1,2,0.5,9,2.036680873358693,0.0,0.0,0,1,2,0.5,9,2.036680873358693,0.0,0.0,0,1,2,0.5,9,2.036680873358693,0.0,0.0,0
livingroom,134,b3a256df-54e0-40c1-b04e-5ace4cccaddb_LivingDiningRoom-2917,livingroom_sgdiffusion_vq_objfeat_epoch_01459_relation_aware_parsed_floor_prior_max1.8_mesh_p2_close0.75_far1.6_eval_cfg1.0_1.0.json::b3a256df-54e0-40c1-b04e-5ace4cccaddb_LivingDiningRoom-2917,2,True,True,False,True,False,0.0043836999975610524,0,baseline_rollback,4.0,4.0,4.0,2,2,1.0,8,1.3436746295282882,0.0,0.0,0,2,2,1.0,8,1.3436746295282882,0.0,0.0,0,2,2,1.0,8,1.3436746295282882,0.0,0.0,0,2,2,1.0,8,1.3436746295282882,0.0,0.0,0,2,2,1.0,8,1.3436746295282882,0.0,0.0,0
livingroom,135,b49f4f6e-cd07-43d7-aee0-3ded49597acb_LivingDiningRoom-43067,livingroom_sgdiffusion_vq_objfeat_epoch_01459_relation_aware_parsed_floor_prior_max1.8_mesh_p2_close0.75_far1.6_eval_cfg1.0_1.0.json::b49f4f6e-cd07-43d7-aee0-3ded49597acb_LivingDiningRoom-43067,2,True,True,False,True,False,0.008824900003673974,0,baseline_rollback,2.0,2.0,2.0,1,2,0.5,8,1.6925191193353417,0.0,0.0,0,1,2,0.5,8,1.6925191193353417,0.0,0.0,0,1,2,0.5,8,1.6925191193353417,0.0,0.0,0,1,2,0.5,8,1.6925191193353417,0.0,0.0,0,1,2,0.5,8,1.6925191193353417,0.0,0.0,0
livingroom,136,b51e3da5-5d31-4511-882a-e841de457404_LivingDiningRoom-3428,livingroom_sgdiffusion_vq_objfeat_epoch_01459_relation_aware_parsed_floor_prior_max1.8_mesh_p2_close0.75_far1.6_eval_cfg1.0_1.0.json::b51e3da5-5d31-4511-882a-e841de457404_LivingDiningRoom-3428,2,True,True,False,True,False,0.0041221999999834225,1,baseline_rollback,9.0,9.0,9.0,1,2,0.5,19,3.9064121771433777,0.0,0.0,0,1,2,0.5,19,3.9064121771433777,0.0,0.0,0,1,2,0.5,19,3.9064121771433777,0.0,0.0,0,1,2,0.5,19,3.9064121771433777,0.0,0.0,0,1,2,0.5,19,3.9064121771433777,0.0,0.0,0
livingroom,137,b580bfcb-0110-439d-b83b-bfd9caa431a2_LivingDiningRoom-535,livingroom_sgdiffusion_vq_objfeat_epoch_01459_relation_aware_parsed_floor_prior_max1.8_mesh_p2_close0.75_far1.6_eval_cfg1.0_1.0.json::b580bfcb-0110-439d-b83b-bfd9caa431a2_LivingDiningRoom-535,1,True,True,False,True,False,0.005062899996119086,0,baseline_rollback,6.0,6.0,6.0,1,1,1.0,6,0.4320740518892408,0.0,0.0,0,1,1,1.0,6,0.4320740518892408,0.0,0.0,0,1,1,1.0,6,0.4320740518892408,0.0,0.0,0,1,1,1.0,6,0.4320740518892408,0.0,0.0,0,1,1,1.0,6,0.4320740518892408,0.0,0.0,0
livingroom,138,b68b868f-5ed9-4917-b922-4d58ca68ed7d_LivingDiningRoom-45001,livingroom_sgdiffusion_vq_objfeat_epoch_01459_relation_aware_parsed_floor_prior_max1.8_mesh_p2_close0.75_far1.6_eval_cfg1.0_1.0.json::b68b868f-5ed9-4917-b922-4d58ca68ed7d_LivingDiningRoom-45001,1,True,True,False,True,False,0.003697799998917617,0,baseline_rollback,3.0,3.0,3.0,1,1,1.0,13,1.8627781657897837,0.0,0.0,0,1,1,1.0,13,1.8627781657897837,0.0,0.0,0,1,1,1.0,13,1.8627781657897837,0.0,0.0,0,1,1,1.0,13,1.8627781657897837,0.0,0.0,0,1,1,1.0,13,1.8627781657897837,0.0,0.0,0
livingroom,139,b6fbd17c-7013-4fed-802f-e7075cce8329_LivingDiningRoom-56789,livingroom_sgdiffusion_vq_objfeat_epoch_01459_relation_aware_parsed_floor_prior_max1.8_mesh_p2_close0.75_far1.6_eval_cfg1.0_1.0.json::b6fbd17c-7013-4fed-802f-e7075cce8329_LivingDiningRoom-56789,1,True,True,False,True,False,0.0011453999977675267,0,baseline_rollback,0.0,0.0,0.0,0,1,0.0,1,0.00948067589234634,0.0,0.0,0,0,1,0.0,1,0.00948067589234634,0.0,0.0,0,0,1,0.0,1,0.00948067589234634,0.0,0.0,0,0,1,0.0,1,0.00948067589234634,0.0,0.0,0,0,1,0.0,1,0.00948067589234634,0.0,0.0,0
livingroom,140,b741b776-33dc-43b0-b33a-2a488c920045_LivingDiningRoom-50574,livingroom_sgdiffusion_vq_objfeat_epoch_01459_relation_aware_parsed_floor_prior_max1.8_mesh_p2_close0.75_far1.6_eval_cfg1.0_1.0.json::b741b776-33dc-43b0-b33a-2a488c920045_LivingDiningRoom-50574,1,True,True,False,True,False,0.004329000003053807,0,baseline_rollback,4.0,4.0,4.0,0,1,0.0,9,0.714366927874845,0.0,0.0,0,0,1,0.0,9,0.714366927874845,0.0,0.0,0,0,1,0.0,9,0.714366927874845,0.0,0.0,0,0,1,0.0,9,0.714366927874845,0.0,0.0,0,0,1,0.0,9,0.714366927874845,0.0,0.0,0
livingroom,141,b9d17d23-66f0-445d-acb7-f11887cc4f7f_LivingDiningRoom-192367,livingroom_sgdiffusion_vq_objfeat_epoch_01459_relation_aware_parsed_floor_prior_max1.8_mesh_p2_close0.75_far1.6_eval_cfg1.0_1.0.json::b9d17d23-66f0-445d-acb7-f11887cc4f7f_LivingDiningRoom-192367,1,True,False,False,True,False,0.0032439000060549006,0,baseline_rollback,1.0,1.0,1.0,0,1,0.0,9,1.0948638480768156,0.0,0.0,0,0,1,0.0,9,1.0948638480768156,0.0,0.0,0,0,1,0.0,9,1.0948638480768156,0.0,0.0,0,0,1,0.0,9,1.0948638480768156,0.0,0.0,0,0,1,0.0,9,1.0948638480768156,0.0,0.0,0
livingroom,142,bc3508cf-b422-480f-baa2-80fd11a6a11d_LivingDiningRoom-17385,livingroom_sgdiffusion_vq_objfeat_epoch_01459_relation_aware_parsed_floor_prior_max1.8_mesh_p2_close0.75_far1.6_eval_cfg1.0_1.0.json::bc3508cf-b422-480f-baa2-80fd11a6a11d_LivingDiningRoom-17385,2,True,True,False,True,False,0.002127799998561386,0,baseline_rollback,3.0,3.0,3.0,2,2,1.0,7,1.3144353812980276,0.0,0.0,0,2,2,1.0,7,1.3144353812980276,0.0,0.0,0,2,2,1.0,7,1.3144353812980276,0.0,0.0,0,2,2,1.0,7,1.3144353812980276,0.0,0.0,0,2,2,1.0,7,1.3144353812980276,0.0,0.0,0
livingroom,143,bc51f3c3-2ed0-45da-9b28-18b6f6dfe677_LivingDiningRoom-2508,livingroom_sgdiffusion_vq_objfeat_epoch_01459_relation_aware_parsed_floor_prior_max1.8_mesh_p2_close0.75_far1.6_eval_cfg1.0_1.0.json::bc51f3c3-2ed0-45da-9b28-18b6f6dfe677_LivingDiningRoom-2508,1,True,True,False,True,False,0.0025703999999677762,0,baseline_rollback,2.0,2.0,2.0,1,1,1.0,3,1.4742941954734223,0.0,0.0,0,1,1,1.0,3,1.4742941954734223,0.0,0.0,0,1,1,1.0,3,1.4742941954734223,0.0,0.0,0,1,1,1.0,3,1.4742941954734223,0.0,0.0,0,1,1,1.0,3,1.4742941954734223,0.0,0.0,0
livingroom,144,bd786a9b-f4dc-4b95-8ec1-14f100ea8fa9_LivingDiningRoom-24540,livingroom_sgdiffusion_vq_objfeat_epoch_01459_relation_aware_parsed_floor_prior_max1.8_mesh_p2_close0.75_far1.6_eval_cfg1.0_1.0.json::bd786a9b-f4dc-4b95-8ec1-14f100ea8fa9_LivingDiningRoom-24540,2,True,False,False,True,False,0.0041446999966865405,0,baseline_rollback,3.0,3.0,3.0,1,2,0.5,13,1.5488335080554951,0.0,0.0,0,1,2,0.5,13,1.5488335080554951,0.0,0.0,0,1,2,0.5,13,1.5488335080554951,0.0,0.0,0,1,2,0.5,13,1.5488335080554951,0.0,0.0,0,1,2,0.5,13,1.5488335080554951,0.0,0.0,0
livingroom,145,be37ae8e-a3aa-4202-a812-9be187c941b5_LivingRoom-31397,livingroom_sgdiffusion_vq_objfeat_epoch_01459_relation_aware_parsed_floor_prior_max1.8_mesh_p2_close0.75_far1.6_eval_cfg1.0_1.0.json::be37ae8e-a3aa-4202-a812-9be187c941b5_LivingRoom-31397,2,True,True,False,True,False,0.005296200004522689,1,baseline_rollback,0.0,0.0,0.0,1,2,0.5,4,1.9886562281147813,0.0,0.0,0,1,2,0.5,4,1.9886562281147813,0.0,0.0,0,1,2,0.5,4,1.9886562281147813,0.0,0.0,0,1,2,0.5,4,1.9886562281147813,0.0,0.0,0,1,2,0.5,4,1.9886562281147813,0.0,0.0,0
livingroom,146,bfdec636-7f20-41f6-94c2-b110479f7123_LivingDiningRoom-65070,livingroom_sgdiffusion_vq_objfeat_epoch_01459_relation_aware_parsed_floor_prior_max1.8_mesh_p2_close0.75_far1.6_eval_cfg1.0_1.0.json::bfdec636-7f20-41f6-94c2-b110479f7123_LivingDiningRoom-65070,2,True,False,False,True,False,0.0020328000027802773,1,baseline_rollback,0.0,0.0,0.0,0,2,0.0,5,1.0085636028362523,0.0,0.0,0,0,2,0.0,5,1.0085636028362523,0.0,0.0,0,0,2,0.0,5,1.0085636028362523,0.0,0.0,0,0,2,0.0,5,1.0085636028362523,0.0,0.0,0,0,2,0.0,5,1.0085636028362523,0.0,0.0,0
livingroom,147,c05880a2-1426-4f4f-947a-cb0c2b43b913_LivingDiningRoom-14432,livingroom_sgdiffusion_vq_objfeat_epoch_01459_relation_aware_parsed_floor_prior_max1.8_mesh_p2_close0.75_far1.6_eval_cfg1.0_1.0.json::c05880a2-1426-4f4f-947a-cb0c2b43b913_LivingDiningRoom-14432,1,True,True,False,True,False,0.0036279999985708855,1,baseline_rollback,3.0,3.0,3.0,0,1,0.0,5,0.9298490980721446,0.0,0.0,0,0,1,0.0,5,0.9298490980721446,0.0,0.0,0,0,1,0.0,5,0.9298490980721446,0.0,0.0,0,0,1,0.0,5,0.9298490980721446,0.0,0.0,0,0,1,0.0,5,0.9298490980721446,0.0,0.0,0
livingroom,148,c080c532-92bb-4d9e-a266-8556c7a06731_LivingDiningRoom-16314,livingroom_sgdiffusion_vq_objfeat_epoch_01459_relation_aware_parsed_floor_prior_max1.8_mesh_p2_close0.75_far1.6_eval_cfg1.0_1.0.json::c080c532-92bb-4d9e-a266-8556c7a06731_LivingDiningRoom-16314,2,True,True,True,True,True,0.27778359999501845,0,warm_start,9.0,9.0,9.0,1,2,0.5,14,2.3908240627294606,0.0,0.0,0,2,2,1.0,11,1.271415811155498,1.3977625945345684,1.2081454118505601,2,1,2,0.5,12,2.1256942244142802,1.397762594534568,0.8174221163883275,2,2,2,1.0,11,1.271415811155498,1.3977625945345684,1.2081454118505601,2,2,2,1.0,11,1.271415811155498,1.3977625945345684,1.2081454118505601,2
livingroom,149,c0de5219-e186-4e77-9b84-394940d6460b_LivingRoom-5361,livingroom_sgdiffusion_vq_objfeat_epoch_01459_relation_aware_parsed_floor_prior_max1.8_mesh_p2_close0.75_far1.6_eval_cfg1.0_1.0.json::c0de5219-e186-4e77-9b84-394940d6460b_LivingRoom-5361,2,True,False,False,True,False,0.0017439000002923422,0,baseline_rollback,1.0,1.0,1.0,1,2,0.5,3,0.9840506860760596,0.0,0.0,0,1,2,0.5,3,0.9840506860760596,0.0,0.0,0,1,2,0.5,3,0.9840506860760596,0.0,0.0,0,1,2,0.5,3,0.9840506860760596,0.0,0.0,0,1,2,0.5,3,0.9840506860760596,0.0,0.0,0
livingroom,150,c13a4e1c-5ff3-4a9f-8f83-ba07d5b1a79f_LivingDiningRoom-12564,livingroom_sgdiffusion_vq_objfeat_epoch_01459_relation_aware_parsed_floor_prior_max1.8_mesh_p2_close0.75_far1.6_eval_cfg1.0_1.0.json::c13a4e1c-5ff3-4a9f-8f83-ba07d5b1a79f_LivingDiningRoom-12564,0,True,True,False,True,False,0.003316000002087094,0,baseline_rollback,3.0,3.0,3.0,0,0,0.0,11,2.2162106119815594,0.0,0.0,0,0,0,0.0,11,2.2162106119815594,0.0,0.0,0,0,0,0.0,11,2.2162106119815594,0.0,0.0,0,0,0,0.0,11,2.2162106119815594,0.0,0.0,0,0,0,0.0,11,2.2162106119815594,0.0,0.0,0
livingroom,151,c14818d6-0797-4cb1-8218-432f76c8955d_LivingRoom-5655,livingroom_sgdiffusion_vq_objfeat_epoch_01459_relation_aware_parsed_floor_prior_max1.8_mesh_p2_close0.75_far1.6_eval_cfg1.0_1.0.json::c14818d6-0797-4cb1-8218-432f76c8955d_LivingRoom-5655,1,True,True,False,True,False,0.003416899999137968,0,baseline_rollback,0.0,0.0,0.0,1,1,1.0,13,1.9484518983344243,0.0,0.0,0,1,1,1.0,13,1.9484518983344243,0.0,0.0,0,1,1,1.0,13,1.9484518983344243,0.0,0.0,0,1,1,1.0,13,1.9484518983344243,0.0,0.0,0,1,1,1.0,13,1.9484518983344243,0.0,0.0,0
livingroom,152,c1c65ebb-faa1-4a74-abd5-05959bc4e8d5_LivingDiningRoom-13047,livingroom_sgdiffusion_vq_objfeat_epoch_01459_relation_aware_parsed_floor_prior_max1.8_mesh_p2_close0.75_far1.6_eval_cfg1.0_1.0.json::c1c65ebb-faa1-4a74-abd5-05959bc4e8d5_LivingDiningRoom-13047,1,True,True,False,True,False,0.004287499999918509,0,baseline_rollback,0.0,0.0,0.0,1,1,1.0,10,3.6336838003246186,0.0,0.0,0,1,1,1.0,10,3.6336838003246186,0.0,0.0,0,1,1,1.0,10,3.6336838003246186,0.0,0.0,0,1,1,1.0,10,3.6336838003246186,0.0,0.0,0,1,1,1.0,10,3.6336838003246186,0.0,0.0,0
livingroom,153,c75712a9-38a0-4ae9-b5dc-7404e3b34fd5_LivingRoom-55,livingroom_sgdiffusion_vq_objfeat_epoch_01459_relation_aware_parsed_floor_prior_max1.8_mesh_p2_close0.75_far1.6_eval_cfg1.0_1.0.json::c75712a9-38a0-4ae9-b5dc-7404e3b34fd5_LivingRoom-55,2,True,True,False,True,False,0.0016121000007842667,1,baseline_rollback,1.0,1.0,1.0,1,2,0.5,2,0.713386869467157,0.0,0.0,0,1,2,0.5,2,0.713386869467157,0.0,0.0,0,1,2,0.5,2,0.713386869467157,0.0,0.0,0,1,2,0.5,2,0.713386869467157,0.0,0.0,0,1,2,0.5,2,0.713386869467157,0.0,0.0,0
livingroom,154,c9f70be8-2021-4fb1-b599-da3b4e184543_LivingDiningRoom-941,livingroom_sgdiffusion_vq_objfeat_epoch_01459_relation_aware_parsed_floor_prior_max1.8_mesh_p2_close0.75_far1.6_eval_cfg1.0_1.0.json::c9f70be8-2021-4fb1-b599-da3b4e184543_LivingDiningRoom-941,2,True,False,False,True,False,0.006093500000133645,0,baseline_rollback,4.0,4.0,4.0,1,2,0.5,13,2.437057125889474,0.0,0.0,0,1,2,0.5,13,2.437057125889474,0.0,0.0,0,1,2,0.5,13,2.437057125889474,0.0,0.0,0,1,2,0.5,13,2.437057125889474,0.0,0.0,0,1,2,0.5,13,2.437057125889474,0.0,0.0,0
livingroom,155,cb0886aa-598e-4acb-a5f9-5740e098c7e3_LivingDiningRoom-32393,livingroom_sgdiffusion_vq_objfeat_epoch_01459_relation_aware_parsed_floor_prior_max1.8_mesh_p2_close0.75_far1.6_eval_cfg1.0_1.0.json::cb0886aa-598e-4acb-a5f9-5740e098c7e3_LivingDiningRoom-32393,0,True,True,False,True,False,0.0030251999996835366,0,baseline_rollback,1.0,1.0,1.0,0,0,0.0,4,0.3506892078056037,0.0,0.0,0,0,0,0.0,4,0.3506892078056037,0.0,0.0,0,0,0,0.0,4,0.3506892078056037,0.0,0.0,0,0,0,0.0,4,0.3506892078056037,0.0,0.0,0,0,0,0.0,4,0.3506892078056037,0.0,0.0,0
livingroom,156,cb7d522c-c582-4d16-a005-1f2e4636453e_LivingDiningRoom-8271,livingroom_sgdiffusion_vq_objfeat_epoch_01459_relation_aware_parsed_floor_prior_max1.8_mesh_p2_close0.75_far1.6_eval_cfg1.0_1.0.json::cb7d522c-c582-4d16-a005-1f2e4636453e_LivingDiningRoom-8271,1,True,True,False,True,False,0.0017578999977558851,0,baseline_rollback,2.0,2.0,2.0,1,1,1.0,11,2.012527419041265,0.0,0.0,0,1,1,1.0,11,2.012527419041265,0.0,0.0,0,1,1,1.0,11,2.012527419041265,0.0,0.0,0,1,1,1.0,11,2.012527419041265,0.0,0.0,0,1,1,1.0,11,2.012527419041265,0.0,0.0,0
livingroom,157,cbb1452c-db03-4283-b18e-a6ed577d4bd7_LivingRoom-2715,livingroom_sgdiffusion_vq_objfeat_epoch_01459_relation_aware_parsed_floor_prior_max1.8_mesh_p2_close0.75_far1.6_eval_cfg1.0_1.0.json::cbb1452c-db03-4283-b18e-a6ed577d4bd7_LivingRoom-2715,1,True,False,False,True,False,0.0033973999961744994,0,baseline_rollback,4.0,4.0,4.0,0,1,0.0,5,0.7090383219299474,0.0,0.0,0,0,1,0.0,5,0.7090383219299474,0.0,0.0,0,0,1,0.0,5,0.7090383219299474,0.0,0.0,0,0,1,0.0,5,0.7090383219299474,0.0,0.0,0,0,1,0.0,5,0.7090383219299474,0.0,0.0,0
livingroom,158,cbd4a8a0-be44-4629-a271-0518654ab3d9_LivingDiningRoom-8843,livingroom_sgdiffusion_vq_objfeat_epoch_01459_relation_aware_parsed_floor_prior_max1.8_mesh_p2_close0.75_far1.6_eval_cfg1.0_1.0.json::cbd4a8a0-be44-4629-a271-0518654ab3d9_LivingDiningRoom-8843,2,True,True,False,True,False,0.00438410000060685,0,baseline_rollback,2.0,2.0,2.0,2,2,1.0,5,0.363980576332035,0.0,0.0,0,2,2,1.0,5,0.363980576332035,0.0,0.0,0,2,2,1.0,5,0.363980576332035,0.0,0.0,0,2,2,1.0,5,0.363980576332035,0.0,0.0,0,2,2,1.0,5,0.363980576332035,0.0,0.0,0
livingroom,159,cc630582-147a-4713-8a41-16912ec0af41_LivingDiningRoom-10201,livingroom_sgdiffusion_vq_objfeat_epoch_01459_relation_aware_parsed_floor_prior_max1.8_mesh_p2_close0.75_far1.6_eval_cfg1.0_1.0.json::cc630582-147a-4713-8a41-16912ec0af41_LivingDiningRoom-10201,1,True,True,True,True,False,0.0743986000015866,0,baseline_rollback,2.0,1.0,2.0,0,1,0.0,1,0.03324151250000002,0.0,0.0,0,0,1,0.0,2,0.201813694064699,0.193207101600263,0.193207101600263,1,0,1,0.0,1,0.03324151250000002,0.193207101600263,0.193207101600263,1,0,1,0.0,1,0.03324151250000002,0.0,0.0,0,0,1,0.0,1,0.03324151250000002,0.0,0.0,0
livingroom,160,ce377776-581d-4b4c-807f-e63f7473e9b3_LivingDiningRoom-276836,livingroom_sgdiffusion_vq_objfeat_epoch_01459_relation_aware_parsed_floor_prior_max1.8_mesh_p2_close0.75_far1.6_eval_cfg1.0_1.0.json::ce377776-581d-4b4c-807f-e63f7473e9b3_LivingDiningRoom-276836,1,True,True,False,True,False,0.005308899999363348,1,baseline_rollback,8.0,8.0,8.0,1,1,1.0,9,0.7580091240284274,0.0,0.0,0,1,1,1.0,9,0.7580091240284274,0.0,0.0,0,1,1,1.0,9,0.7580091240284274,0.0,0.0,0,1,1,1.0,9,0.7580091240284274,0.0,0.0,0,1,1,1.0,9,0.7580091240284274,0.0,0.0,0
livingroom,161,ce3aa96b-a6f4-455d-8a83-2a61253c6fec_LivingDiningRoom-2432,livingroom_sgdiffusion_vq_objfeat_epoch_01459_relation_aware_parsed_floor_prior_max1.8_mesh_p2_close0.75_far1.6_eval_cfg1.0_1.0.json::ce3aa96b-a6f4-455d-8a83-2a61253c6fec_LivingDiningRoom-2432,0,True,True,False,True,False,0.0050762000028043985,0,baseline_rollback,7.0,7.0,7.0,0,0,0.0,16,2.3368334168915896,0.0,0.0,0,0,0,0.0,16,2.3368334168915896,0.0,0.0,0,0,0,0.0,16,2.3368334168915896,0.0,0.0,0,0,0,0.0,16,2.3368334168915896,0.0,0.0,0,0,0,0.0,16,2.3368334168915896,0.0,0.0,0
livingroom,162,d145b098-8ec8-4ea2-891b-f7deaf3edbb1_LivingDiningRoom-8886,livingroom_sgdiffusion_vq_objfeat_epoch_01459_relation_aware_parsed_floor_prior_max1.8_mesh_p2_close0.75_far1.6_eval_cfg1.0_1.0.json::d145b098-8ec8-4ea2-891b-f7deaf3edbb1_LivingDiningRoom-8886,2,True,True,False,True,False,0.0029481000019586645,2,baseline_rollback,3.0,3.0,3.0,0,2,0.0,9,1.851869765966379,0.0,0.0,0,0,2,0.0,9,1.851869765966379,0.0,0.0,0,0,2,0.0,9,1.851869765966379,0.0,0.0,0,0,2,0.0,9,1.851869765966379,0.0,0.0,0,0,2,0.0,9,1.851869765966379,0.0,0.0,0
livingroom,163,d4016070-45f4-45f1-800c-b6147def05b4_LivingDiningRoom-3483,livingroom_sgdiffusion_vq_objfeat_epoch_01459_relation_aware_parsed_floor_prior_max1.8_mesh_p2_close0.75_far1.6_eval_cfg1.0_1.0.json::d4016070-45f4-45f1-800c-b6147def05b4_LivingDiningRoom-3483,1,True,True,True,True,False,0.20545570000103908,0,baseline_rollback,4.0,4.0,4.0,0,1,0.0,8,1.4975463898503052,0.0,0.0,0,0,1,0.0,9,1.606311735216476,0.3207790411431074,0.3207790411431074,1,0,1,0.0,7,1.4588490573402164,0.32077904114310746,0.32077904114310746,1,0,1,0.0,8,1.4975463898503052,0.0,0.0,0,0,1,0.0,8,1.4975463898503052,0.0,0.0,0
livingroom,164,d5514ff3-afae-4ce4-b98e-5f83bf4172eb_LivingDiningRoom-19612,livingroom_sgdiffusion_vq_objfeat_epoch_01459_relation_aware_parsed_floor_prior_max1.8_mesh_p2_close0.75_far1.6_eval_cfg1.0_1.0.json::d5514ff3-afae-4ce4-b98e-5f83bf4172eb_LivingDiningRoom-19612,0,True,True,False,True,False,0.003811499998846557,0,baseline_rollback,3.0,3.0,3.0,0,0,0.0,9,1.373667400595081,0.0,0.0,0,0,0,0.0,9,1.373667400595081,0.0,0.0,0,0,0,0.0,9,1.373667400595081,0.0,0.0,0,0,0,0.0,9,1.373667400595081,0.0,0.0,0,0,0,0.0,9,1.373667400595081,0.0,0.0,0
livingroom,165,d86d22b5-a808-4dfb-acf4-a7a5bfc9457c_LivingRoom-24701,livingroom_sgdiffusion_vq_objfeat_epoch_01459_relation_aware_parsed_floor_prior_max1.8_mesh_p2_close0.75_far1.6_eval_cfg1.0_1.0.json::d86d22b5-a808-4dfb-acf4-a7a5bfc9457c_LivingRoom-24701,0,True,True,False,True,False,0.0028511000055004843,0,baseline_rollback,2.0,2.0,2.0,0,0,0.0,10,1.3254836135870327,0.0,0.0,0,0,0,0.0,10,1.3254836135870327,0.0,0.0,0,0,0,0.0,10,1.3254836135870327,0.0,0.0,0,0,0,0.0,10,1.3254836135870327,0.0,0.0,0,0,0,0.0,10,1.3254836135870327,0.0,0.0,0
livingroom,166,d97a1fd8-ec70-438d-a7fd-a7badea1eda3_LivingDiningRoom-11440,livingroom_sgdiffusion_vq_objfeat_epoch_01459_relation_aware_parsed_floor_prior_max1.8_mesh_p2_close0.75_far1.6_eval_cfg1.0_1.0.json::d97a1fd8-ec70-438d-a7fd-a7badea1eda3_LivingDiningRoom-11440,1,True,True,False,True,False,0.0038443999947048724,1,baseline_rollback,2.0,2.0,2.0,0,1,0.0,9,0.9902864842055409,0.0,0.0,0,0,1,0.0,9,0.9902864842055409,0.0,0.0,0,0,1,0.0,9,0.9902864842055409,0.0,0.0,0,0,1,0.0,9,0.9902864842055409,0.0,0.0,0,0,1,0.0,9,0.9902864842055409,0.0,0.0,0
livingroom,167,da41c0e0-e010-4fd4-a54b-e884e29d8e18_LivingDiningRoom-476,livingroom_sgdiffusion_vq_objfeat_epoch_01459_relation_aware_parsed_floor_prior_max1.8_mesh_p2_close0.75_far1.6_eval_cfg1.0_1.0.json::da41c0e0-e010-4fd4-a54b-e884e29d8e18_LivingDiningRoom-476,2,True,True,False,True,False,0.0029368999967118725,0,baseline_rollback,4.0,4.0,4.0,0,2,0.0,9,1.258310084492455,0.0,0.0,0,0,2,0.0,9,1.258310084492455,0.0,0.0,0,0,2,0.0,9,1.258310084492455,0.0,0.0,0,0,2,0.0,9,1.258310084492455,0.0,0.0,0,0,2,0.0,9,1.258310084492455,0.0,0.0,0
livingroom,168,dc44410d-8a89-4099-ab84-4444b9ebbcd6_LivingRoom-37001,livingroom_sgdiffusion_vq_objfeat_epoch_01459_relation_aware_parsed_floor_prior_max1.8_mesh_p2_close0.75_far1.6_eval_cfg1.0_1.0.json::dc44410d-8a89-4099-ab84-4444b9ebbcd6_LivingRoom-37001,1,True,True,True,True,True,0.14612090000446187,0,warm_start,3.0,2.0,2.0,0,1,0.0,16,3.018669957474007,0.0,0.0,0,1,1,1.0,14,2.3619169977269046,0.5414872500945684,0.5414872500945684,1,1,1,1.0,14,2.319364255046418,0.5414872500945684,0.5414872500945684,1,1,1,1.0,14,2.3619169977269046,0.5414872500945684,0.5414872500945684,1,1,1,1.0,14,2.3619169977269046,0.5414872500945684,0.5414872500945684,1
livingroom,169,dd7856a2-52c4-4b27-bd7c-7ba5df36d181_LivingRoom-1255,livingroom_sgdiffusion_vq_objfeat_epoch_01459_relation_aware_parsed_floor_prior_max1.8_mesh_p2_close0.75_far1.6_eval_cfg1.0_1.0.json::dd7856a2-52c4-4b27-bd7c-7ba5df36d181_LivingRoom-1255,0,True,True,False,True,False,0.004586499999277294,0,baseline_rollback,1.0,1.0,1.0,0,0,0.0,4,0.5830854515691737,0.0,0.0,0,0,0,0.0,4,0.5830854515691737,0.0,0.0,0,0,0,0.0,4,0.5830854515691737,0.0,0.0,0,0,0,0.0,4,0.5830854515691737,0.0,0.0,0,0,0,0.0,4,0.5830854515691737,0.0,0.0,0
livingroom,170,ddb2ee64-0253-4541-8df3-49d8652aeaf2_LivingRoom-3168,livingroom_sgdiffusion_vq_objfeat_epoch_01459_relation_aware_parsed_floor_prior_max1.8_mesh_p2_close0.75_far1.6_eval_cfg1.0_1.0.json::ddb2ee64-0253-4541-8df3-49d8652aeaf2_LivingRoom-3168,0,True,True,False,True,False,0.004314699996029958,0,baseline_rollback,5.0,5.0,5.0,0,0,0.0,6,0.6210735672018104,0.0,0.0,0,0,0,0.0,6,0.6210735672018104,0.0,0.0,0,0,0,0.0,6,0.6210735672018104,0.0,0.0,0,0,0,0.0,6,0.6210735672018104,0.0,0.0,0,0,0,0.0,6,0.6210735672018104,0.0,0.0,0
livingroom,171,de7f5810-bcd8-4eae-889c-ea51d11640a2_LivingDiningRoom-21284,livingroom_sgdiffusion_vq_objfeat_epoch_01459_relation_aware_parsed_floor_prior_max1.8_mesh_p2_close0.75_far1.6_eval_cfg1.0_1.0.json::de7f5810-bcd8-4eae-889c-ea51d11640a2_LivingDiningRoom-21284,0,True,True,False,True,False,0.0023259000008692965,0,baseline_rollback,2.0,2.0,2.0,0,0,0.0,10,0.9519659600472911,0.0,0.0,0,0,0,0.0,10,0.9519659600472911,0.0,0.0,0,0,0,0.0,10,0.9519659600472911,0.0,0.0,0,0,0,0.0,10,0.9519659600472911,0.0,0.0,0,0,0,0.0,10,0.9519659600472911,0.0,0.0,0
livingroom,172,deebcfd8-9f7e-49be-8c50-2edb11abb8d9_LivingRoom-26286,livingroom_sgdiffusion_vq_objfeat_epoch_01459_relation_aware_parsed_floor_prior_max1.8_mesh_p2_close0.75_far1.6_eval_cfg1.0_1.0.json::deebcfd8-9f7e-49be-8c50-2edb11abb8d9_LivingRoom-26286,0,True,True,False,True,False,0.003516799995850306,0,baseline_rollback,4.0,4.0,4.0,0,0,0.0,8,1.406081083875952,0.0,0.0,0,0,0,0.0,8,1.406081083875952,0.0,0.0,0,0,0,0.0,8,1.406081083875952,0.0,0.0,0,0,0,0.0,8,1.406081083875952,0.0,0.0,0,0,0,0.0,8,1.406081083875952,0.0,0.0,0
livingroom,173,df17ede9-742d-4283-b77e-8482e260c71e_LivingDiningRoom-15419,livingroom_sgdiffusion_vq_objfeat_epoch_01459_relation_aware_parsed_floor_prior_max1.8_mesh_p2_close0.75_far1.6_eval_cfg1.0_1.0.json::df17ede9-742d-4283-b77e-8482e260c71e_LivingDiningRoom-15419,2,True,True,False,True,False,0.002402099999017082,2,baseline_rollback,3.0,3.0,3.0,1,2,0.5,8,1.5989040053536476,0.0,0.0,0,1,2,0.5,8,1.5989040053536476,0.0,0.0,0,1,2,0.5,8,1.5989040053536476,0.0,0.0,0,1,2,0.5,8,1.5989040053536476,0.0,0.0,0,1,2,0.5,8,1.5989040053536476,0.0,0.0,0
livingroom,174,df5e8b99-2ccc-4d27-89d8-094cf83706f9_LivingDiningRoom-838,livingroom_sgdiffusion_vq_objfeat_epoch_01459_relation_aware_parsed_floor_prior_max1.8_mesh_p2_close0.75_far1.6_eval_cfg1.0_1.0.json::df5e8b99-2ccc-4d27-89d8-094cf83706f9_LivingDiningRoom-838,2,True,True,False,True,False,0.0009620999990147538,0,baseline_rollback,0.0,0.0,0.0,1,2,0.5,0,0.0,0.0,0.0,0,1,2,0.5,0,0.0,0.0,0.0,0,1,2,0.5,0,0.0,0.0,0.0,0,1,2,0.5,0,0.0,0.0,0.0,0,1,2,0.5,0,0.0,0.0,0.0,0
livingroom,175,e35cbb00-27a3-442b-8cf6-bf8651e54db1_LivingRoom-4960,livingroom_sgdiffusion_vq_objfeat_epoch_01459_relation_aware_parsed_floor_prior_max1.8_mesh_p2_close0.75_far1.6_eval_cfg1.0_1.0.json::e35cbb00-27a3-442b-8cf6-bf8651e54db1_LivingRoom-4960,0,True,True,False,True,False,0.0015620000049239025,0,baseline_rollback,0.0,0.0,0.0,0,0,0.0,3,0.35898864013418064,0.0,0.0,0,0,0,0.0,3,0.35898864013418064,0.0,0.0,0,0,0,0.0,3,0.35898864013418064,0.0,0.0,0,0,0,0.0,3,0.35898864013418064,0.0,0.0,0,0,0,0.0,3,0.35898864013418064,0.0,0.0,0
livingroom,176,e387ce2f-183d-40a7-b4bf-814181fbea82_LivingDiningRoom-1407,livingroom_sgdiffusion_vq_objfeat_epoch_01459_relation_aware_parsed_floor_prior_max1.8_mesh_p2_close0.75_far1.6_eval_cfg1.0_1.0.json::e387ce2f-183d-40a7-b4bf-814181fbea82_LivingDiningRoom-1407,0,True,True,False,True,False,0.0014243999976315536,0,baseline_rollback,2.0,2.0,2.0,0,0,0.0,4,0.715677356373098,0.0,0.0,0,0,0,0.0,4,0.715677356373098,0.0,0.0,0,0,0,0.0,4,0.715677356373098,0.0,0.0,0,0,0,0.0,4,0.715677356373098,0.0,0.0,0,0,0,0.0,4,0.715677356373098,0.0,0.0,0
livingroom,177,e52eb1b0-a8fb-4b1c-873d-5d962259a904_LivingRoom-2410,livingroom_sgdiffusion_vq_objfeat_epoch_01459_relation_aware_parsed_floor_prior_max1.8_mesh_p2_close0.75_far1.6_eval_cfg1.0_1.0.json::e52eb1b0-a8fb-4b1c-873d-5d962259a904_LivingRoom-2410,1,True,True,False,True,False,0.004615500001818873,0,baseline_rollback,3.0,3.0,3.0,0,1,0.0,8,0.8864092169879063,0.0,0.0,0,0,1,0.0,8,0.8864092169879063,0.0,0.0,0,0,1,0.0,8,0.8864092169879063,0.0,0.0,0,0,1,0.0,8,0.8864092169879063,0.0,0.0,0,0,1,0.0,8,0.8864092169879063,0.0,0.0,0
livingroom,178,e5a744d6-d36d-4682-877f-fea6e9614c94_LivingDiningRoom-17836,livingroom_sgdiffusion_vq_objfeat_epoch_01459_relation_aware_parsed_floor_prior_max1.8_mesh_p2_close0.75_far1.6_eval_cfg1.0_1.0.json::e5a744d6-d36d-4682-877f-fea6e9614c94_LivingDiningRoom-17836,1,True,True,False,True,False,0.0036932000002707355,0,baseline_rollback,7.0,7.0,7.0,1,1,1.0,13,2.277721815122033,0.0,0.0,0,1,1,1.0,13,2.277721815122033,0.0,0.0,0,1,1,1.0,13,2.277721815122033,0.0,0.0,0,1,1,1.0,13,2.277721815122033,0.0,0.0,0,1,1,1.0,13,2.277721815122033,0.0,0.0,0
livingroom,179,e75e3c07-5b75-4a26-8933-cb6050aa6678_LivingDiningRoom-11555,livingroom_sgdiffusion_vq_objfeat_epoch_01459_relation_aware_parsed_floor_prior_max1.8_mesh_p2_close0.75_far1.6_eval_cfg1.0_1.0.json::e75e3c07-5b75-4a26-8933-cb6050aa6678_LivingDiningRoom-11555,1,True,True,False,True,False,0.0033103000023402274,0,baseline_rollback,0.0,0.0,0.0,0,1,0.0,4,0.923138405412117,0.0,0.0,0,0,1,0.0,4,0.923138405412117,0.0,0.0,0,0,1,0.0,4,0.923138405412117,0.0,0.0,0,0,1,0.0,4,0.923138405412117,0.0,0.0,0,0,1,0.0,4,0.923138405412117,0.0,0.0,0
livingroom,180,e7cc0ba0-e5d7-4b0b-9708-07e7a18a0fd8_LivingRoom-52289,livingroom_sgdiffusion_vq_objfeat_epoch_01459_relation_aware_parsed_floor_prior_max1.8_mesh_p2_close0.75_far1.6_eval_cfg1.0_1.0.json::e7cc0ba0-e5d7-4b0b-9708-07e7a18a0fd8_LivingRoom-52289,2,True,True,True,True,False,0.03732769999623997,1,baseline_rollback,0.0,0.0,0.0,1,2,0.5,2,0.6410176873782524,0.0,0.0,0,1,2,0.5,1,0.7287631026199997,0.20587711655128027,0.20587711655128027,1,1,2,0.5,2,0.6410176873782524,0.20587711655128016,0.20587711655128016,1,1,2,0.5,2,0.6410176873782524,0.0,0.0,0,1,2,0.5,2,0.6410176873782524,0.0,0.0,0
livingroom,181,e892807a-549e-4a8f-855b-075fa1b70c9f_LivingDiningRoom-19931,livingroom_sgdiffusion_vq_objfeat_epoch_01459_relation_aware_parsed_floor_prior_max1.8_mesh_p2_close0.75_far1.6_eval_cfg1.0_1.0.json::e892807a-549e-4a8f-855b-075fa1b70c9f_LivingDiningRoom-19931,2,True,True,False,True,False,0.005564200000662822,0,baseline_rollback,3.0,3.0,3.0,1,2,0.5,11,2.4929608091540425,0.0,0.0,0,1,2,0.5,11,2.4929608091540425,0.0,0.0,0,1,2,0.5,11,2.4929608091540425,0.0,0.0,0,1,2,0.5,11,2.4929608091540425,0.0,0.0,0,1,2,0.5,11,2.4929608091540425,0.0,0.0,0
livingroom,182,ea497775-7cb7-4f4d-ad49-eeae6970961d_LivingRoom-4789,livingroom_sgdiffusion_vq_objfeat_epoch_01459_relation_aware_parsed_floor_prior_max1.8_mesh_p2_close0.75_far1.6_eval_cfg1.0_1.0.json::ea497775-7cb7-4f4d-ad49-eeae6970961d_LivingRoom-4789,2,True,True,False,True,False,0.0015830999982426874,1,baseline_rollback,2.0,2.0,2.0,1,2,0.5,6,1.8120034019526663,0.0,0.0,0,1,2,0.5,6,1.8120034019526663,0.0,0.0,0,1,2,0.5,6,1.8120034019526663,0.0,0.0,0,1,2,0.5,6,1.8120034019526663,0.0,0.0,0,1,2,0.5,6,1.8120034019526663,0.0,0.0,0
livingroom,183,ef538119-2339-4538-94d3-06711fe4ae99_LivingDiningRoom-814,livingroom_sgdiffusion_vq_objfeat_epoch_01459_relation_aware_parsed_floor_prior_max1.8_mesh_p2_close0.75_far1.6_eval_cfg1.0_1.0.json::ef538119-2339-4538-94d3-06711fe4ae99_LivingDiningRoom-814,2,True,True,False,True,False,0.0005395000043790787,0,baseline_rollback,0.0,0.0,0.0,1,2,0.5,0,0.0,0.0,0.0,0,1,2,0.5,0,0.0,0.0,0.0,0,1,2,0.5,0,0.0,0.0,0.0,0,1,2,0.5,0,0.0,0.0,0.0,0,1,2,0.5,0,0.0,0.0,0.0,0
livingroom,184,ef543f0b-22b8-463f-9def-0bfa6cae51ea_LivingDiningRoom-79295,livingroom_sgdiffusion_vq_objfeat_epoch_01459_relation_aware_parsed_floor_prior_max1.8_mesh_p2_close0.75_far1.6_eval_cfg1.0_1.0.json::ef543f0b-22b8-463f-9def-0bfa6cae51ea_LivingDiningRoom-79295,0,True,True,False,True,False,0.003340500006743241,0,baseline_rollback,0.0,0.0,0.0,0,0,0.0,7,0.46219946557679836,0.0,0.0,0,0,0,0.0,7,0.46219946557679836,0.0,0.0,0,0,0,0.0,7,0.46219946557679836,0.0,0.0,0,0,0,0.0,7,0.46219946557679836,0.0,0.0,0,0,0,0.0,7,0.46219946557679836,0.0,0.0,0
livingroom,185,ef5860ab-d989-4605-93b1-5127126696c6_LivingDiningRoom-70961,livingroom_sgdiffusion_vq_objfeat_epoch_01459_relation_aware_parsed_floor_prior_max1.8_mesh_p2_close0.75_far1.6_eval_cfg1.0_1.0.json::ef5860ab-d989-4605-93b1-5127126696c6_LivingDiningRoom-70961,1,True,True,False,True,False,0.003492499999993015,0,baseline_rollback,4.0,4.0,4.0,0,1,0.0,8,1.6367340016340517,0.0,0.0,0,0,1,0.0,8,1.6367340016340517,0.0,0.0,0,0,1,0.0,8,1.6367340016340517,0.0,0.0,0,0,1,0.0,8,1.6367340016340517,0.0,0.0,0,0,1,0.0,8,1.6367340016340517,0.0,0.0,0
livingroom,186,f01d52ec-ff3e-4157-b0bc-9c29e849f03c_LivingDiningRoom-24470,livingroom_sgdiffusion_vq_objfeat_epoch_01459_relation_aware_parsed_floor_prior_max1.8_mesh_p2_close0.75_far1.6_eval_cfg1.0_1.0.json::f01d52ec-ff3e-4157-b0bc-9c29e849f03c_LivingDiningRoom-24470,2,True,True,False,True,False,0.004006900002423208,1,baseline_rollback,1.0,1.0,1.0,2,2,1.0,7,1.0816327841792495,0.0,0.0,0,2,2,1.0,7,1.0816327841792495,0.0,0.0,0,2,2,1.0,7,1.0816327841792495,0.0,0.0,0,2,2,1.0,7,1.0816327841792495,0.0,0.0,0,2,2,1.0,7,1.0816327841792495,0.0,0.0,0
livingroom,187,f086151e-64f0-4fad-b373-22c20dfc2fce_LivingDiningRoom-5082,livingroom_sgdiffusion_vq_objfeat_epoch_01459_relation_aware_parsed_floor_prior_max1.8_mesh_p2_close0.75_far1.6_eval_cfg1.0_1.0.json::f086151e-64f0-4fad-b373-22c20dfc2fce_LivingDiningRoom-5082,0,True,True,False,True,False,0.0039924000011524186,0,baseline_rollback,1.0,1.0,1.0,0,0,0.0,9,1.9341421772036467,0.0,0.0,0,0,0,0.0,9,1.9341421772036467,0.0,0.0,0,0,0,0.0,9,1.9341421772036467,0.0,0.0,0,0,0,0.0,9,1.9341421772036467,0.0,0.0,0,0,0,0.0,9,1.9341421772036467,0.0,0.0,0
livingroom,188,f80fbd68-006f-4118-a5b2-01678baef76b_LivingDiningRoom-45329,livingroom_sgdiffusion_vq_objfeat_epoch_01459_relation_aware_parsed_floor_prior_max1.8_mesh_p2_close0.75_far1.6_eval_cfg1.0_1.0.json::f80fbd68-006f-4118-a5b2-01678baef76b_LivingDiningRoom-45329,1,True,True,False,True,False,0.0035913999963668175,0,baseline_rollback,1.0,1.0,1.0,1,1,1.0,6,1.443663018173672,0.0,0.0,0,1,1,1.0,6,1.443663018173672,0.0,0.0,0,1,1,1.0,6,1.443663018173672,0.0,0.0,0,1,1,1.0,6,1.443663018173672,0.0,0.0,0,1,1,1.0,6,1.443663018173672,0.0,0.0,0
livingroom,189,f89c8def-be8d-4a45-948e-714938ca5550_LivingDiningRoom-16828,livingroom_sgdiffusion_vq_objfeat_epoch_01459_relation_aware_parsed_floor_prior_max1.8_mesh_p2_close0.75_far1.6_eval_cfg1.0_1.0.json::f89c8def-be8d-4a45-948e-714938ca5550_LivingDiningRoom-16828,1,True,True,True,True,False,0.08635049999429611,0,baseline_rollback,1.0,1.0,1.0,1,1,1.0,5,1.0019126640605334,0.0,0.0,0,1,1,1.0,4,0.9885714825145391,1.6046590426580187,1.6046590426580187,1,1,1,1.0,4,0.9885714825145391,1.6046590426580187,1.6046590426580187,1,1,1,1.0,5,1.0019126640605334,0.0,0.0,0,1,1,1.0,5,1.0019126640605334,0.0,0.0,0
livingroom,190,fb76c361-48d1-4450-a4a3-0b9bea32fb8e_LivingRoom-35461,livingroom_sgdiffusion_vq_objfeat_epoch_01459_relation_aware_parsed_floor_prior_max1.8_mesh_p2_close0.75_far1.6_eval_cfg1.0_1.0.json::fb76c361-48d1-4450-a4a3-0b9bea32fb8e_LivingRoom-35461,1,True,True,False,True,False,0.004730900000140537,0,baseline_rollback,2.0,2.0,2.0,1,1,1.0,14,3.2170828116691657,0.0,0.0,0,1,1,1.0,14,3.2170828116691657,0.0,0.0,0,1,1,1.0,14,3.2170828116691657,0.0,0.0,0,1,1,1.0,14,3.2170828116691657,0.0,0.0,0,1,1,1.0,14,3.2170828116691657,0.0,0.0,0
livingroom,191,ffd98024-7200-429e-8b9a-1234a5937826_LivingRoom-360,livingroom_sgdiffusion_vq_objfeat_epoch_01459_relation_aware_parsed_floor_prior_max1.8_mesh_p2_close0.75_far1.6_eval_cfg1.0_1.0.json::ffd98024-7200-429e-8b9a-1234a5937826_LivingRoom-360,1,True,True,False,True,False,0.0011044000057154335,1,baseline_rollback,2.0,2.0,2.0,1,1,1.0,5,1.6920358223922072,0.0,0.0,0,1,1,1.0,5,1.6920358223922072,0.0,0.0,0,1,1,1.0,5,1.6920358223922072,0.0,0.0,0,1,1,1.0,5,1.6920358223922072,0.0,0.0,0,1,1,1.0,5,1.6920358223922072,0.0,0.0,0
