scene_id,layout_variant,source_config_id,n_objects,changed_objects,total_xz_movement,max_xz_movement,budget_total,budget_max
bedroom:015ed8e0-35dc-41ab-9a9e-b3dbba4ec64a_MasterBedroom-33296,collision_gated_floor_prior,floor_prior_max1.8_mesh_p2_close0.75_far1.6,3,0,0.0,0.0,0.0,0.0
bedroom:015ed8e0-35dc-41ab-9a9e-b3dbba4ec64a_MasterBedroom-33296,random_movement_matched_seed0,eg06_random_seed0,3,0,0.0,0.0,0.0,0.0
bedroom:015ed8e0-35dc-41ab-9a9e-b3dbba4ec64a_MasterBedroom-33296,random_movement_matched_seed1,eg06_random_seed1,3,0,0.0,0.0,0.0,0.0
bedroom:015ed8e0-35dc-41ab-9a9e-b3dbba4ec64a_MasterBedroom-33296,random_movement_matched_seed2,eg06_random_seed2,3,0,0.0,0.0,0.0,0.0
bedroom:015ed8e0-35dc-41ab-9a9e-b3dbba4ec64a_MasterBedroom-33296,generic_relation_optimizer,eg06_generic_budget_matched,3,0,0.0,0.0,0.0,0.0
bedroom:04684207-3d45-4d33-bd9d-0f66c9a45402_MasterBedroom-9404,collision_gated_floor_prior,floor_prior_max1.8_mesh_p2_close0.75_far1.6,7,0,0.0,0.0,0.0,0.0
bedroom:04684207-3d45-4d33-bd9d-0f66c9a45402_MasterBedroom-9404,random_movement_matched_seed0,eg06_random_seed0,7,0,0.0,0.0,0.0,0.0
bedroom:04684207-3d45-4d33-bd9d-0f66c9a45402_MasterBedroom-9404,random_movement_matched_seed1,eg06_random_seed1,7,0,0.0,0.0,0.0,0.0
bedroom:04684207-3d45-4d33-bd9d-0f66c9a45402_MasterBedroom-9404,random_movement_matched_seed2,eg06_random_seed2,7,0,0.0,0.0,0.0,0.0
bedroom:04684207-3d45-4d33-bd9d-0f66c9a45402_MasterBedroom-9404,generic_relation_optimizer,eg06_generic_budget_matched,7,0,0.0,0.0,0.0,0.0
bedroom:04f7a09d-08be-4e6f-965d-b655e0f654fe_SecondBedroom-30034,collision_gated_floor_prior,floor_prior_max1.8_mesh_p2_close0.75_far1.6,5,0,0.0,0.0,0.0,0.0
bedroom:04f7a09d-08be-4e6f-965d-b655e0f654fe_SecondBedroom-30034,random_movement_matched_seed0,eg06_random_seed0,5,0,0.0,0.0,0.0,0.0
bedroom:04f7a09d-08be-4e6f-965d-b655e0f654fe_SecondBedroom-30034,random_movement_matched_seed1,eg06_random_seed1,5,0,0.0,0.0,0.0,0.0
bedroom:04f7a09d-08be-4e6f-965d-b655e0f654fe_SecondBedroom-30034,random_movement_matched_seed2,eg06_random_seed2,5,0,0.0,0.0,0.0,0.0
bedroom:04f7a09d-08be-4e6f-965d-b655e0f654fe_SecondBedroom-30034,generic_relation_optimizer,eg06_generic_budget_matched,5,0,0.0,0.0,0.0,0.0
bedroom:0b4abd30-b157-4ecf-a077-989285598cf2_SecondBedroom-6482,collision_gated_floor_prior,floor_prior_max1.8_mesh_p2_close0.75_far1.6,6,0,0.0,0.0,0.0,0.0
bedroom:0b4abd30-b157-4ecf-a077-989285598cf2_SecondBedroom-6482,random_movement_matched_seed0,eg06_random_seed0,6,0,0.0,0.0,0.0,0.0
bedroom:0b4abd30-b157-4ecf-a077-989285598cf2_SecondBedroom-6482,random_movement_matched_seed1,eg06_random_seed1,6,0,0.0,0.0,0.0,0.0
bedroom:0b4abd30-b157-4ecf-a077-989285598cf2_SecondBedroom-6482,random_movement_matched_seed2,eg06_random_seed2,6,0,0.0,0.0,0.0,0.0
bedroom:0b4abd30-b157-4ecf-a077-989285598cf2_SecondBedroom-6482,generic_relation_optimizer,eg06_generic_budget_matched,6,0,0.0,0.0,0.0,0.0
bedroom:0bb3d53a-d91c-4f86-afb3-0fbf0e35d1d5_SecondBedroom-11167,collision_gated_floor_prior,floor_prior_max1.8_mesh_p2_close0.75_far1.6,6,0,0.0,0.0,0.0,0.0
bedroom:0bb3d53a-d91c-4f86-afb3-0fbf0e35d1d5_SecondBedroom-11167,random_movement_matched_seed0,eg06_random_seed0,6,0,0.0,0.0,0.0,0.0
bedroom:0bb3d53a-d91c-4f86-afb3-0fbf0e35d1d5_SecondBedroom-11167,random_movement_matched_seed1,eg06_random_seed1,6,0,0.0,0.0,0.0,0.0
bedroom:0bb3d53a-d91c-4f86-afb3-0fbf0e35d1d5_SecondBedroom-11167,random_movement_matched_seed2,eg06_random_seed2,6,0,0.0,0.0,0.0,0.0
bedroom:0bb3d53a-d91c-4f86-afb3-0fbf0e35d1d5_SecondBedroom-11167,generic_relation_optimizer,eg06_generic_budget_matched,6,0,0.0,0.0,0.0,0.0
bedroom:0d7be408-9e3d-4f68-8422-5aa2069ccdb2_MasterBedroom-27127,collision_gated_floor_prior,floor_prior_max1.8_mesh_p2_close0.75_far1.6,4,0,0.0,0.0,0.0,0.0
bedroom:0d7be408-9e3d-4f68-8422-5aa2069ccdb2_MasterBedroom-27127,random_movement_matched_seed0,eg06_random_seed0,4,0,0.0,0.0,0.0,0.0
bedroom:0d7be408-9e3d-4f68-8422-5aa2069ccdb2_MasterBedroom-27127,random_movement_matched_seed1,eg06_random_seed1,4,0,0.0,0.0,0.0,0.0
bedroom:0d7be408-9e3d-4f68-8422-5aa2069ccdb2_MasterBedroom-27127,random_movement_matched_seed2,eg06_random_seed2,4,0,0.0,0.0,0.0,0.0
bedroom:0d7be408-9e3d-4f68-8422-5aa2069ccdb2_MasterBedroom-27127,generic_relation_optimizer,eg06_generic_budget_matched,4,0,0.0,0.0,0.0,0.0
bedroom:0f401f03-d3c7-413b-b9ff-bfb6fdbb416d_MasterBedroom-75552,collision_gated_floor_prior,floor_prior_max1.8_mesh_p2_close0.75_far1.6,3,0,0.0,0.0,0.0,0.0
bedroom:0f401f03-d3c7-413b-b9ff-bfb6fdbb416d_MasterBedroom-75552,random_movement_matched_seed0,eg06_random_seed0,3,0,0.0,0.0,0.0,0.0
bedroom:0f401f03-d3c7-413b-b9ff-bfb6fdbb416d_MasterBedroom-75552,random_movement_matched_seed1,eg06_random_seed1,3,0,0.0,0.0,0.0,0.0
bedroom:0f401f03-d3c7-413b-b9ff-bfb6fdbb416d_MasterBedroom-75552,random_movement_matched_seed2,eg06_random_seed2,3,0,0.0,0.0,0.0,0.0
bedroom:0f401f03-d3c7-413b-b9ff-bfb6fdbb416d_MasterBedroom-75552,generic_relation_optimizer,eg06_generic_budget_matched,3,0,0.0,0.0,0.0,0.0
bedroom:0f7d04b8-9de9-4e07-9a44-0cdb8b2703f4_SecondBedroom-19119,collision_gated_floor_prior,floor_prior_max1.8_mesh_p2_close0.75_far1.6,5,0,0.0,0.0,0.0,0.0
bedroom:0f7d04b8-9de9-4e07-9a44-0cdb8b2703f4_SecondBedroom-19119,random_movement_matched_seed0,eg06_random_seed0,5,0,0.0,0.0,0.0,0.0
bedroom:0f7d04b8-9de9-4e07-9a44-0cdb8b2703f4_SecondBedroom-19119,random_movement_matched_seed1,eg06_random_seed1,5,0,0.0,0.0,0.0,0.0
bedroom:0f7d04b8-9de9-4e07-9a44-0cdb8b2703f4_SecondBedroom-19119,random_movement_matched_seed2,eg06_random_seed2,5,0,0.0,0.0,0.0,0.0
bedroom:0f7d04b8-9de9-4e07-9a44-0cdb8b2703f4_SecondBedroom-19119,generic_relation_optimizer,eg06_generic_budget_matched,5,0,0.0,0.0,0.0,0.0
bedroom:0fc4d063-6145-456f-8fe1-1180d3eeeb3f_Bedroom-2719,collision_gated_floor_prior,floor_prior_max1.8_mesh_p2_close0.75_far1.6,7,0,0.0,0.0,0.0,0.0
bedroom:0fc4d063-6145-456f-8fe1-1180d3eeeb3f_Bedroom-2719,random_movement_matched_seed0,eg06_random_seed0,7,0,0.0,0.0,0.0,0.0
bedroom:0fc4d063-6145-456f-8fe1-1180d3eeeb3f_Bedroom-2719,random_movement_matched_seed1,eg06_random_seed1,7,0,0.0,0.0,0.0,0.0
bedroom:0fc4d063-6145-456f-8fe1-1180d3eeeb3f_Bedroom-2719,random_movement_matched_seed2,eg06_random_seed2,7,0,0.0,0.0,0.0,0.0
bedroom:0fc4d063-6145-456f-8fe1-1180d3eeeb3f_Bedroom-2719,generic_relation_optimizer,eg06_generic_budget_matched,7,0,0.0,0.0,0.0,0.0
bedroom:10a1f583-7755-4afd-98b2-3f7df16bc930_Bedroom-430,collision_gated_floor_prior,floor_prior_max1.8_mesh_p2_close0.75_far1.6,4,0,0.0,0.0,0.0,0.0
bedroom:10a1f583-7755-4afd-98b2-3f7df16bc930_Bedroom-430,random_movement_matched_seed0,eg06_random_seed0,4,0,0.0,0.0,0.0,0.0
bedroom:10a1f583-7755-4afd-98b2-3f7df16bc930_Bedroom-430,random_movement_matched_seed1,eg06_random_seed1,4,0,0.0,0.0,0.0,0.0
bedroom:10a1f583-7755-4afd-98b2-3f7df16bc930_Bedroom-430,random_movement_matched_seed2,eg06_random_seed2,4,0,0.0,0.0,0.0,0.0
bedroom:10a1f583-7755-4afd-98b2-3f7df16bc930_Bedroom-430,generic_relation_optimizer,eg06_generic_budget_matched,4,0,0.0,0.0,0.0,0.0
bedroom:12329142-9d6e-4957-8592-4d156a454bab_MasterBedroom-18415,collision_gated_floor_prior,floor_prior_max1.8_mesh_p2_close0.75_far1.6,5,0,0.0,0.0,0.0,0.0
bedroom:12329142-9d6e-4957-8592-4d156a454bab_MasterBedroom-18415,random_movement_matched_seed0,eg06_random_seed0,5,0,0.0,0.0,0.0,0.0
bedroom:12329142-9d6e-4957-8592-4d156a454bab_MasterBedroom-18415,random_movement_matched_seed1,eg06_random_seed1,5,0,0.0,0.0,0.0,0.0
bedroom:12329142-9d6e-4957-8592-4d156a454bab_MasterBedroom-18415,random_movement_matched_seed2,eg06_random_seed2,5,0,0.0,0.0,0.0,0.0
bedroom:12329142-9d6e-4957-8592-4d156a454bab_MasterBedroom-18415,generic_relation_optimizer,eg06_generic_budget_matched,5,0,0.0,0.0,0.0,0.0
bedroom:12f93edf-43d1-4009-9639-92b3b604b352_SecondBedroom-1145,collision_gated_floor_prior,floor_prior_max1.8_mesh_p2_close0.75_far1.6,4,1,1.299653848954973,1.299653848954973,1.299653848954973,1.299653848954973
bedroom:12f93edf-43d1-4009-9639-92b3b604b352_SecondBedroom-1145,random_movement_matched_seed0,eg06_random_seed0,4,1,1.299653848954973,1.299653848954973,1.299653848954973,1.299653848954973
bedroom:12f93edf-43d1-4009-9639-92b3b604b352_SecondBedroom-1145,random_movement_matched_seed1,eg06_random_seed1,4,1,1.299653848954973,1.299653848954973,1.299653848954973,1.299653848954973
bedroom:12f93edf-43d1-4009-9639-92b3b604b352_SecondBedroom-1145,random_movement_matched_seed2,eg06_random_seed2,4,1,1.299653848954973,1.299653848954973,1.299653848954973,1.299653848954973
bedroom:12f93edf-43d1-4009-9639-92b3b604b352_SecondBedroom-1145,generic_relation_optimizer,eg06_generic_budget_matched,4,0,0.0,0.0,1.299653848954973,1.299653848954973
bedroom:13626eb3-bcc1-455a-a889-78b6c92dfbb6_SecondBedroom-2787,collision_gated_floor_prior,floor_prior_max1.8_mesh_p2_close0.75_far1.6,6,1,0.3650767256015114,0.3650767256015114,0.3650767256015114,0.3650767256015114
bedroom:13626eb3-bcc1-455a-a889-78b6c92dfbb6_SecondBedroom-2787,random_movement_matched_seed0,eg06_random_seed0,6,1,0.3650767256015114,0.3650767256015114,0.3650767256015114,0.3650767256015114
bedroom:13626eb3-bcc1-455a-a889-78b6c92dfbb6_SecondBedroom-2787,random_movement_matched_seed1,eg06_random_seed1,6,1,0.36507672560151133,0.36507672560151133,0.3650767256015114,0.3650767256015114
bedroom:13626eb3-bcc1-455a-a889-78b6c92dfbb6_SecondBedroom-2787,random_movement_matched_seed2,eg06_random_seed2,6,1,0.3650767256015115,0.3650767256015115,0.3650767256015114,0.3650767256015114
bedroom:13626eb3-bcc1-455a-a889-78b6c92dfbb6_SecondBedroom-2787,generic_relation_optimizer,eg06_generic_budget_matched,6,0,0.0,0.0,0.3650767256015114,0.3650767256015114
bedroom:14125793-35c5-4ab8-be6e-3089eaa45bc1_Bedroom-87322,collision_gated_floor_prior,floor_prior_max1.8_mesh_p2_close0.75_far1.6,7,0,0.0,0.0,0.0,0.0
bedroom:14125793-35c5-4ab8-be6e-3089eaa45bc1_Bedroom-87322,random_movement_matched_seed0,eg06_random_seed0,7,0,0.0,0.0,0.0,0.0
bedroom:14125793-35c5-4ab8-be6e-3089eaa45bc1_Bedroom-87322,random_movement_matched_seed1,eg06_random_seed1,7,0,0.0,0.0,0.0,0.0
bedroom:14125793-35c5-4ab8-be6e-3089eaa45bc1_Bedroom-87322,random_movement_matched_seed2,eg06_random_seed2,7,0,0.0,0.0,0.0,0.0
bedroom:14125793-35c5-4ab8-be6e-3089eaa45bc1_Bedroom-87322,generic_relation_optimizer,eg06_generic_budget_matched,7,0,0.0,0.0,0.0,0.0
bedroom:15d07e45-2761-43ed-8dfc-f9d4ef58041d_Bedroom-68718,collision_gated_floor_prior,floor_prior_max1.8_mesh_p2_close0.75_far1.6,4,0,0.0,0.0,0.0,0.0
bedroom:15d07e45-2761-43ed-8dfc-f9d4ef58041d_Bedroom-68718,random_movement_matched_seed0,eg06_random_seed0,4,0,0.0,0.0,0.0,0.0
bedroom:15d07e45-2761-43ed-8dfc-f9d4ef58041d_Bedroom-68718,random_movement_matched_seed1,eg06_random_seed1,4,0,0.0,0.0,0.0,0.0
bedroom:15d07e45-2761-43ed-8dfc-f9d4ef58041d_Bedroom-68718,random_movement_matched_seed2,eg06_random_seed2,4,0,0.0,0.0,0.0,0.0
bedroom:15d07e45-2761-43ed-8dfc-f9d4ef58041d_Bedroom-68718,generic_relation_optimizer,eg06_generic_budget_matched,4,0,0.0,0.0,0.0,0.0
bedroom:15de4a4c-2258-4015-9cc3-f2ebbb9d61e5_SecondBedroom-35821,collision_gated_floor_prior,floor_prior_max1.8_mesh_p2_close0.75_far1.6,5,0,0.0,0.0,0.0,0.0
bedroom:15de4a4c-2258-4015-9cc3-f2ebbb9d61e5_SecondBedroom-35821,random_movement_matched_seed0,eg06_random_seed0,5,0,0.0,0.0,0.0,0.0
bedroom:15de4a4c-2258-4015-9cc3-f2ebbb9d61e5_SecondBedroom-35821,random_movement_matched_seed1,eg06_random_seed1,5,0,0.0,0.0,0.0,0.0
bedroom:15de4a4c-2258-4015-9cc3-f2ebbb9d61e5_SecondBedroom-35821,random_movement_matched_seed2,eg06_random_seed2,5,0,0.0,0.0,0.0,0.0
bedroom:15de4a4c-2258-4015-9cc3-f2ebbb9d61e5_SecondBedroom-35821,generic_relation_optimizer,eg06_generic_budget_matched,5,0,0.0,0.0,0.0,0.0
bedroom:185d02b3-ca3f-40a9-a981-71ecb7944538_Bedroom-18055,collision_gated_floor_prior,floor_prior_max1.8_mesh_p2_close0.75_far1.6,7,0,0.0,0.0,0.0,0.0
bedroom:185d02b3-ca3f-40a9-a981-71ecb7944538_Bedroom-18055,random_movement_matched_seed0,eg06_random_seed0,7,0,0.0,0.0,0.0,0.0
bedroom:185d02b3-ca3f-40a9-a981-71ecb7944538_Bedroom-18055,random_movement_matched_seed1,eg06_random_seed1,7,0,0.0,0.0,0.0,0.0
bedroom:185d02b3-ca3f-40a9-a981-71ecb7944538_Bedroom-18055,random_movement_matched_seed2,eg06_random_seed2,7,0,0.0,0.0,0.0,0.0
bedroom:185d02b3-ca3f-40a9-a981-71ecb7944538_Bedroom-18055,generic_relation_optimizer,eg06_generic_budget_matched,7,0,0.0,0.0,0.0,0.0
bedroom:189b1d9b-894e-43b5-87be-c1b76cba3df4_SecondBedroom-19262,collision_gated_floor_prior,floor_prior_max1.8_mesh_p2_close0.75_far1.6,5,0,0.0,0.0,0.0,0.0
bedroom:189b1d9b-894e-43b5-87be-c1b76cba3df4_SecondBedroom-19262,random_movement_matched_seed0,eg06_random_seed0,5,0,0.0,0.0,0.0,0.0
bedroom:189b1d9b-894e-43b5-87be-c1b76cba3df4_SecondBedroom-19262,random_movement_matched_seed1,eg06_random_seed1,5,0,0.0,0.0,0.0,0.0
bedroom:189b1d9b-894e-43b5-87be-c1b76cba3df4_SecondBedroom-19262,random_movement_matched_seed2,eg06_random_seed2,5,0,0.0,0.0,0.0,0.0
bedroom:189b1d9b-894e-43b5-87be-c1b76cba3df4_SecondBedroom-19262,generic_relation_optimizer,eg06_generic_budget_matched,5,0,0.0,0.0,0.0,0.0
bedroom:198eb9ec-9059-4e26-958e-dc8fb8187713_Bedroom-12864,collision_gated_floor_prior,floor_prior_max1.8_mesh_p2_close0.75_far1.6,5,0,0.0,0.0,0.0,0.0
bedroom:198eb9ec-9059-4e26-958e-dc8fb8187713_Bedroom-12864,random_movement_matched_seed0,eg06_random_seed0,5,0,0.0,0.0,0.0,0.0
bedroom:198eb9ec-9059-4e26-958e-dc8fb8187713_Bedroom-12864,random_movement_matched_seed1,eg06_random_seed1,5,0,0.0,0.0,0.0,0.0
bedroom:198eb9ec-9059-4e26-958e-dc8fb8187713_Bedroom-12864,random_movement_matched_seed2,eg06_random_seed2,5,0,0.0,0.0,0.0,0.0
bedroom:198eb9ec-9059-4e26-958e-dc8fb8187713_Bedroom-12864,generic_relation_optimizer,eg06_generic_budget_matched,5,0,0.0,0.0,0.0,0.0
bedroom:19c91c8f-02fc-44d9-b275-84c32f0572ad_SecondBedroom-266050,collision_gated_floor_prior,floor_prior_max1.8_mesh_p2_close0.75_far1.6,6,0,0.0,0.0,0.0,0.0
bedroom:19c91c8f-02fc-44d9-b275-84c32f0572ad_SecondBedroom-266050,random_movement_matched_seed0,eg06_random_seed0,6,0,0.0,0.0,0.0,0.0
bedroom:19c91c8f-02fc-44d9-b275-84c32f0572ad_SecondBedroom-266050,random_movement_matched_seed1,eg06_random_seed1,6,0,0.0,0.0,0.0,0.0
bedroom:19c91c8f-02fc-44d9-b275-84c32f0572ad_SecondBedroom-266050,random_movement_matched_seed2,eg06_random_seed2,6,0,0.0,0.0,0.0,0.0
bedroom:19c91c8f-02fc-44d9-b275-84c32f0572ad_SecondBedroom-266050,generic_relation_optimizer,eg06_generic_budget_matched,6,0,0.0,0.0,0.0,0.0
bedroom:1aa91215-cba7-4c40-8b37-6b21584b5924_MasterBedroom-12352,collision_gated_floor_prior,floor_prior_max1.8_mesh_p2_close0.75_far1.6,4,0,0.0,0.0,0.0,0.0
bedroom:1aa91215-cba7-4c40-8b37-6b21584b5924_MasterBedroom-12352,random_movement_matched_seed0,eg06_random_seed0,4,0,0.0,0.0,0.0,0.0
bedroom:1aa91215-cba7-4c40-8b37-6b21584b5924_MasterBedroom-12352,random_movement_matched_seed1,eg06_random_seed1,4,0,0.0,0.0,0.0,0.0
bedroom:1aa91215-cba7-4c40-8b37-6b21584b5924_MasterBedroom-12352,random_movement_matched_seed2,eg06_random_seed2,4,0,0.0,0.0,0.0,0.0
bedroom:1aa91215-cba7-4c40-8b37-6b21584b5924_MasterBedroom-12352,generic_relation_optimizer,eg06_generic_budget_matched,4,0,0.0,0.0,0.0,0.0
bedroom:1e16532d-1ec8-42c6-a66f-ef21e31c22c1_MasterBedroom-7894,collision_gated_floor_prior,floor_prior_max1.8_mesh_p2_close0.75_far1.6,5,0,0.0,0.0,0.0,0.0
bedroom:1e16532d-1ec8-42c6-a66f-ef21e31c22c1_MasterBedroom-7894,random_movement_matched_seed0,eg06_random_seed0,5,0,0.0,0.0,0.0,0.0
bedroom:1e16532d-1ec8-42c6-a66f-ef21e31c22c1_MasterBedroom-7894,random_movement_matched_seed1,eg06_random_seed1,5,0,0.0,0.0,0.0,0.0
bedroom:1e16532d-1ec8-42c6-a66f-ef21e31c22c1_MasterBedroom-7894,random_movement_matched_seed2,eg06_random_seed2,5,0,0.0,0.0,0.0,0.0
bedroom:1e16532d-1ec8-42c6-a66f-ef21e31c22c1_MasterBedroom-7894,generic_relation_optimizer,eg06_generic_budget_matched,5,0,0.0,0.0,0.0,0.0
bedroom:1e4c1b89-895e-4663-9469-f2e837fb39fd_MasterBedroom-118594,collision_gated_floor_prior,floor_prior_max1.8_mesh_p2_close0.75_far1.6,4,0,0.0,0.0,0.0,0.0
bedroom:1e4c1b89-895e-4663-9469-f2e837fb39fd_MasterBedroom-118594,random_movement_matched_seed0,eg06_random_seed0,4,0,0.0,0.0,0.0,0.0
bedroom:1e4c1b89-895e-4663-9469-f2e837fb39fd_MasterBedroom-118594,random_movement_matched_seed1,eg06_random_seed1,4,0,0.0,0.0,0.0,0.0
bedroom:1e4c1b89-895e-4663-9469-f2e837fb39fd_MasterBedroom-118594,random_movement_matched_seed2,eg06_random_seed2,4,0,0.0,0.0,0.0,0.0
bedroom:1e4c1b89-895e-4663-9469-f2e837fb39fd_MasterBedroom-118594,generic_relation_optimizer,eg06_generic_budget_matched,4,0,0.0,0.0,0.0,0.0
bedroom:205197ab-2552-4466-aa07-fdb2beb1f7ab_MasterBedroom-6399,collision_gated_floor_prior,floor_prior_max1.8_mesh_p2_close0.75_far1.6,5,1,0.8170179546344326,0.8170179546344326,0.8170179546344326,0.8170179546344326
bedroom:205197ab-2552-4466-aa07-fdb2beb1f7ab_MasterBedroom-6399,random_movement_matched_seed0,eg06_random_seed0,5,1,0.8170179546344326,0.8170179546344326,0.8170179546344326,0.8170179546344326
bedroom:205197ab-2552-4466-aa07-fdb2beb1f7ab_MasterBedroom-6399,random_movement_matched_seed1,eg06_random_seed1,5,1,0.8170179546344326,0.8170179546344326,0.8170179546344326,0.8170179546344326
bedroom:205197ab-2552-4466-aa07-fdb2beb1f7ab_MasterBedroom-6399,random_movement_matched_seed2,eg06_random_seed2,5,1,0.8170179546344325,0.8170179546344325,0.8170179546344326,0.8170179546344326
bedroom:205197ab-2552-4466-aa07-fdb2beb1f7ab_MasterBedroom-6399,generic_relation_optimizer,eg06_generic_budget_matched,5,0,0.0,0.0,0.8170179546344326,0.8170179546344326
bedroom:217a37c6-075b-4f4c-a0ab-196e07bb5f3d_SecondBedroom-52584,collision_gated_floor_prior,floor_prior_max1.8_mesh_p2_close0.75_far1.6,7,0,0.0,0.0,0.0,0.0
bedroom:217a37c6-075b-4f4c-a0ab-196e07bb5f3d_SecondBedroom-52584,random_movement_matched_seed0,eg06_random_seed0,7,0,0.0,0.0,0.0,0.0
bedroom:217a37c6-075b-4f4c-a0ab-196e07bb5f3d_SecondBedroom-52584,random_movement_matched_seed1,eg06_random_seed1,7,0,0.0,0.0,0.0,0.0
bedroom:217a37c6-075b-4f4c-a0ab-196e07bb5f3d_SecondBedroom-52584,random_movement_matched_seed2,eg06_random_seed2,7,0,0.0,0.0,0.0,0.0
bedroom:217a37c6-075b-4f4c-a0ab-196e07bb5f3d_SecondBedroom-52584,generic_relation_optimizer,eg06_generic_budget_matched,7,0,0.0,0.0,0.0,0.0
bedroom:21a2b6a2-7126-4727-bf72-68e5f6b57c6b_SecondBedroom-860,collision_gated_floor_prior,floor_prior_max1.8_mesh_p2_close0.75_far1.6,5,0,0.0,0.0,0.0,0.0
bedroom:21a2b6a2-7126-4727-bf72-68e5f6b57c6b_SecondBedroom-860,random_movement_matched_seed0,eg06_random_seed0,5,0,0.0,0.0,0.0,0.0
bedroom:21a2b6a2-7126-4727-bf72-68e5f6b57c6b_SecondBedroom-860,random_movement_matched_seed1,eg06_random_seed1,5,0,0.0,0.0,0.0,0.0
bedroom:21a2b6a2-7126-4727-bf72-68e5f6b57c6b_SecondBedroom-860,random_movement_matched_seed2,eg06_random_seed2,5,0,0.0,0.0,0.0,0.0
bedroom:21a2b6a2-7126-4727-bf72-68e5f6b57c6b_SecondBedroom-860,generic_relation_optimizer,eg06_generic_budget_matched,5,0,0.0,0.0,0.0,0.0
bedroom:22de98d5-60fc-4c5f-92e3-d589af0c57df_MasterBedroom-514,collision_gated_floor_prior,floor_prior_max1.8_mesh_p2_close0.75_far1.6,8,0,0.0,0.0,0.0,0.0
bedroom:22de98d5-60fc-4c5f-92e3-d589af0c57df_MasterBedroom-514,random_movement_matched_seed0,eg06_random_seed0,8,0,0.0,0.0,0.0,0.0
bedroom:22de98d5-60fc-4c5f-92e3-d589af0c57df_MasterBedroom-514,random_movement_matched_seed1,eg06_random_seed1,8,0,0.0,0.0,0.0,0.0
bedroom:22de98d5-60fc-4c5f-92e3-d589af0c57df_MasterBedroom-514,random_movement_matched_seed2,eg06_random_seed2,8,0,0.0,0.0,0.0,0.0
bedroom:22de98d5-60fc-4c5f-92e3-d589af0c57df_MasterBedroom-514,generic_relation_optimizer,eg06_generic_budget_matched,8,0,0.0,0.0,0.0,0.0
bedroom:23332f94-e456-4e6e-b308-aa13e69b9c47_SecondBedroom-11204,collision_gated_floor_prior,floor_prior_max1.8_mesh_p2_close0.75_far1.6,5,0,0.0,0.0,0.0,0.0
bedroom:23332f94-e456-4e6e-b308-aa13e69b9c47_SecondBedroom-11204,random_movement_matched_seed0,eg06_random_seed0,5,0,0.0,0.0,0.0,0.0
bedroom:23332f94-e456-4e6e-b308-aa13e69b9c47_SecondBedroom-11204,random_movement_matched_seed1,eg06_random_seed1,5,0,0.0,0.0,0.0,0.0
bedroom:23332f94-e456-4e6e-b308-aa13e69b9c47_SecondBedroom-11204,random_movement_matched_seed2,eg06_random_seed2,5,0,0.0,0.0,0.0,0.0
bedroom:23332f94-e456-4e6e-b308-aa13e69b9c47_SecondBedroom-11204,generic_relation_optimizer,eg06_generic_budget_matched,5,0,0.0,0.0,0.0,0.0
bedroom:23f42f25-fdc1-4897-8905-c60a4545e404_MasterBedroom-4089,collision_gated_floor_prior,floor_prior_max1.8_mesh_p2_close0.75_far1.6,3,0,0.0,0.0,0.0,0.0
bedroom:23f42f25-fdc1-4897-8905-c60a4545e404_MasterBedroom-4089,random_movement_matched_seed0,eg06_random_seed0,3,0,0.0,0.0,0.0,0.0
bedroom:23f42f25-fdc1-4897-8905-c60a4545e404_MasterBedroom-4089,random_movement_matched_seed1,eg06_random_seed1,3,0,0.0,0.0,0.0,0.0
bedroom:23f42f25-fdc1-4897-8905-c60a4545e404_MasterBedroom-4089,random_movement_matched_seed2,eg06_random_seed2,3,0,0.0,0.0,0.0,0.0
bedroom:23f42f25-fdc1-4897-8905-c60a4545e404_MasterBedroom-4089,generic_relation_optimizer,eg06_generic_budget_matched,3,0,0.0,0.0,0.0,0.0
bedroom:2463f2a4-6b9d-4410-9d93-a2415fdffd86_MasterBedroom-21684,collision_gated_floor_prior,floor_prior_max1.8_mesh_p2_close0.75_far1.6,7,0,0.0,0.0,0.0,0.0
bedroom:2463f2a4-6b9d-4410-9d93-a2415fdffd86_MasterBedroom-21684,random_movement_matched_seed0,eg06_random_seed0,7,0,0.0,0.0,0.0,0.0
bedroom:2463f2a4-6b9d-4410-9d93-a2415fdffd86_MasterBedroom-21684,random_movement_matched_seed1,eg06_random_seed1,7,0,0.0,0.0,0.0,0.0
bedroom:2463f2a4-6b9d-4410-9d93-a2415fdffd86_MasterBedroom-21684,random_movement_matched_seed2,eg06_random_seed2,7,0,0.0,0.0,0.0,0.0
bedroom:2463f2a4-6b9d-4410-9d93-a2415fdffd86_MasterBedroom-21684,generic_relation_optimizer,eg06_generic_budget_matched,7,0,0.0,0.0,0.0,0.0
bedroom:249bbe46-04df-4781-ad1a-dd7a60bfccb0_SecondBedroom-8497,collision_gated_floor_prior,floor_prior_max1.8_mesh_p2_close0.75_far1.6,4,0,0.0,0.0,0.0,0.0
bedroom:249bbe46-04df-4781-ad1a-dd7a60bfccb0_SecondBedroom-8497,random_movement_matched_seed0,eg06_random_seed0,4,0,0.0,0.0,0.0,0.0
bedroom:249bbe46-04df-4781-ad1a-dd7a60bfccb0_SecondBedroom-8497,random_movement_matched_seed1,eg06_random_seed1,4,0,0.0,0.0,0.0,0.0
bedroom:249bbe46-04df-4781-ad1a-dd7a60bfccb0_SecondBedroom-8497,random_movement_matched_seed2,eg06_random_seed2,4,0,0.0,0.0,0.0,0.0
bedroom:249bbe46-04df-4781-ad1a-dd7a60bfccb0_SecondBedroom-8497,generic_relation_optimizer,eg06_generic_budget_matched,4,0,0.0,0.0,0.0,0.0
bedroom:25235b9f-c9cc-4dca-ac4c-69614e46e9a9_MasterBedroom-196,collision_gated_floor_prior,floor_prior_max1.8_mesh_p2_close0.75_far1.6,5,0,0.0,0.0,0.0,0.0
bedroom:25235b9f-c9cc-4dca-ac4c-69614e46e9a9_MasterBedroom-196,random_movement_matched_seed0,eg06_random_seed0,5,0,0.0,0.0,0.0,0.0
bedroom:25235b9f-c9cc-4dca-ac4c-69614e46e9a9_MasterBedroom-196,random_movement_matched_seed1,eg06_random_seed1,5,0,0.0,0.0,0.0,0.0
bedroom:25235b9f-c9cc-4dca-ac4c-69614e46e9a9_MasterBedroom-196,random_movement_matched_seed2,eg06_random_seed2,5,0,0.0,0.0,0.0,0.0
bedroom:25235b9f-c9cc-4dca-ac4c-69614e46e9a9_MasterBedroom-196,generic_relation_optimizer,eg06_generic_budget_matched,5,0,0.0,0.0,0.0,0.0
bedroom:261774c0-9480-40b3-a85a-4804c96ea443_MasterBedroom-132469,collision_gated_floor_prior,floor_prior_max1.8_mesh_p2_close0.75_far1.6,5,0,0.0,0.0,0.0,0.0
bedroom:261774c0-9480-40b3-a85a-4804c96ea443_MasterBedroom-132469,random_movement_matched_seed0,eg06_random_seed0,5,0,0.0,0.0,0.0,0.0
bedroom:261774c0-9480-40b3-a85a-4804c96ea443_MasterBedroom-132469,random_movement_matched_seed1,eg06_random_seed1,5,0,0.0,0.0,0.0,0.0
bedroom:261774c0-9480-40b3-a85a-4804c96ea443_MasterBedroom-132469,random_movement_matched_seed2,eg06_random_seed2,5,0,0.0,0.0,0.0,0.0
bedroom:261774c0-9480-40b3-a85a-4804c96ea443_MasterBedroom-132469,generic_relation_optimizer,eg06_generic_budget_matched,5,0,0.0,0.0,0.0,0.0
bedroom:28d8d63b-95bb-4993-bdf1-e1da13115118_MasterBedroom-104323,collision_gated_floor_prior,floor_prior_max1.8_mesh_p2_close0.75_far1.6,5,0,0.0,0.0,0.0,0.0
bedroom:28d8d63b-95bb-4993-bdf1-e1da13115118_MasterBedroom-104323,random_movement_matched_seed0,eg06_random_seed0,5,0,0.0,0.0,0.0,0.0
bedroom:28d8d63b-95bb-4993-bdf1-e1da13115118_MasterBedroom-104323,random_movement_matched_seed1,eg06_random_seed1,5,0,0.0,0.0,0.0,0.0
bedroom:28d8d63b-95bb-4993-bdf1-e1da13115118_MasterBedroom-104323,random_movement_matched_seed2,eg06_random_seed2,5,0,0.0,0.0,0.0,0.0
bedroom:28d8d63b-95bb-4993-bdf1-e1da13115118_MasterBedroom-104323,generic_relation_optimizer,eg06_generic_budget_matched,5,0,0.0,0.0,0.0,0.0
bedroom:29aa7167-1c46-4ce0-8c58-3cfb7a7d15af_SecondBedroom-69556,collision_gated_floor_prior,floor_prior_max1.8_mesh_p2_close0.75_far1.6,6,0,0.0,0.0,0.0,0.0
bedroom:29aa7167-1c46-4ce0-8c58-3cfb7a7d15af_SecondBedroom-69556,random_movement_matched_seed0,eg06_random_seed0,6,0,0.0,0.0,0.0,0.0
bedroom:29aa7167-1c46-4ce0-8c58-3cfb7a7d15af_SecondBedroom-69556,random_movement_matched_seed1,eg06_random_seed1,6,0,0.0,0.0,0.0,0.0
bedroom:29aa7167-1c46-4ce0-8c58-3cfb7a7d15af_SecondBedroom-69556,random_movement_matched_seed2,eg06_random_seed2,6,0,0.0,0.0,0.0,0.0
bedroom:29aa7167-1c46-4ce0-8c58-3cfb7a7d15af_SecondBedroom-69556,generic_relation_optimizer,eg06_generic_budget_matched,6,0,0.0,0.0,0.0,0.0
bedroom:29f92b53-a723-41c9-992c-1d146ce542a7_Bedroom-6993,collision_gated_floor_prior,floor_prior_max1.8_mesh_p2_close0.75_far1.6,3,0,0.0,0.0,0.0,0.0
bedroom:29f92b53-a723-41c9-992c-1d146ce542a7_Bedroom-6993,random_movement_matched_seed0,eg06_random_seed0,3,0,0.0,0.0,0.0,0.0
bedroom:29f92b53-a723-41c9-992c-1d146ce542a7_Bedroom-6993,random_movement_matched_seed1,eg06_random_seed1,3,0,0.0,0.0,0.0,0.0
bedroom:29f92b53-a723-41c9-992c-1d146ce542a7_Bedroom-6993,random_movement_matched_seed2,eg06_random_seed2,3,0,0.0,0.0,0.0,0.0
bedroom:29f92b53-a723-41c9-992c-1d146ce542a7_Bedroom-6993,generic_relation_optimizer,eg06_generic_budget_matched,3,0,0.0,0.0,0.0,0.0
bedroom:2b2d0238-534a-46bd-95f6-2e45a098de5e_MasterBedroom-935,collision_gated_floor_prior,floor_prior_max1.8_mesh_p2_close0.75_far1.6,9,1,1.2076310481828534,1.2076310481828534,1.2076310481828534,1.2076310481828534
bedroom:2b2d0238-534a-46bd-95f6-2e45a098de5e_MasterBedroom-935,random_movement_matched_seed0,eg06_random_seed0,9,1,1.2076310481828534,1.2076310481828534,1.2076310481828534,1.2076310481828534
bedroom:2b2d0238-534a-46bd-95f6-2e45a098de5e_MasterBedroom-935,random_movement_matched_seed1,eg06_random_seed1,9,1,1.2076310481828534,1.2076310481828534,1.2076310481828534,1.2076310481828534
bedroom:2b2d0238-534a-46bd-95f6-2e45a098de5e_MasterBedroom-935,random_movement_matched_seed2,eg06_random_seed2,9,1,1.2076310481828534,1.2076310481828534,1.2076310481828534,1.2076310481828534
bedroom:2b2d0238-534a-46bd-95f6-2e45a098de5e_MasterBedroom-935,generic_relation_optimizer,eg06_generic_budget_matched,9,0,0.0,0.0,1.2076310481828534,1.2076310481828534
bedroom:2c213709-c572-4f58-92c8-d2a42199314a_SecondBedroom-2311,collision_gated_floor_prior,floor_prior_max1.8_mesh_p2_close0.75_far1.6,7,0,0.0,0.0,0.0,0.0
bedroom:2c213709-c572-4f58-92c8-d2a42199314a_SecondBedroom-2311,random_movement_matched_seed0,eg06_random_seed0,7,0,0.0,0.0,0.0,0.0
bedroom:2c213709-c572-4f58-92c8-d2a42199314a_SecondBedroom-2311,random_movement_matched_seed1,eg06_random_seed1,7,0,0.0,0.0,0.0,0.0
bedroom:2c213709-c572-4f58-92c8-d2a42199314a_SecondBedroom-2311,random_movement_matched_seed2,eg06_random_seed2,7,0,0.0,0.0,0.0,0.0
bedroom:2c213709-c572-4f58-92c8-d2a42199314a_SecondBedroom-2311,generic_relation_optimizer,eg06_generic_budget_matched,7,0,0.0,0.0,0.0,0.0
bedroom:305d3251-8f1e-4cca-9227-011187146d89_SecondBedroom-69136,collision_gated_floor_prior,floor_prior_max1.8_mesh_p2_close0.75_far1.6,6,0,0.0,0.0,0.0,0.0
bedroom:305d3251-8f1e-4cca-9227-011187146d89_SecondBedroom-69136,random_movement_matched_seed0,eg06_random_seed0,6,0,0.0,0.0,0.0,0.0
bedroom:305d3251-8f1e-4cca-9227-011187146d89_SecondBedroom-69136,random_movement_matched_seed1,eg06_random_seed1,6,0,0.0,0.0,0.0,0.0
bedroom:305d3251-8f1e-4cca-9227-011187146d89_SecondBedroom-69136,random_movement_matched_seed2,eg06_random_seed2,6,0,0.0,0.0,0.0,0.0
bedroom:305d3251-8f1e-4cca-9227-011187146d89_SecondBedroom-69136,generic_relation_optimizer,eg06_generic_budget_matched,6,0,0.0,0.0,0.0,0.0
bedroom:30c0c5d6-30c7-43fc-95b1-e7424df97d77_Bedroom-47437,collision_gated_floor_prior,floor_prior_max1.8_mesh_p2_close0.75_far1.6,3,0,0.0,0.0,0.0,0.0
bedroom:30c0c5d6-30c7-43fc-95b1-e7424df97d77_Bedroom-47437,random_movement_matched_seed0,eg06_random_seed0,3,0,0.0,0.0,0.0,0.0
bedroom:30c0c5d6-30c7-43fc-95b1-e7424df97d77_Bedroom-47437,random_movement_matched_seed1,eg06_random_seed1,3,0,0.0,0.0,0.0,0.0
bedroom:30c0c5d6-30c7-43fc-95b1-e7424df97d77_Bedroom-47437,random_movement_matched_seed2,eg06_random_seed2,3,0,0.0,0.0,0.0,0.0
bedroom:30c0c5d6-30c7-43fc-95b1-e7424df97d77_Bedroom-47437,generic_relation_optimizer,eg06_generic_budget_matched,3,0,0.0,0.0,0.0,0.0
bedroom:312c3afe-ae86-4823-b67e-292660fc85f8_SecondBedroom-739,collision_gated_floor_prior,floor_prior_max1.8_mesh_p2_close0.75_far1.6,6,0,0.0,0.0,0.0,0.0
bedroom:312c3afe-ae86-4823-b67e-292660fc85f8_SecondBedroom-739,random_movement_matched_seed0,eg06_random_seed0,6,0,0.0,0.0,0.0,0.0
bedroom:312c3afe-ae86-4823-b67e-292660fc85f8_SecondBedroom-739,random_movement_matched_seed1,eg06_random_seed1,6,0,0.0,0.0,0.0,0.0
bedroom:312c3afe-ae86-4823-b67e-292660fc85f8_SecondBedroom-739,random_movement_matched_seed2,eg06_random_seed2,6,0,0.0,0.0,0.0,0.0
bedroom:312c3afe-ae86-4823-b67e-292660fc85f8_SecondBedroom-739,generic_relation_optimizer,eg06_generic_budget_matched,6,0,0.0,0.0,0.0,0.0
bedroom:337b9770-f524-48fb-914c-89dd9f2d927e_MasterBedroom-6351,collision_gated_floor_prior,floor_prior_max1.8_mesh_p2_close0.75_far1.6,5,0,0.0,0.0,0.0,0.0
bedroom:337b9770-f524-48fb-914c-89dd9f2d927e_MasterBedroom-6351,random_movement_matched_seed0,eg06_random_seed0,5,0,0.0,0.0,0.0,0.0
bedroom:337b9770-f524-48fb-914c-89dd9f2d927e_MasterBedroom-6351,random_movement_matched_seed1,eg06_random_seed1,5,0,0.0,0.0,0.0,0.0
bedroom:337b9770-f524-48fb-914c-89dd9f2d927e_MasterBedroom-6351,random_movement_matched_seed2,eg06_random_seed2,5,0,0.0,0.0,0.0,0.0
bedroom:337b9770-f524-48fb-914c-89dd9f2d927e_MasterBedroom-6351,generic_relation_optimizer,eg06_generic_budget_matched,5,0,0.0,0.0,0.0,0.0
bedroom:38330463-78e6-4d25-bd89-9daf92d0cfb9_SecondBedroom-22370,collision_gated_floor_prior,floor_prior_max1.8_mesh_p2_close0.75_far1.6,4,0,0.0,0.0,0.0,0.0
bedroom:38330463-78e6-4d25-bd89-9daf92d0cfb9_SecondBedroom-22370,random_movement_matched_seed0,eg06_random_seed0,4,0,0.0,0.0,0.0,0.0
bedroom:38330463-78e6-4d25-bd89-9daf92d0cfb9_SecondBedroom-22370,random_movement_matched_seed1,eg06_random_seed1,4,0,0.0,0.0,0.0,0.0
bedroom:38330463-78e6-4d25-bd89-9daf92d0cfb9_SecondBedroom-22370,random_movement_matched_seed2,eg06_random_seed2,4,0,0.0,0.0,0.0,0.0
bedroom:38330463-78e6-4d25-bd89-9daf92d0cfb9_SecondBedroom-22370,generic_relation_optimizer,eg06_generic_budget_matched,4,0,0.0,0.0,0.0,0.0
bedroom:38e3cf4a-a67b-42d8-b467-2d1a3e5407a8_SecondBedroom-15551,collision_gated_floor_prior,floor_prior_max1.8_mesh_p2_close0.75_far1.6,6,0,0.0,0.0,0.0,0.0
bedroom:38e3cf4a-a67b-42d8-b467-2d1a3e5407a8_SecondBedroom-15551,random_movement_matched_seed0,eg06_random_seed0,6,0,0.0,0.0,0.0,0.0
bedroom:38e3cf4a-a67b-42d8-b467-2d1a3e5407a8_SecondBedroom-15551,random_movement_matched_seed1,eg06_random_seed1,6,0,0.0,0.0,0.0,0.0
bedroom:38e3cf4a-a67b-42d8-b467-2d1a3e5407a8_SecondBedroom-15551,random_movement_matched_seed2,eg06_random_seed2,6,0,0.0,0.0,0.0,0.0
bedroom:38e3cf4a-a67b-42d8-b467-2d1a3e5407a8_SecondBedroom-15551,generic_relation_optimizer,eg06_generic_budget_matched,6,0,0.0,0.0,0.0,0.0
bedroom:39ea30b1-4302-4a07-885b-bd498facd30d_MasterBedroom-13100,collision_gated_floor_prior,floor_prior_max1.8_mesh_p2_close0.75_far1.6,4,0,0.0,0.0,0.0,0.0
bedroom:39ea30b1-4302-4a07-885b-bd498facd30d_MasterBedroom-13100,random_movement_matched_seed0,eg06_random_seed0,4,0,0.0,0.0,0.0,0.0
bedroom:39ea30b1-4302-4a07-885b-bd498facd30d_MasterBedroom-13100,random_movement_matched_seed1,eg06_random_seed1,4,0,0.0,0.0,0.0,0.0
bedroom:39ea30b1-4302-4a07-885b-bd498facd30d_MasterBedroom-13100,random_movement_matched_seed2,eg06_random_seed2,4,0,0.0,0.0,0.0,0.0
bedroom:39ea30b1-4302-4a07-885b-bd498facd30d_MasterBedroom-13100,generic_relation_optimizer,eg06_generic_budget_matched,4,0,0.0,0.0,0.0,0.0
bedroom:3b349315-8f84-4027-b654-f8ecd6d3cf67_SecondBedroom-13841,collision_gated_floor_prior,floor_prior_max1.8_mesh_p2_close0.75_far1.6,5,0,0.0,0.0,0.0,0.0
bedroom:3b349315-8f84-4027-b654-f8ecd6d3cf67_SecondBedroom-13841,random_movement_matched_seed0,eg06_random_seed0,5,0,0.0,0.0,0.0,0.0
bedroom:3b349315-8f84-4027-b654-f8ecd6d3cf67_SecondBedroom-13841,random_movement_matched_seed1,eg06_random_seed1,5,0,0.0,0.0,0.0,0.0
bedroom:3b349315-8f84-4027-b654-f8ecd6d3cf67_SecondBedroom-13841,random_movement_matched_seed2,eg06_random_seed2,5,0,0.0,0.0,0.0,0.0
bedroom:3b349315-8f84-4027-b654-f8ecd6d3cf67_SecondBedroom-13841,generic_relation_optimizer,eg06_generic_budget_matched,5,0,0.0,0.0,0.0,0.0
bedroom:3bf54310-1dd3-45a3-b6ce-e192f4d8ff43_Bedroom-18,collision_gated_floor_prior,floor_prior_max1.8_mesh_p2_close0.75_far1.6,6,0,0.0,0.0,0.0,0.0
bedroom:3bf54310-1dd3-45a3-b6ce-e192f4d8ff43_Bedroom-18,random_movement_matched_seed0,eg06_random_seed0,6,0,0.0,0.0,0.0,0.0
bedroom:3bf54310-1dd3-45a3-b6ce-e192f4d8ff43_Bedroom-18,random_movement_matched_seed1,eg06_random_seed1,6,0,0.0,0.0,0.0,0.0
bedroom:3bf54310-1dd3-45a3-b6ce-e192f4d8ff43_Bedroom-18,random_movement_matched_seed2,eg06_random_seed2,6,0,0.0,0.0,0.0,0.0
bedroom:3bf54310-1dd3-45a3-b6ce-e192f4d8ff43_Bedroom-18,generic_relation_optimizer,eg06_generic_budget_matched,6,0,0.0,0.0,0.0,0.0
bedroom:3bf54310-1dd3-45a3-b6ce-e192f4d8ff43_MasterBedroom-10364,collision_gated_floor_prior,floor_prior_max1.8_mesh_p2_close0.75_far1.6,4,0,0.0,0.0,0.0,0.0
bedroom:3bf54310-1dd3-45a3-b6ce-e192f4d8ff43_MasterBedroom-10364,random_movement_matched_seed0,eg06_random_seed0,4,0,0.0,0.0,0.0,0.0
bedroom:3bf54310-1dd3-45a3-b6ce-e192f4d8ff43_MasterBedroom-10364,random_movement_matched_seed1,eg06_random_seed1,4,0,0.0,0.0,0.0,0.0
bedroom:3bf54310-1dd3-45a3-b6ce-e192f4d8ff43_MasterBedroom-10364,random_movement_matched_seed2,eg06_random_seed2,4,0,0.0,0.0,0.0,0.0
bedroom:3bf54310-1dd3-45a3-b6ce-e192f4d8ff43_MasterBedroom-10364,generic_relation_optimizer,eg06_generic_budget_matched,4,0,0.0,0.0,0.0,0.0
bedroom:3e40b128-6291-41ff-89aa-0ae707a594c6_SecondBedroom-11303,collision_gated_floor_prior,floor_prior_max1.8_mesh_p2_close0.75_far1.6,5,0,0.0,0.0,0.0,0.0
bedroom:3e40b128-6291-41ff-89aa-0ae707a594c6_SecondBedroom-11303,random_movement_matched_seed0,eg06_random_seed0,5,0,0.0,0.0,0.0,0.0
bedroom:3e40b128-6291-41ff-89aa-0ae707a594c6_SecondBedroom-11303,random_movement_matched_seed1,eg06_random_seed1,5,0,0.0,0.0,0.0,0.0
bedroom:3e40b128-6291-41ff-89aa-0ae707a594c6_SecondBedroom-11303,random_movement_matched_seed2,eg06_random_seed2,5,0,0.0,0.0,0.0,0.0
bedroom:3e40b128-6291-41ff-89aa-0ae707a594c6_SecondBedroom-11303,generic_relation_optimizer,eg06_generic_budget_matched,5,0,0.0,0.0,0.0,0.0
bedroom:3ec24496-80f4-4ea1-b889-b3cb902d2a47_MasterBedroom-1362,collision_gated_floor_prior,floor_prior_max1.8_mesh_p2_close0.75_far1.6,6,0,0.0,0.0,0.0,0.0
bedroom:3ec24496-80f4-4ea1-b889-b3cb902d2a47_MasterBedroom-1362,random_movement_matched_seed0,eg06_random_seed0,6,0,0.0,0.0,0.0,0.0
bedroom:3ec24496-80f4-4ea1-b889-b3cb902d2a47_MasterBedroom-1362,random_movement_matched_seed1,eg06_random_seed1,6,0,0.0,0.0,0.0,0.0
bedroom:3ec24496-80f4-4ea1-b889-b3cb902d2a47_MasterBedroom-1362,random_movement_matched_seed2,eg06_random_seed2,6,0,0.0,0.0,0.0,0.0
bedroom:3ec24496-80f4-4ea1-b889-b3cb902d2a47_MasterBedroom-1362,generic_relation_optimizer,eg06_generic_budget_matched,6,0,0.0,0.0,0.0,0.0
bedroom:3f60d6b9-49ba-45d9-bf03-966069127e75_SecondBedroom-34317,collision_gated_floor_prior,floor_prior_max1.8_mesh_p2_close0.75_far1.6,5,0,0.0,0.0,0.0,0.0
bedroom:3f60d6b9-49ba-45d9-bf03-966069127e75_SecondBedroom-34317,random_movement_matched_seed0,eg06_random_seed0,5,0,0.0,0.0,0.0,0.0
bedroom:3f60d6b9-49ba-45d9-bf03-966069127e75_SecondBedroom-34317,random_movement_matched_seed1,eg06_random_seed1,5,0,0.0,0.0,0.0,0.0
bedroom:3f60d6b9-49ba-45d9-bf03-966069127e75_SecondBedroom-34317,random_movement_matched_seed2,eg06_random_seed2,5,0,0.0,0.0,0.0,0.0
bedroom:3f60d6b9-49ba-45d9-bf03-966069127e75_SecondBedroom-34317,generic_relation_optimizer,eg06_generic_budget_matched,5,0,0.0,0.0,0.0,0.0
bedroom:40415a21-d863-4c54-a088-c078346ba939_Bedroom-4098,collision_gated_floor_prior,floor_prior_max1.8_mesh_p2_close0.75_far1.6,6,0,0.0,0.0,0.0,0.0
bedroom:40415a21-d863-4c54-a088-c078346ba939_Bedroom-4098,random_movement_matched_seed0,eg06_random_seed0,6,0,0.0,0.0,0.0,0.0
bedroom:40415a21-d863-4c54-a088-c078346ba939_Bedroom-4098,random_movement_matched_seed1,eg06_random_seed1,6,0,0.0,0.0,0.0,0.0
bedroom:40415a21-d863-4c54-a088-c078346ba939_Bedroom-4098,random_movement_matched_seed2,eg06_random_seed2,6,0,0.0,0.0,0.0,0.0
bedroom:40415a21-d863-4c54-a088-c078346ba939_Bedroom-4098,generic_relation_optimizer,eg06_generic_budget_matched,6,0,0.0,0.0,0.0,0.0
bedroom:40dcaad6-b0b5-4030-bd90-13ceadc84ce1_Bedroom-5265,collision_gated_floor_prior,floor_prior_max1.8_mesh_p2_close0.75_far1.6,4,0,0.0,0.0,0.0,0.0
bedroom:40dcaad6-b0b5-4030-bd90-13ceadc84ce1_Bedroom-5265,random_movement_matched_seed0,eg06_random_seed0,4,0,0.0,0.0,0.0,0.0
bedroom:40dcaad6-b0b5-4030-bd90-13ceadc84ce1_Bedroom-5265,random_movement_matched_seed1,eg06_random_seed1,4,0,0.0,0.0,0.0,0.0
bedroom:40dcaad6-b0b5-4030-bd90-13ceadc84ce1_Bedroom-5265,random_movement_matched_seed2,eg06_random_seed2,4,0,0.0,0.0,0.0,0.0
bedroom:40dcaad6-b0b5-4030-bd90-13ceadc84ce1_Bedroom-5265,generic_relation_optimizer,eg06_generic_budget_matched,4,0,0.0,0.0,0.0,0.0
bedroom:41530c87-2f3d-45fc-a696-9e3b276024a8_MasterBedroom-22121,collision_gated_floor_prior,floor_prior_max1.8_mesh_p2_close0.75_far1.6,8,0,0.0,0.0,0.0,0.0
bedroom:41530c87-2f3d-45fc-a696-9e3b276024a8_MasterBedroom-22121,random_movement_matched_seed0,eg06_random_seed0,8,0,0.0,0.0,0.0,0.0
bedroom:41530c87-2f3d-45fc-a696-9e3b276024a8_MasterBedroom-22121,random_movement_matched_seed1,eg06_random_seed1,8,0,0.0,0.0,0.0,0.0
bedroom:41530c87-2f3d-45fc-a696-9e3b276024a8_MasterBedroom-22121,random_movement_matched_seed2,eg06_random_seed2,8,0,0.0,0.0,0.0,0.0
bedroom:41530c87-2f3d-45fc-a696-9e3b276024a8_MasterBedroom-22121,generic_relation_optimizer,eg06_generic_budget_matched,8,0,0.0,0.0,0.0,0.0
bedroom:46d93d61-5f50-4431-b92e-9f9bd4da5b7c_Bedroom-47481,collision_gated_floor_prior,floor_prior_max1.8_mesh_p2_close0.75_far1.6,4,0,0.0,0.0,0.0,0.0
bedroom:46d93d61-5f50-4431-b92e-9f9bd4da5b7c_Bedroom-47481,random_movement_matched_seed0,eg06_random_seed0,4,0,0.0,0.0,0.0,0.0
bedroom:46d93d61-5f50-4431-b92e-9f9bd4da5b7c_Bedroom-47481,random_movement_matched_seed1,eg06_random_seed1,4,0,0.0,0.0,0.0,0.0
bedroom:46d93d61-5f50-4431-b92e-9f9bd4da5b7c_Bedroom-47481,random_movement_matched_seed2,eg06_random_seed2,4,0,0.0,0.0,0.0,0.0
bedroom:46d93d61-5f50-4431-b92e-9f9bd4da5b7c_Bedroom-47481,generic_relation_optimizer,eg06_generic_budget_matched,4,0,0.0,0.0,0.0,0.0
bedroom:47f1e226-bb51-4a8e-aaad-64156c826c8a_Bedroom-2160,collision_gated_floor_prior,floor_prior_max1.8_mesh_p2_close0.75_far1.6,5,0,0.0,0.0,0.0,0.0
bedroom:47f1e226-bb51-4a8e-aaad-64156c826c8a_Bedroom-2160,random_movement_matched_seed0,eg06_random_seed0,5,0,0.0,0.0,0.0,0.0
bedroom:47f1e226-bb51-4a8e-aaad-64156c826c8a_Bedroom-2160,random_movement_matched_seed1,eg06_random_seed1,5,0,0.0,0.0,0.0,0.0
bedroom:47f1e226-bb51-4a8e-aaad-64156c826c8a_Bedroom-2160,random_movement_matched_seed2,eg06_random_seed2,5,0,0.0,0.0,0.0,0.0
bedroom:47f1e226-bb51-4a8e-aaad-64156c826c8a_Bedroom-2160,generic_relation_optimizer,eg06_generic_budget_matched,5,0,0.0,0.0,0.0,0.0
bedroom:4879b8e7-75aa-46b7-a835-bc5fcd5f9b23_SecondBedroom-9825,collision_gated_floor_prior,floor_prior_max1.8_mesh_p2_close0.75_far1.6,7,1,1.3813679370287935,1.3813679370287935,1.3813679370287935,1.3813679370287935
bedroom:4879b8e7-75aa-46b7-a835-bc5fcd5f9b23_SecondBedroom-9825,random_movement_matched_seed0,eg06_random_seed0,7,1,1.3813679370287935,1.3813679370287935,1.3813679370287935,1.3813679370287935
bedroom:4879b8e7-75aa-46b7-a835-bc5fcd5f9b23_SecondBedroom-9825,random_movement_matched_seed1,eg06_random_seed1,7,1,1.3813679370287932,1.3813679370287932,1.3813679370287935,1.3813679370287935
bedroom:4879b8e7-75aa-46b7-a835-bc5fcd5f9b23_SecondBedroom-9825,random_movement_matched_seed2,eg06_random_seed2,7,1,1.3813679370287935,1.3813679370287935,1.3813679370287935,1.3813679370287935
bedroom:4879b8e7-75aa-46b7-a835-bc5fcd5f9b23_SecondBedroom-9825,generic_relation_optimizer,eg06_generic_budget_matched,7,0,0.0,0.0,1.3813679370287935,1.3813679370287935
bedroom:4c364533-a3af-4a9c-9ed9-2f40f528fa04_Bedroom-1989,collision_gated_floor_prior,floor_prior_max1.8_mesh_p2_close0.75_far1.6,5,0,0.0,0.0,0.0,0.0
bedroom:4c364533-a3af-4a9c-9ed9-2f40f528fa04_Bedroom-1989,random_movement_matched_seed0,eg06_random_seed0,5,0,0.0,0.0,0.0,0.0
bedroom:4c364533-a3af-4a9c-9ed9-2f40f528fa04_Bedroom-1989,random_movement_matched_seed1,eg06_random_seed1,5,0,0.0,0.0,0.0,0.0
bedroom:4c364533-a3af-4a9c-9ed9-2f40f528fa04_Bedroom-1989,random_movement_matched_seed2,eg06_random_seed2,5,0,0.0,0.0,0.0,0.0
bedroom:4c364533-a3af-4a9c-9ed9-2f40f528fa04_Bedroom-1989,generic_relation_optimizer,eg06_generic_budget_matched,5,0,0.0,0.0,0.0,0.0
bedroom:503ebcb6-9815-4412-90ea-f0bbd59ddbe9_SecondBedroom-143,collision_gated_floor_prior,floor_prior_max1.8_mesh_p2_close0.75_far1.6,5,0,0.0,0.0,0.0,0.0
bedroom:503ebcb6-9815-4412-90ea-f0bbd59ddbe9_SecondBedroom-143,random_movement_matched_seed0,eg06_random_seed0,5,0,0.0,0.0,0.0,0.0
bedroom:503ebcb6-9815-4412-90ea-f0bbd59ddbe9_SecondBedroom-143,random_movement_matched_seed1,eg06_random_seed1,5,0,0.0,0.0,0.0,0.0
bedroom:503ebcb6-9815-4412-90ea-f0bbd59ddbe9_SecondBedroom-143,random_movement_matched_seed2,eg06_random_seed2,5,0,0.0,0.0,0.0,0.0
bedroom:503ebcb6-9815-4412-90ea-f0bbd59ddbe9_SecondBedroom-143,generic_relation_optimizer,eg06_generic_budget_matched,5,0,0.0,0.0,0.0,0.0
bedroom:50526848-e51d-48e0-bb9b-3c5c90d76c4d_SecondBedroom-13044,collision_gated_floor_prior,floor_prior_max1.8_mesh_p2_close0.75_far1.6,6,1,1.0896981270062536,1.0896981270062536,1.0896981270062536,1.0896981270062536
bedroom:50526848-e51d-48e0-bb9b-3c5c90d76c4d_SecondBedroom-13044,random_movement_matched_seed0,eg06_random_seed0,6,1,1.0896981270062536,1.0896981270062536,1.0896981270062536,1.0896981270062536
bedroom:50526848-e51d-48e0-bb9b-3c5c90d76c4d_SecondBedroom-13044,random_movement_matched_seed1,eg06_random_seed1,6,1,1.0896981270062536,1.0896981270062536,1.0896981270062536,1.0896981270062536
bedroom:50526848-e51d-48e0-bb9b-3c5c90d76c4d_SecondBedroom-13044,random_movement_matched_seed2,eg06_random_seed2,6,1,1.0896981270062538,1.0896981270062538,1.0896981270062536,1.0896981270062536
bedroom:50526848-e51d-48e0-bb9b-3c5c90d76c4d_SecondBedroom-13044,generic_relation_optimizer,eg06_generic_budget_matched,6,0,0.0,0.0,1.0896981270062536,1.0896981270062536
bedroom:525c4166-1792-4f4a-a9c2-1ea260cf6e39_Bedroom-8490,collision_gated_floor_prior,floor_prior_max1.8_mesh_p2_close0.75_far1.6,8,1,0.8367880288740853,0.8367880288740853,0.8367880288740853,0.8367880288740853
bedroom:525c4166-1792-4f4a-a9c2-1ea260cf6e39_Bedroom-8490,random_movement_matched_seed0,eg06_random_seed0,8,1,0.8367880288740853,0.8367880288740853,0.8367880288740853,0.8367880288740853
bedroom:525c4166-1792-4f4a-a9c2-1ea260cf6e39_Bedroom-8490,random_movement_matched_seed1,eg06_random_seed1,8,1,0.8367880288740853,0.8367880288740853,0.8367880288740853,0.8367880288740853
bedroom:525c4166-1792-4f4a-a9c2-1ea260cf6e39_Bedroom-8490,random_movement_matched_seed2,eg06_random_seed2,8,1,0.8367880288740854,0.8367880288740854,0.8367880288740853,0.8367880288740853
bedroom:525c4166-1792-4f4a-a9c2-1ea260cf6e39_Bedroom-8490,generic_relation_optimizer,eg06_generic_budget_matched,8,0,0.0,0.0,0.8367880288740853,0.8367880288740853
bedroom:52982a7b-ed79-44e6-bb37-f878754c07d3_MasterBedroom-424,collision_gated_floor_prior,floor_prior_max1.8_mesh_p2_close0.75_far1.6,4,0,0.0,0.0,0.0,0.0
bedroom:52982a7b-ed79-44e6-bb37-f878754c07d3_MasterBedroom-424,random_movement_matched_seed0,eg06_random_seed0,4,0,0.0,0.0,0.0,0.0
bedroom:52982a7b-ed79-44e6-bb37-f878754c07d3_MasterBedroom-424,random_movement_matched_seed1,eg06_random_seed1,4,0,0.0,0.0,0.0,0.0
bedroom:52982a7b-ed79-44e6-bb37-f878754c07d3_MasterBedroom-424,random_movement_matched_seed2,eg06_random_seed2,4,0,0.0,0.0,0.0,0.0
bedroom:52982a7b-ed79-44e6-bb37-f878754c07d3_MasterBedroom-424,generic_relation_optimizer,eg06_generic_budget_matched,4,0,0.0,0.0,0.0,0.0
bedroom:54bdf809-f190-48e7-9b25-a9986077fc0f_SecondBedroom-32238,collision_gated_floor_prior,floor_prior_max1.8_mesh_p2_close0.75_far1.6,3,0,0.0,0.0,0.0,0.0
bedroom:54bdf809-f190-48e7-9b25-a9986077fc0f_SecondBedroom-32238,random_movement_matched_seed0,eg06_random_seed0,3,0,0.0,0.0,0.0,0.0
bedroom:54bdf809-f190-48e7-9b25-a9986077fc0f_SecondBedroom-32238,random_movement_matched_seed1,eg06_random_seed1,3,0,0.0,0.0,0.0,0.0
bedroom:54bdf809-f190-48e7-9b25-a9986077fc0f_SecondBedroom-32238,random_movement_matched_seed2,eg06_random_seed2,3,0,0.0,0.0,0.0,0.0
bedroom:54bdf809-f190-48e7-9b25-a9986077fc0f_SecondBedroom-32238,generic_relation_optimizer,eg06_generic_budget_matched,3,0,0.0,0.0,0.0,0.0
bedroom:55963844-bffe-4151-b0c0-9eb62e8aa454_SecondBedroom-258160,collision_gated_floor_prior,floor_prior_max1.8_mesh_p2_close0.75_far1.6,6,0,0.0,0.0,0.0,0.0
bedroom:55963844-bffe-4151-b0c0-9eb62e8aa454_SecondBedroom-258160,random_movement_matched_seed0,eg06_random_seed0,6,0,0.0,0.0,0.0,0.0
bedroom:55963844-bffe-4151-b0c0-9eb62e8aa454_SecondBedroom-258160,random_movement_matched_seed1,eg06_random_seed1,6,0,0.0,0.0,0.0,0.0
bedroom:55963844-bffe-4151-b0c0-9eb62e8aa454_SecondBedroom-258160,random_movement_matched_seed2,eg06_random_seed2,6,0,0.0,0.0,0.0,0.0
bedroom:55963844-bffe-4151-b0c0-9eb62e8aa454_SecondBedroom-258160,generic_relation_optimizer,eg06_generic_budget_matched,6,0,0.0,0.0,0.0,0.0
bedroom:56fedd11-b226-4c51-8d89-552caf24487b_SecondBedroom-19232,collision_gated_floor_prior,floor_prior_max1.8_mesh_p2_close0.75_far1.6,3,0,0.0,0.0,0.0,0.0
bedroom:56fedd11-b226-4c51-8d89-552caf24487b_SecondBedroom-19232,random_movement_matched_seed0,eg06_random_seed0,3,0,0.0,0.0,0.0,0.0
bedroom:56fedd11-b226-4c51-8d89-552caf24487b_SecondBedroom-19232,random_movement_matched_seed1,eg06_random_seed1,3,0,0.0,0.0,0.0,0.0
bedroom:56fedd11-b226-4c51-8d89-552caf24487b_SecondBedroom-19232,random_movement_matched_seed2,eg06_random_seed2,3,0,0.0,0.0,0.0,0.0
bedroom:56fedd11-b226-4c51-8d89-552caf24487b_SecondBedroom-19232,generic_relation_optimizer,eg06_generic_budget_matched,3,0,0.0,0.0,0.0,0.0
bedroom:578810bc-9d89-4852-921f-fb51ca7fbc53_SecondBedroom-6685,collision_gated_floor_prior,floor_prior_max1.8_mesh_p2_close0.75_far1.6,6,0,0.0,0.0,0.0,0.0
bedroom:578810bc-9d89-4852-921f-fb51ca7fbc53_SecondBedroom-6685,random_movement_matched_seed0,eg06_random_seed0,6,0,0.0,0.0,0.0,0.0
bedroom:578810bc-9d89-4852-921f-fb51ca7fbc53_SecondBedroom-6685,random_movement_matched_seed1,eg06_random_seed1,6,0,0.0,0.0,0.0,0.0
bedroom:578810bc-9d89-4852-921f-fb51ca7fbc53_SecondBedroom-6685,random_movement_matched_seed2,eg06_random_seed2,6,0,0.0,0.0,0.0,0.0
bedroom:578810bc-9d89-4852-921f-fb51ca7fbc53_SecondBedroom-6685,generic_relation_optimizer,eg06_generic_budget_matched,6,0,0.0,0.0,0.0,0.0
bedroom:591bd837-693c-4f91-bef7-fabf1c0ea146_SecondBedroom-24334,collision_gated_floor_prior,floor_prior_max1.8_mesh_p2_close0.75_far1.6,4,0,0.0,0.0,0.0,0.0
bedroom:591bd837-693c-4f91-bef7-fabf1c0ea146_SecondBedroom-24334,random_movement_matched_seed0,eg06_random_seed0,4,0,0.0,0.0,0.0,0.0
bedroom:591bd837-693c-4f91-bef7-fabf1c0ea146_SecondBedroom-24334,random_movement_matched_seed1,eg06_random_seed1,4,0,0.0,0.0,0.0,0.0
bedroom:591bd837-693c-4f91-bef7-fabf1c0ea146_SecondBedroom-24334,random_movement_matched_seed2,eg06_random_seed2,4,0,0.0,0.0,0.0,0.0
bedroom:591bd837-693c-4f91-bef7-fabf1c0ea146_SecondBedroom-24334,generic_relation_optimizer,eg06_generic_budget_matched,4,0,0.0,0.0,0.0,0.0
bedroom:5a81f6c1-4742-45b0-9a1c-61fefae41430_Bedroom-35352,collision_gated_floor_prior,floor_prior_max1.8_mesh_p2_close0.75_far1.6,5,0,0.0,0.0,0.0,0.0
bedroom:5a81f6c1-4742-45b0-9a1c-61fefae41430_Bedroom-35352,random_movement_matched_seed0,eg06_random_seed0,5,0,0.0,0.0,0.0,0.0
bedroom:5a81f6c1-4742-45b0-9a1c-61fefae41430_Bedroom-35352,random_movement_matched_seed1,eg06_random_seed1,5,0,0.0,0.0,0.0,0.0
bedroom:5a81f6c1-4742-45b0-9a1c-61fefae41430_Bedroom-35352,random_movement_matched_seed2,eg06_random_seed2,5,0,0.0,0.0,0.0,0.0
bedroom:5a81f6c1-4742-45b0-9a1c-61fefae41430_Bedroom-35352,generic_relation_optimizer,eg06_generic_budget_matched,5,0,0.0,0.0,0.0,0.0
bedroom:5bd22e7d-960b-4e14-93bd-f955001f799e_MasterBedroom-4284,collision_gated_floor_prior,floor_prior_max1.8_mesh_p2_close0.75_far1.6,4,0,0.0,0.0,0.0,0.0
bedroom:5bd22e7d-960b-4e14-93bd-f955001f799e_MasterBedroom-4284,random_movement_matched_seed0,eg06_random_seed0,4,0,0.0,0.0,0.0,0.0
bedroom:5bd22e7d-960b-4e14-93bd-f955001f799e_MasterBedroom-4284,random_movement_matched_seed1,eg06_random_seed1,4,0,0.0,0.0,0.0,0.0
bedroom:5bd22e7d-960b-4e14-93bd-f955001f799e_MasterBedroom-4284,random_movement_matched_seed2,eg06_random_seed2,4,0,0.0,0.0,0.0,0.0
bedroom:5bd22e7d-960b-4e14-93bd-f955001f799e_MasterBedroom-4284,generic_relation_optimizer,eg06_generic_budget_matched,4,0,0.0,0.0,0.0,0.0
bedroom:5e024c0f-0bca-4074-ac77-4b72a7629d0a_MasterBedroom-1069,collision_gated_floor_prior,floor_prior_max1.8_mesh_p2_close0.75_far1.6,4,0,0.0,0.0,0.0,0.0
bedroom:5e024c0f-0bca-4074-ac77-4b72a7629d0a_MasterBedroom-1069,random_movement_matched_seed0,eg06_random_seed0,4,0,0.0,0.0,0.0,0.0
bedroom:5e024c0f-0bca-4074-ac77-4b72a7629d0a_MasterBedroom-1069,random_movement_matched_seed1,eg06_random_seed1,4,0,0.0,0.0,0.0,0.0
bedroom:5e024c0f-0bca-4074-ac77-4b72a7629d0a_MasterBedroom-1069,random_movement_matched_seed2,eg06_random_seed2,4,0,0.0,0.0,0.0,0.0
bedroom:5e024c0f-0bca-4074-ac77-4b72a7629d0a_MasterBedroom-1069,generic_relation_optimizer,eg06_generic_budget_matched,4,0,0.0,0.0,0.0,0.0
bedroom:5e7daec3-6980-46cc-855d-8465774001a4_MasterBedroom-113,collision_gated_floor_prior,floor_prior_max1.8_mesh_p2_close0.75_far1.6,3,0,0.0,0.0,0.0,0.0
bedroom:5e7daec3-6980-46cc-855d-8465774001a4_MasterBedroom-113,random_movement_matched_seed0,eg06_random_seed0,3,0,0.0,0.0,0.0,0.0
bedroom:5e7daec3-6980-46cc-855d-8465774001a4_MasterBedroom-113,random_movement_matched_seed1,eg06_random_seed1,3,0,0.0,0.0,0.0,0.0
bedroom:5e7daec3-6980-46cc-855d-8465774001a4_MasterBedroom-113,random_movement_matched_seed2,eg06_random_seed2,3,0,0.0,0.0,0.0,0.0
bedroom:5e7daec3-6980-46cc-855d-8465774001a4_MasterBedroom-113,generic_relation_optimizer,eg06_generic_budget_matched,3,0,0.0,0.0,0.0,0.0
bedroom:5f27b15d-9586-47a1-9875-075c68a95b05_SecondBedroom-48968,collision_gated_floor_prior,floor_prior_max1.8_mesh_p2_close0.75_far1.6,6,1,1.16820025817316,1.16820025817316,1.16820025817316,1.16820025817316
bedroom:5f27b15d-9586-47a1-9875-075c68a95b05_SecondBedroom-48968,random_movement_matched_seed0,eg06_random_seed0,6,1,1.16820025817316,1.16820025817316,1.16820025817316,1.16820025817316
bedroom:5f27b15d-9586-47a1-9875-075c68a95b05_SecondBedroom-48968,random_movement_matched_seed1,eg06_random_seed1,6,1,1.16820025817316,1.16820025817316,1.16820025817316,1.16820025817316
bedroom:5f27b15d-9586-47a1-9875-075c68a95b05_SecondBedroom-48968,random_movement_matched_seed2,eg06_random_seed2,6,1,1.16820025817316,1.16820025817316,1.16820025817316,1.16820025817316
bedroom:5f27b15d-9586-47a1-9875-075c68a95b05_SecondBedroom-48968,generic_relation_optimizer,eg06_generic_budget_matched,6,0,0.0,0.0,1.16820025817316,1.16820025817316
bedroom:61a0705d-2f6b-4086-a80d-4b06a42fc876_MasterBedroom-9222,collision_gated_floor_prior,floor_prior_max1.8_mesh_p2_close0.75_far1.6,8,0,0.0,0.0,0.0,0.0
bedroom:61a0705d-2f6b-4086-a80d-4b06a42fc876_MasterBedroom-9222,random_movement_matched_seed0,eg06_random_seed0,8,0,0.0,0.0,0.0,0.0
bedroom:61a0705d-2f6b-4086-a80d-4b06a42fc876_MasterBedroom-9222,random_movement_matched_seed1,eg06_random_seed1,8,0,0.0,0.0,0.0,0.0
bedroom:61a0705d-2f6b-4086-a80d-4b06a42fc876_MasterBedroom-9222,random_movement_matched_seed2,eg06_random_seed2,8,0,0.0,0.0,0.0,0.0
bedroom:61a0705d-2f6b-4086-a80d-4b06a42fc876_MasterBedroom-9222,generic_relation_optimizer,eg06_generic_budget_matched,8,0,0.0,0.0,0.0,0.0
bedroom:61b7fad2-bbac-4728-a5e1-c574cfcf14e6_Bedroom-32051,collision_gated_floor_prior,floor_prior_max1.8_mesh_p2_close0.75_far1.6,4,0,0.0,0.0,0.0,0.0
bedroom:61b7fad2-bbac-4728-a5e1-c574cfcf14e6_Bedroom-32051,random_movement_matched_seed0,eg06_random_seed0,4,0,0.0,0.0,0.0,0.0
bedroom:61b7fad2-bbac-4728-a5e1-c574cfcf14e6_Bedroom-32051,random_movement_matched_seed1,eg06_random_seed1,4,0,0.0,0.0,0.0,0.0
bedroom:61b7fad2-bbac-4728-a5e1-c574cfcf14e6_Bedroom-32051,random_movement_matched_seed2,eg06_random_seed2,4,0,0.0,0.0,0.0,0.0
bedroom:61b7fad2-bbac-4728-a5e1-c574cfcf14e6_Bedroom-32051,generic_relation_optimizer,eg06_generic_budget_matched,4,0,0.0,0.0,0.0,0.0
bedroom:651c37ce-c0cd-47c6-843f-3aa192235e39_MasterBedroom-86835,collision_gated_floor_prior,floor_prior_max1.8_mesh_p2_close0.75_far1.6,3,0,0.0,0.0,0.0,0.0
bedroom:651c37ce-c0cd-47c6-843f-3aa192235e39_MasterBedroom-86835,random_movement_matched_seed0,eg06_random_seed0,3,0,0.0,0.0,0.0,0.0
bedroom:651c37ce-c0cd-47c6-843f-3aa192235e39_MasterBedroom-86835,random_movement_matched_seed1,eg06_random_seed1,3,0,0.0,0.0,0.0,0.0
bedroom:651c37ce-c0cd-47c6-843f-3aa192235e39_MasterBedroom-86835,random_movement_matched_seed2,eg06_random_seed2,3,0,0.0,0.0,0.0,0.0
bedroom:651c37ce-c0cd-47c6-843f-3aa192235e39_MasterBedroom-86835,generic_relation_optimizer,eg06_generic_budget_matched,3,0,0.0,0.0,0.0,0.0
bedroom:651c37ce-c0cd-47c6-843f-3aa192235e39_SecondBedroom-86888,collision_gated_floor_prior,floor_prior_max1.8_mesh_p2_close0.75_far1.6,6,0,0.0,0.0,0.0,0.0
bedroom:651c37ce-c0cd-47c6-843f-3aa192235e39_SecondBedroom-86888,random_movement_matched_seed0,eg06_random_seed0,6,0,0.0,0.0,0.0,0.0
bedroom:651c37ce-c0cd-47c6-843f-3aa192235e39_SecondBedroom-86888,random_movement_matched_seed1,eg06_random_seed1,6,0,0.0,0.0,0.0,0.0
bedroom:651c37ce-c0cd-47c6-843f-3aa192235e39_SecondBedroom-86888,random_movement_matched_seed2,eg06_random_seed2,6,0,0.0,0.0,0.0,0.0
bedroom:651c37ce-c0cd-47c6-843f-3aa192235e39_SecondBedroom-86888,generic_relation_optimizer,eg06_generic_budget_matched,6,0,0.0,0.0,0.0,0.0
bedroom:66f99d38-f9b7-4bb0-a646-314f6228059d_MasterBedroom-9583,collision_gated_floor_prior,floor_prior_max1.8_mesh_p2_close0.75_far1.6,5,0,0.0,0.0,0.0,0.0
bedroom:66f99d38-f9b7-4bb0-a646-314f6228059d_MasterBedroom-9583,random_movement_matched_seed0,eg06_random_seed0,5,0,0.0,0.0,0.0,0.0
bedroom:66f99d38-f9b7-4bb0-a646-314f6228059d_MasterBedroom-9583,random_movement_matched_seed1,eg06_random_seed1,5,0,0.0,0.0,0.0,0.0
bedroom:66f99d38-f9b7-4bb0-a646-314f6228059d_MasterBedroom-9583,random_movement_matched_seed2,eg06_random_seed2,5,0,0.0,0.0,0.0,0.0
bedroom:66f99d38-f9b7-4bb0-a646-314f6228059d_MasterBedroom-9583,generic_relation_optimizer,eg06_generic_budget_matched,5,0,0.0,0.0,0.0,0.0
bedroom:67574e8b-f5a4-463f-bc05-f3e8a2cc0cb9_SecondBedroom-8823,collision_gated_floor_prior,floor_prior_max1.8_mesh_p2_close0.75_far1.6,3,0,0.0,0.0,0.0,0.0
bedroom:67574e8b-f5a4-463f-bc05-f3e8a2cc0cb9_SecondBedroom-8823,random_movement_matched_seed0,eg06_random_seed0,3,0,0.0,0.0,0.0,0.0
bedroom:67574e8b-f5a4-463f-bc05-f3e8a2cc0cb9_SecondBedroom-8823,random_movement_matched_seed1,eg06_random_seed1,3,0,0.0,0.0,0.0,0.0
bedroom:67574e8b-f5a4-463f-bc05-f3e8a2cc0cb9_SecondBedroom-8823,random_movement_matched_seed2,eg06_random_seed2,3,0,0.0,0.0,0.0,0.0
bedroom:67574e8b-f5a4-463f-bc05-f3e8a2cc0cb9_SecondBedroom-8823,generic_relation_optimizer,eg06_generic_budget_matched,3,0,0.0,0.0,0.0,0.0
bedroom:6799c7da-4248-4fa1-9d6d-c8acf521a414_SecondBedroom-13218,collision_gated_floor_prior,floor_prior_max1.8_mesh_p2_close0.75_far1.6,5,1,0.43597436547461665,0.43597436547461665,0.43597436547461665,0.43597436547461665
bedroom:6799c7da-4248-4fa1-9d6d-c8acf521a414_SecondBedroom-13218,random_movement_matched_seed0,eg06_random_seed0,5,1,0.43597436547461665,0.43597436547461665,0.43597436547461665,0.43597436547461665
bedroom:6799c7da-4248-4fa1-9d6d-c8acf521a414_SecondBedroom-13218,random_movement_matched_seed1,eg06_random_seed1,5,1,0.43597436547461665,0.43597436547461665,0.43597436547461665,0.43597436547461665
bedroom:6799c7da-4248-4fa1-9d6d-c8acf521a414_SecondBedroom-13218,random_movement_matched_seed2,eg06_random_seed2,5,1,0.43597436547461665,0.43597436547461665,0.43597436547461665,0.43597436547461665
bedroom:6799c7da-4248-4fa1-9d6d-c8acf521a414_SecondBedroom-13218,generic_relation_optimizer,eg06_generic_budget_matched,5,0,0.0,0.0,0.43597436547461665,0.43597436547461665
bedroom:6a8ad1d5-8c81-49bf-a752-fbe9448ff3b1_MasterBedroom-36389,collision_gated_floor_prior,floor_prior_max1.8_mesh_p2_close0.75_far1.6,6,0,0.0,0.0,0.0,0.0
bedroom:6a8ad1d5-8c81-49bf-a752-fbe9448ff3b1_MasterBedroom-36389,random_movement_matched_seed0,eg06_random_seed0,6,0,0.0,0.0,0.0,0.0
bedroom:6a8ad1d5-8c81-49bf-a752-fbe9448ff3b1_MasterBedroom-36389,random_movement_matched_seed1,eg06_random_seed1,6,0,0.0,0.0,0.0,0.0
bedroom:6a8ad1d5-8c81-49bf-a752-fbe9448ff3b1_MasterBedroom-36389,random_movement_matched_seed2,eg06_random_seed2,6,0,0.0,0.0,0.0,0.0
bedroom:6a8ad1d5-8c81-49bf-a752-fbe9448ff3b1_MasterBedroom-36389,generic_relation_optimizer,eg06_generic_budget_matched,6,0,0.0,0.0,0.0,0.0
bedroom:6a8ad1d5-8c81-49bf-a752-fbe9448ff3b1_SecondBedroom-36408,collision_gated_floor_prior,floor_prior_max1.8_mesh_p2_close0.75_far1.6,10,0,0.0,0.0,0.0,0.0
bedroom:6a8ad1d5-8c81-49bf-a752-fbe9448ff3b1_SecondBedroom-36408,random_movement_matched_seed0,eg06_random_seed0,10,0,0.0,0.0,0.0,0.0
bedroom:6a8ad1d5-8c81-49bf-a752-fbe9448ff3b1_SecondBedroom-36408,random_movement_matched_seed1,eg06_random_seed1,10,0,0.0,0.0,0.0,0.0
bedroom:6a8ad1d5-8c81-49bf-a752-fbe9448ff3b1_SecondBedroom-36408,random_movement_matched_seed2,eg06_random_seed2,10,0,0.0,0.0,0.0,0.0
bedroom:6a8ad1d5-8c81-49bf-a752-fbe9448ff3b1_SecondBedroom-36408,generic_relation_optimizer,eg06_generic_budget_matched,10,0,0.0,0.0,0.0,0.0
bedroom:6c600c25-ede9-4ae7-8e1e-46bf11d80227_SecondBedroom-7635,collision_gated_floor_prior,floor_prior_max1.8_mesh_p2_close0.75_far1.6,3,0,0.0,0.0,0.0,0.0
bedroom:6c600c25-ede9-4ae7-8e1e-46bf11d80227_SecondBedroom-7635,random_movement_matched_seed0,eg06_random_seed0,3,0,0.0,0.0,0.0,0.0
bedroom:6c600c25-ede9-4ae7-8e1e-46bf11d80227_SecondBedroom-7635,random_movement_matched_seed1,eg06_random_seed1,3,0,0.0,0.0,0.0,0.0
bedroom:6c600c25-ede9-4ae7-8e1e-46bf11d80227_SecondBedroom-7635,random_movement_matched_seed2,eg06_random_seed2,3,0,0.0,0.0,0.0,0.0
bedroom:6c600c25-ede9-4ae7-8e1e-46bf11d80227_SecondBedroom-7635,generic_relation_optimizer,eg06_generic_budget_matched,3,0,0.0,0.0,0.0,0.0
bedroom:6f969906-b789-4a47-a930-008d35ca0458_Bedroom-1541,collision_gated_floor_prior,floor_prior_max1.8_mesh_p2_close0.75_far1.6,5,0,0.0,0.0,0.0,0.0
bedroom:6f969906-b789-4a47-a930-008d35ca0458_Bedroom-1541,random_movement_matched_seed0,eg06_random_seed0,5,0,0.0,0.0,0.0,0.0
bedroom:6f969906-b789-4a47-a930-008d35ca0458_Bedroom-1541,random_movement_matched_seed1,eg06_random_seed1,5,0,0.0,0.0,0.0,0.0
bedroom:6f969906-b789-4a47-a930-008d35ca0458_Bedroom-1541,random_movement_matched_seed2,eg06_random_seed2,5,0,0.0,0.0,0.0,0.0
bedroom:6f969906-b789-4a47-a930-008d35ca0458_Bedroom-1541,generic_relation_optimizer,eg06_generic_budget_matched,5,0,0.0,0.0,0.0,0.0
bedroom:728e0c2c-98f5-49dd-8947-7f1a37c8887f_Bedroom-11202,collision_gated_floor_prior,floor_prior_max1.8_mesh_p2_close0.75_far1.6,4,0,0.0,0.0,0.0,0.0
bedroom:728e0c2c-98f5-49dd-8947-7f1a37c8887f_Bedroom-11202,random_movement_matched_seed0,eg06_random_seed0,4,0,0.0,0.0,0.0,0.0
bedroom:728e0c2c-98f5-49dd-8947-7f1a37c8887f_Bedroom-11202,random_movement_matched_seed1,eg06_random_seed1,4,0,0.0,0.0,0.0,0.0
bedroom:728e0c2c-98f5-49dd-8947-7f1a37c8887f_Bedroom-11202,random_movement_matched_seed2,eg06_random_seed2,4,0,0.0,0.0,0.0,0.0
bedroom:728e0c2c-98f5-49dd-8947-7f1a37c8887f_Bedroom-11202,generic_relation_optimizer,eg06_generic_budget_matched,4,0,0.0,0.0,0.0,0.0
bedroom:74eafabd-fe9b-4f87-81f4-5af7f0b566ff_Bedroom-26487,collision_gated_floor_prior,floor_prior_max1.8_mesh_p2_close0.75_far1.6,4,0,0.0,0.0,0.0,0.0
bedroom:74eafabd-fe9b-4f87-81f4-5af7f0b566ff_Bedroom-26487,random_movement_matched_seed0,eg06_random_seed0,4,0,0.0,0.0,0.0,0.0
bedroom:74eafabd-fe9b-4f87-81f4-5af7f0b566ff_Bedroom-26487,random_movement_matched_seed1,eg06_random_seed1,4,0,0.0,0.0,0.0,0.0
bedroom:74eafabd-fe9b-4f87-81f4-5af7f0b566ff_Bedroom-26487,random_movement_matched_seed2,eg06_random_seed2,4,0,0.0,0.0,0.0,0.0
bedroom:74eafabd-fe9b-4f87-81f4-5af7f0b566ff_Bedroom-26487,generic_relation_optimizer,eg06_generic_budget_matched,4,0,0.0,0.0,0.0,0.0
bedroom:762446b3-fdac-48d0-8044-7e965421f6fd_Bedroom-691,collision_gated_floor_prior,floor_prior_max1.8_mesh_p2_close0.75_far1.6,7,0,0.0,0.0,0.0,0.0
bedroom:762446b3-fdac-48d0-8044-7e965421f6fd_Bedroom-691,random_movement_matched_seed0,eg06_random_seed0,7,0,0.0,0.0,0.0,0.0
bedroom:762446b3-fdac-48d0-8044-7e965421f6fd_Bedroom-691,random_movement_matched_seed1,eg06_random_seed1,7,0,0.0,0.0,0.0,0.0
bedroom:762446b3-fdac-48d0-8044-7e965421f6fd_Bedroom-691,random_movement_matched_seed2,eg06_random_seed2,7,0,0.0,0.0,0.0,0.0
bedroom:762446b3-fdac-48d0-8044-7e965421f6fd_Bedroom-691,generic_relation_optimizer,eg06_generic_budget_matched,7,0,0.0,0.0,0.0,0.0
bedroom:7696025a-291f-4b22-911b-beb13c4b598d_SecondBedroom-14817,collision_gated_floor_prior,floor_prior_max1.8_mesh_p2_close0.75_far1.6,5,0,0.0,0.0,0.0,0.0
bedroom:7696025a-291f-4b22-911b-beb13c4b598d_SecondBedroom-14817,random_movement_matched_seed0,eg06_random_seed0,5,0,0.0,0.0,0.0,0.0
bedroom:7696025a-291f-4b22-911b-beb13c4b598d_SecondBedroom-14817,random_movement_matched_seed1,eg06_random_seed1,5,0,0.0,0.0,0.0,0.0
bedroom:7696025a-291f-4b22-911b-beb13c4b598d_SecondBedroom-14817,random_movement_matched_seed2,eg06_random_seed2,5,0,0.0,0.0,0.0,0.0
bedroom:7696025a-291f-4b22-911b-beb13c4b598d_SecondBedroom-14817,generic_relation_optimizer,eg06_generic_budget_matched,5,0,0.0,0.0,0.0,0.0
bedroom:787e7cd0-14ab-420d-8862-b1d45ea47725_MasterBedroom-30192,collision_gated_floor_prior,floor_prior_max1.8_mesh_p2_close0.75_far1.6,4,1,0.5843359004097538,0.5843359004097538,0.5843359004097538,0.5843359004097538
bedroom:787e7cd0-14ab-420d-8862-b1d45ea47725_MasterBedroom-30192,random_movement_matched_seed0,eg06_random_seed0,4,1,0.5843359004097538,0.5843359004097538,0.5843359004097538,0.5843359004097538
bedroom:787e7cd0-14ab-420d-8862-b1d45ea47725_MasterBedroom-30192,random_movement_matched_seed1,eg06_random_seed1,4,1,0.5843359004097538,0.5843359004097538,0.5843359004097538,0.5843359004097538
bedroom:787e7cd0-14ab-420d-8862-b1d45ea47725_MasterBedroom-30192,random_movement_matched_seed2,eg06_random_seed2,4,1,0.5843359004097538,0.5843359004097538,0.5843359004097538,0.5843359004097538
bedroom:787e7cd0-14ab-420d-8862-b1d45ea47725_MasterBedroom-30192,generic_relation_optimizer,eg06_generic_budget_matched,4,0,0.0,0.0,0.5843359004097538,0.5843359004097538
bedroom:7b48d192-1ac0-406c-af41-800853de2d7f_Bedroom-41491,collision_gated_floor_prior,floor_prior_max1.8_mesh_p2_close0.75_far1.6,6,0,0.0,0.0,0.0,0.0
bedroom:7b48d192-1ac0-406c-af41-800853de2d7f_Bedroom-41491,random_movement_matched_seed0,eg06_random_seed0,6,0,0.0,0.0,0.0,0.0
bedroom:7b48d192-1ac0-406c-af41-800853de2d7f_Bedroom-41491,random_movement_matched_seed1,eg06_random_seed1,6,0,0.0,0.0,0.0,0.0
bedroom:7b48d192-1ac0-406c-af41-800853de2d7f_Bedroom-41491,random_movement_matched_seed2,eg06_random_seed2,6,0,0.0,0.0,0.0,0.0
bedroom:7b48d192-1ac0-406c-af41-800853de2d7f_Bedroom-41491,generic_relation_optimizer,eg06_generic_budget_matched,6,0,0.0,0.0,0.0,0.0
bedroom:7b8b173c-2354-4bdc-9321-93ad43796020_MasterBedroom-49865,collision_gated_floor_prior,floor_prior_max1.8_mesh_p2_close0.75_far1.6,3,0,0.0,0.0,0.0,0.0
bedroom:7b8b173c-2354-4bdc-9321-93ad43796020_MasterBedroom-49865,random_movement_matched_seed0,eg06_random_seed0,3,0,0.0,0.0,0.0,0.0
bedroom:7b8b173c-2354-4bdc-9321-93ad43796020_MasterBedroom-49865,random_movement_matched_seed1,eg06_random_seed1,3,0,0.0,0.0,0.0,0.0
bedroom:7b8b173c-2354-4bdc-9321-93ad43796020_MasterBedroom-49865,random_movement_matched_seed2,eg06_random_seed2,3,0,0.0,0.0,0.0,0.0
bedroom:7b8b173c-2354-4bdc-9321-93ad43796020_MasterBedroom-49865,generic_relation_optimizer,eg06_generic_budget_matched,3,0,0.0,0.0,0.0,0.0
bedroom:7c2e62e7-ab51-4900-bfdc-1932415fb295_MasterBedroom-16450,collision_gated_floor_prior,floor_prior_max1.8_mesh_p2_close0.75_far1.6,3,0,0.0,0.0,0.0,0.0
bedroom:7c2e62e7-ab51-4900-bfdc-1932415fb295_MasterBedroom-16450,random_movement_matched_seed0,eg06_random_seed0,3,0,0.0,0.0,0.0,0.0
bedroom:7c2e62e7-ab51-4900-bfdc-1932415fb295_MasterBedroom-16450,random_movement_matched_seed1,eg06_random_seed1,3,0,0.0,0.0,0.0,0.0
bedroom:7c2e62e7-ab51-4900-bfdc-1932415fb295_MasterBedroom-16450,random_movement_matched_seed2,eg06_random_seed2,3,0,0.0,0.0,0.0,0.0
bedroom:7c2e62e7-ab51-4900-bfdc-1932415fb295_MasterBedroom-16450,generic_relation_optimizer,eg06_generic_budget_matched,3,0,0.0,0.0,0.0,0.0
bedroom:7cda1ed0-e923-4ace-bbfa-b9b5238d190e_SecondBedroom-14328,collision_gated_floor_prior,floor_prior_max1.8_mesh_p2_close0.75_far1.6,5,0,0.0,0.0,0.0,0.0
bedroom:7cda1ed0-e923-4ace-bbfa-b9b5238d190e_SecondBedroom-14328,random_movement_matched_seed0,eg06_random_seed0,5,0,0.0,0.0,0.0,0.0
bedroom:7cda1ed0-e923-4ace-bbfa-b9b5238d190e_SecondBedroom-14328,random_movement_matched_seed1,eg06_random_seed1,5,0,0.0,0.0,0.0,0.0
bedroom:7cda1ed0-e923-4ace-bbfa-b9b5238d190e_SecondBedroom-14328,random_movement_matched_seed2,eg06_random_seed2,5,0,0.0,0.0,0.0,0.0
bedroom:7cda1ed0-e923-4ace-bbfa-b9b5238d190e_SecondBedroom-14328,generic_relation_optimizer,eg06_generic_budget_matched,5,0,0.0,0.0,0.0,0.0
bedroom:7d8f9ace-5704-4689-b135-4ece5fb32467_SecondBedroom-39108,collision_gated_floor_prior,floor_prior_max1.8_mesh_p2_close0.75_far1.6,6,0,0.0,0.0,0.0,0.0
bedroom:7d8f9ace-5704-4689-b135-4ece5fb32467_SecondBedroom-39108,random_movement_matched_seed0,eg06_random_seed0,6,0,0.0,0.0,0.0,0.0
bedroom:7d8f9ace-5704-4689-b135-4ece5fb32467_SecondBedroom-39108,random_movement_matched_seed1,eg06_random_seed1,6,0,0.0,0.0,0.0,0.0
bedroom:7d8f9ace-5704-4689-b135-4ece5fb32467_SecondBedroom-39108,random_movement_matched_seed2,eg06_random_seed2,6,0,0.0,0.0,0.0,0.0
bedroom:7d8f9ace-5704-4689-b135-4ece5fb32467_SecondBedroom-39108,generic_relation_optimizer,eg06_generic_budget_matched,6,0,0.0,0.0,0.0,0.0
bedroom:802ba6ac-c040-4f27-b843-8c47791d0383_MasterBedroom-19531,collision_gated_floor_prior,floor_prior_max1.8_mesh_p2_close0.75_far1.6,4,0,0.0,0.0,0.0,0.0
bedroom:802ba6ac-c040-4f27-b843-8c47791d0383_MasterBedroom-19531,random_movement_matched_seed0,eg06_random_seed0,4,0,0.0,0.0,0.0,0.0
bedroom:802ba6ac-c040-4f27-b843-8c47791d0383_MasterBedroom-19531,random_movement_matched_seed1,eg06_random_seed1,4,0,0.0,0.0,0.0,0.0
bedroom:802ba6ac-c040-4f27-b843-8c47791d0383_MasterBedroom-19531,random_movement_matched_seed2,eg06_random_seed2,4,0,0.0,0.0,0.0,0.0
bedroom:802ba6ac-c040-4f27-b843-8c47791d0383_MasterBedroom-19531,generic_relation_optimizer,eg06_generic_budget_matched,4,0,0.0,0.0,0.0,0.0
bedroom:80d80e4a-197a-4bd5-9ed1-81c48786a321_Bedroom-74,collision_gated_floor_prior,floor_prior_max1.8_mesh_p2_close0.75_far1.6,7,0,0.0,0.0,0.0,0.0
bedroom:80d80e4a-197a-4bd5-9ed1-81c48786a321_Bedroom-74,random_movement_matched_seed0,eg06_random_seed0,7,0,0.0,0.0,0.0,0.0
bedroom:80d80e4a-197a-4bd5-9ed1-81c48786a321_Bedroom-74,random_movement_matched_seed1,eg06_random_seed1,7,0,0.0,0.0,0.0,0.0
bedroom:80d80e4a-197a-4bd5-9ed1-81c48786a321_Bedroom-74,random_movement_matched_seed2,eg06_random_seed2,7,0,0.0,0.0,0.0,0.0
bedroom:80d80e4a-197a-4bd5-9ed1-81c48786a321_Bedroom-74,generic_relation_optimizer,eg06_generic_budget_matched,7,0,0.0,0.0,0.0,0.0
bedroom:810c7c5f-af5f-42f7-b64c-ecd80a5d253d_Bedroom-15856,collision_gated_floor_prior,floor_prior_max1.8_mesh_p2_close0.75_far1.6,5,0,0.0,0.0,0.0,0.0
bedroom:810c7c5f-af5f-42f7-b64c-ecd80a5d253d_Bedroom-15856,random_movement_matched_seed0,eg06_random_seed0,5,0,0.0,0.0,0.0,0.0
bedroom:810c7c5f-af5f-42f7-b64c-ecd80a5d253d_Bedroom-15856,random_movement_matched_seed1,eg06_random_seed1,5,0,0.0,0.0,0.0,0.0
bedroom:810c7c5f-af5f-42f7-b64c-ecd80a5d253d_Bedroom-15856,random_movement_matched_seed2,eg06_random_seed2,5,0,0.0,0.0,0.0,0.0
bedroom:810c7c5f-af5f-42f7-b64c-ecd80a5d253d_Bedroom-15856,generic_relation_optimizer,eg06_generic_budget_matched,5,0,0.0,0.0,0.0,0.0
bedroom:82a7d3a7-7fe0-4bfd-82b7-05c56353983c_MasterBedroom-3845,collision_gated_floor_prior,floor_prior_max1.8_mesh_p2_close0.75_far1.6,4,0,0.0,0.0,0.0,0.0
bedroom:82a7d3a7-7fe0-4bfd-82b7-05c56353983c_MasterBedroom-3845,random_movement_matched_seed0,eg06_random_seed0,4,0,0.0,0.0,0.0,0.0
bedroom:82a7d3a7-7fe0-4bfd-82b7-05c56353983c_MasterBedroom-3845,random_movement_matched_seed1,eg06_random_seed1,4,0,0.0,0.0,0.0,0.0
bedroom:82a7d3a7-7fe0-4bfd-82b7-05c56353983c_MasterBedroom-3845,random_movement_matched_seed2,eg06_random_seed2,4,0,0.0,0.0,0.0,0.0
bedroom:82a7d3a7-7fe0-4bfd-82b7-05c56353983c_MasterBedroom-3845,generic_relation_optimizer,eg06_generic_budget_matched,4,0,0.0,0.0,0.0,0.0
bedroom:86963bbe-7969-4632-a379-1cd39e2a69ab_MasterBedroom-14075,collision_gated_floor_prior,floor_prior_max1.8_mesh_p2_close0.75_far1.6,6,0,0.0,0.0,0.0,0.0
bedroom:86963bbe-7969-4632-a379-1cd39e2a69ab_MasterBedroom-14075,random_movement_matched_seed0,eg06_random_seed0,6,0,0.0,0.0,0.0,0.0
bedroom:86963bbe-7969-4632-a379-1cd39e2a69ab_MasterBedroom-14075,random_movement_matched_seed1,eg06_random_seed1,6,0,0.0,0.0,0.0,0.0
bedroom:86963bbe-7969-4632-a379-1cd39e2a69ab_MasterBedroom-14075,random_movement_matched_seed2,eg06_random_seed2,6,0,0.0,0.0,0.0,0.0
bedroom:86963bbe-7969-4632-a379-1cd39e2a69ab_MasterBedroom-14075,generic_relation_optimizer,eg06_generic_budget_matched,6,0,0.0,0.0,0.0,0.0
bedroom:86b8d631-2312-4e2f-82f7-de19d29a5f39_Bedroom-22495,collision_gated_floor_prior,floor_prior_max1.8_mesh_p2_close0.75_far1.6,3,0,0.0,0.0,0.0,0.0
bedroom:86b8d631-2312-4e2f-82f7-de19d29a5f39_Bedroom-22495,random_movement_matched_seed0,eg06_random_seed0,3,0,0.0,0.0,0.0,0.0
bedroom:86b8d631-2312-4e2f-82f7-de19d29a5f39_Bedroom-22495,random_movement_matched_seed1,eg06_random_seed1,3,0,0.0,0.0,0.0,0.0
bedroom:86b8d631-2312-4e2f-82f7-de19d29a5f39_Bedroom-22495,random_movement_matched_seed2,eg06_random_seed2,3,0,0.0,0.0,0.0,0.0
bedroom:86b8d631-2312-4e2f-82f7-de19d29a5f39_Bedroom-22495,generic_relation_optimizer,eg06_generic_budget_matched,3,0,0.0,0.0,0.0,0.0
bedroom:885bca04-679c-4098-a2d9-27885640ad28_MasterBedroom-22581,collision_gated_floor_prior,floor_prior_max1.8_mesh_p2_close0.75_far1.6,7,0,0.0,0.0,0.0,0.0
bedroom:885bca04-679c-4098-a2d9-27885640ad28_MasterBedroom-22581,random_movement_matched_seed0,eg06_random_seed0,7,0,0.0,0.0,0.0,0.0
bedroom:885bca04-679c-4098-a2d9-27885640ad28_MasterBedroom-22581,random_movement_matched_seed1,eg06_random_seed1,7,0,0.0,0.0,0.0,0.0
bedroom:885bca04-679c-4098-a2d9-27885640ad28_MasterBedroom-22581,random_movement_matched_seed2,eg06_random_seed2,7,0,0.0,0.0,0.0,0.0
bedroom:885bca04-679c-4098-a2d9-27885640ad28_MasterBedroom-22581,generic_relation_optimizer,eg06_generic_budget_matched,7,0,0.0,0.0,0.0,0.0
bedroom:897f8b48-e266-4749-b1f8-f798ae0d7068_Bedroom-54381,collision_gated_floor_prior,floor_prior_max1.8_mesh_p2_close0.75_far1.6,3,0,0.0,0.0,0.0,0.0
bedroom:897f8b48-e266-4749-b1f8-f798ae0d7068_Bedroom-54381,random_movement_matched_seed0,eg06_random_seed0,3,0,0.0,0.0,0.0,0.0
bedroom:897f8b48-e266-4749-b1f8-f798ae0d7068_Bedroom-54381,random_movement_matched_seed1,eg06_random_seed1,3,0,0.0,0.0,0.0,0.0
bedroom:897f8b48-e266-4749-b1f8-f798ae0d7068_Bedroom-54381,random_movement_matched_seed2,eg06_random_seed2,3,0,0.0,0.0,0.0,0.0
bedroom:897f8b48-e266-4749-b1f8-f798ae0d7068_Bedroom-54381,generic_relation_optimizer,eg06_generic_budget_matched,3,0,0.0,0.0,0.0,0.0
bedroom:905ccf24-697b-4bb5-8c53-def619d16327_Bedroom-5215,collision_gated_floor_prior,floor_prior_max1.8_mesh_p2_close0.75_far1.6,8,0,0.0,0.0,0.0,0.0
bedroom:905ccf24-697b-4bb5-8c53-def619d16327_Bedroom-5215,random_movement_matched_seed0,eg06_random_seed0,8,0,0.0,0.0,0.0,0.0
bedroom:905ccf24-697b-4bb5-8c53-def619d16327_Bedroom-5215,random_movement_matched_seed1,eg06_random_seed1,8,0,0.0,0.0,0.0,0.0
bedroom:905ccf24-697b-4bb5-8c53-def619d16327_Bedroom-5215,random_movement_matched_seed2,eg06_random_seed2,8,0,0.0,0.0,0.0,0.0
bedroom:905ccf24-697b-4bb5-8c53-def619d16327_Bedroom-5215,generic_relation_optimizer,eg06_generic_budget_matched,8,0,0.0,0.0,0.0,0.0
bedroom:93b46a6a-9703-4487-a125-89972c1e6a4a_MasterBedroom-12479,collision_gated_floor_prior,floor_prior_max1.8_mesh_p2_close0.75_far1.6,7,0,0.0,0.0,0.0,0.0
bedroom:93b46a6a-9703-4487-a125-89972c1e6a4a_MasterBedroom-12479,random_movement_matched_seed0,eg06_random_seed0,7,0,0.0,0.0,0.0,0.0
bedroom:93b46a6a-9703-4487-a125-89972c1e6a4a_MasterBedroom-12479,random_movement_matched_seed1,eg06_random_seed1,7,0,0.0,0.0,0.0,0.0
bedroom:93b46a6a-9703-4487-a125-89972c1e6a4a_MasterBedroom-12479,random_movement_matched_seed2,eg06_random_seed2,7,0,0.0,0.0,0.0,0.0
bedroom:93b46a6a-9703-4487-a125-89972c1e6a4a_MasterBedroom-12479,generic_relation_optimizer,eg06_generic_budget_matched,7,0,0.0,0.0,0.0,0.0
bedroom:97980fab-7bf0-4887-9fa9-68cc9138c717_SecondBedroom-37794,collision_gated_floor_prior,floor_prior_max1.8_mesh_p2_close0.75_far1.6,9,0,0.0,0.0,0.0,0.0
bedroom:97980fab-7bf0-4887-9fa9-68cc9138c717_SecondBedroom-37794,random_movement_matched_seed0,eg06_random_seed0,9,0,0.0,0.0,0.0,0.0
bedroom:97980fab-7bf0-4887-9fa9-68cc9138c717_SecondBedroom-37794,random_movement_matched_seed1,eg06_random_seed1,9,0,0.0,0.0,0.0,0.0
bedroom:97980fab-7bf0-4887-9fa9-68cc9138c717_SecondBedroom-37794,random_movement_matched_seed2,eg06_random_seed2,9,0,0.0,0.0,0.0,0.0
bedroom:97980fab-7bf0-4887-9fa9-68cc9138c717_SecondBedroom-37794,generic_relation_optimizer,eg06_generic_budget_matched,9,0,0.0,0.0,0.0,0.0
bedroom:98a1fc47-1484-4dd6-840b-da2d38206db2_SecondBedroom-69017,collision_gated_floor_prior,floor_prior_max1.8_mesh_p2_close0.75_far1.6,7,0,0.0,0.0,0.0,0.0
bedroom:98a1fc47-1484-4dd6-840b-da2d38206db2_SecondBedroom-69017,random_movement_matched_seed0,eg06_random_seed0,7,0,0.0,0.0,0.0,0.0
bedroom:98a1fc47-1484-4dd6-840b-da2d38206db2_SecondBedroom-69017,random_movement_matched_seed1,eg06_random_seed1,7,0,0.0,0.0,0.0,0.0
bedroom:98a1fc47-1484-4dd6-840b-da2d38206db2_SecondBedroom-69017,random_movement_matched_seed2,eg06_random_seed2,7,0,0.0,0.0,0.0,0.0
bedroom:98a1fc47-1484-4dd6-840b-da2d38206db2_SecondBedroom-69017,generic_relation_optimizer,eg06_generic_budget_matched,7,0,0.0,0.0,0.0,0.0
bedroom:9e9c7c48-a631-4ded-a271-7dd697faf0dc_MasterBedroom-1615,collision_gated_floor_prior,floor_prior_max1.8_mesh_p2_close0.75_far1.6,3,0,0.0,0.0,0.0,0.0
bedroom:9e9c7c48-a631-4ded-a271-7dd697faf0dc_MasterBedroom-1615,random_movement_matched_seed0,eg06_random_seed0,3,0,0.0,0.0,0.0,0.0
bedroom:9e9c7c48-a631-4ded-a271-7dd697faf0dc_MasterBedroom-1615,random_movement_matched_seed1,eg06_random_seed1,3,0,0.0,0.0,0.0,0.0
bedroom:9e9c7c48-a631-4ded-a271-7dd697faf0dc_MasterBedroom-1615,random_movement_matched_seed2,eg06_random_seed2,3,0,0.0,0.0,0.0,0.0
bedroom:9e9c7c48-a631-4ded-a271-7dd697faf0dc_MasterBedroom-1615,generic_relation_optimizer,eg06_generic_budget_matched,3,0,0.0,0.0,0.0,0.0
bedroom:9fc84985-1955-4003-83ef-43970b1418a2_MasterBedroom-8979,collision_gated_floor_prior,floor_prior_max1.8_mesh_p2_close0.75_far1.6,5,0,0.0,0.0,0.0,0.0
bedroom:9fc84985-1955-4003-83ef-43970b1418a2_MasterBedroom-8979,random_movement_matched_seed0,eg06_random_seed0,5,0,0.0,0.0,0.0,0.0
bedroom:9fc84985-1955-4003-83ef-43970b1418a2_MasterBedroom-8979,random_movement_matched_seed1,eg06_random_seed1,5,0,0.0,0.0,0.0,0.0
bedroom:9fc84985-1955-4003-83ef-43970b1418a2_MasterBedroom-8979,random_movement_matched_seed2,eg06_random_seed2,5,0,0.0,0.0,0.0,0.0
bedroom:9fc84985-1955-4003-83ef-43970b1418a2_MasterBedroom-8979,generic_relation_optimizer,eg06_generic_budget_matched,5,0,0.0,0.0,0.0,0.0
bedroom:a13cbe28-97b9-48de-b617-70d6f4f50943_MasterBedroom-6631,collision_gated_floor_prior,floor_prior_max1.8_mesh_p2_close0.75_far1.6,5,0,0.0,0.0,0.0,0.0
bedroom:a13cbe28-97b9-48de-b617-70d6f4f50943_MasterBedroom-6631,random_movement_matched_seed0,eg06_random_seed0,5,0,0.0,0.0,0.0,0.0
bedroom:a13cbe28-97b9-48de-b617-70d6f4f50943_MasterBedroom-6631,random_movement_matched_seed1,eg06_random_seed1,5,0,0.0,0.0,0.0,0.0
bedroom:a13cbe28-97b9-48de-b617-70d6f4f50943_MasterBedroom-6631,random_movement_matched_seed2,eg06_random_seed2,5,0,0.0,0.0,0.0,0.0
bedroom:a13cbe28-97b9-48de-b617-70d6f4f50943_MasterBedroom-6631,generic_relation_optimizer,eg06_generic_budget_matched,5,0,0.0,0.0,0.0,0.0
bedroom:a19f2445-1678-4c98-a26d-fce8c3ee5320_MasterBedroom-58086,collision_gated_floor_prior,floor_prior_max1.8_mesh_p2_close0.75_far1.6,4,0,0.0,0.0,0.0,0.0
bedroom:a19f2445-1678-4c98-a26d-fce8c3ee5320_MasterBedroom-58086,random_movement_matched_seed0,eg06_random_seed0,4,0,0.0,0.0,0.0,0.0
bedroom:a19f2445-1678-4c98-a26d-fce8c3ee5320_MasterBedroom-58086,random_movement_matched_seed1,eg06_random_seed1,4,0,0.0,0.0,0.0,0.0
bedroom:a19f2445-1678-4c98-a26d-fce8c3ee5320_MasterBedroom-58086,random_movement_matched_seed2,eg06_random_seed2,4,0,0.0,0.0,0.0,0.0
bedroom:a19f2445-1678-4c98-a26d-fce8c3ee5320_MasterBedroom-58086,generic_relation_optimizer,eg06_generic_budget_matched,4,0,0.0,0.0,0.0,0.0
bedroom:a35d3d15-332d-4e0c-833e-3c1c476edddc_MasterBedroom-34041,collision_gated_floor_prior,floor_prior_max1.8_mesh_p2_close0.75_far1.6,5,0,0.0,0.0,0.0,0.0
bedroom:a35d3d15-332d-4e0c-833e-3c1c476edddc_MasterBedroom-34041,random_movement_matched_seed0,eg06_random_seed0,5,0,0.0,0.0,0.0,0.0
bedroom:a35d3d15-332d-4e0c-833e-3c1c476edddc_MasterBedroom-34041,random_movement_matched_seed1,eg06_random_seed1,5,0,0.0,0.0,0.0,0.0
bedroom:a35d3d15-332d-4e0c-833e-3c1c476edddc_MasterBedroom-34041,random_movement_matched_seed2,eg06_random_seed2,5,0,0.0,0.0,0.0,0.0
bedroom:a35d3d15-332d-4e0c-833e-3c1c476edddc_MasterBedroom-34041,generic_relation_optimizer,eg06_generic_budget_matched,5,0,0.0,0.0,0.0,0.0
bedroom:a44fb825-f9fd-4e1a-beb5-da0322f81ed0_MasterBedroom-63654,collision_gated_floor_prior,floor_prior_max1.8_mesh_p2_close0.75_far1.6,3,0,0.0,0.0,0.0,0.0
bedroom:a44fb825-f9fd-4e1a-beb5-da0322f81ed0_MasterBedroom-63654,random_movement_matched_seed0,eg06_random_seed0,3,0,0.0,0.0,0.0,0.0
bedroom:a44fb825-f9fd-4e1a-beb5-da0322f81ed0_MasterBedroom-63654,random_movement_matched_seed1,eg06_random_seed1,3,0,0.0,0.0,0.0,0.0
bedroom:a44fb825-f9fd-4e1a-beb5-da0322f81ed0_MasterBedroom-63654,random_movement_matched_seed2,eg06_random_seed2,3,0,0.0,0.0,0.0,0.0
bedroom:a44fb825-f9fd-4e1a-beb5-da0322f81ed0_MasterBedroom-63654,generic_relation_optimizer,eg06_generic_budget_matched,3,0,0.0,0.0,0.0,0.0
bedroom:a4515359-59cb-46d6-9914-c54de45598a5_Bedroom-21085,collision_gated_floor_prior,floor_prior_max1.8_mesh_p2_close0.75_far1.6,5,0,0.0,0.0,0.0,0.0
bedroom:a4515359-59cb-46d6-9914-c54de45598a5_Bedroom-21085,random_movement_matched_seed0,eg06_random_seed0,5,0,0.0,0.0,0.0,0.0
bedroom:a4515359-59cb-46d6-9914-c54de45598a5_Bedroom-21085,random_movement_matched_seed1,eg06_random_seed1,5,0,0.0,0.0,0.0,0.0
bedroom:a4515359-59cb-46d6-9914-c54de45598a5_Bedroom-21085,random_movement_matched_seed2,eg06_random_seed2,5,0,0.0,0.0,0.0,0.0
bedroom:a4515359-59cb-46d6-9914-c54de45598a5_Bedroom-21085,generic_relation_optimizer,eg06_generic_budget_matched,5,0,0.0,0.0,0.0,0.0
bedroom:a4f761bc-191d-4d56-b2f5-01f9de5716bd_Bedroom-13675,collision_gated_floor_prior,floor_prior_max1.8_mesh_p2_close0.75_far1.6,5,0,0.0,0.0,0.0,0.0
bedroom:a4f761bc-191d-4d56-b2f5-01f9de5716bd_Bedroom-13675,random_movement_matched_seed0,eg06_random_seed0,5,0,0.0,0.0,0.0,0.0
bedroom:a4f761bc-191d-4d56-b2f5-01f9de5716bd_Bedroom-13675,random_movement_matched_seed1,eg06_random_seed1,5,0,0.0,0.0,0.0,0.0
bedroom:a4f761bc-191d-4d56-b2f5-01f9de5716bd_Bedroom-13675,random_movement_matched_seed2,eg06_random_seed2,5,0,0.0,0.0,0.0,0.0
bedroom:a4f761bc-191d-4d56-b2f5-01f9de5716bd_Bedroom-13675,generic_relation_optimizer,eg06_generic_budget_matched,5,0,0.0,0.0,0.0,0.0
bedroom:a591afd1-fc8b-4224-a2bf-b36ecb44aa18_MasterBedroom-32488,collision_gated_floor_prior,floor_prior_max1.8_mesh_p2_close0.75_far1.6,7,0,0.0,0.0,0.0,0.0
bedroom:a591afd1-fc8b-4224-a2bf-b36ecb44aa18_MasterBedroom-32488,random_movement_matched_seed0,eg06_random_seed0,7,0,0.0,0.0,0.0,0.0
bedroom:a591afd1-fc8b-4224-a2bf-b36ecb44aa18_MasterBedroom-32488,random_movement_matched_seed1,eg06_random_seed1,7,0,0.0,0.0,0.0,0.0
bedroom:a591afd1-fc8b-4224-a2bf-b36ecb44aa18_MasterBedroom-32488,random_movement_matched_seed2,eg06_random_seed2,7,0,0.0,0.0,0.0,0.0
bedroom:a591afd1-fc8b-4224-a2bf-b36ecb44aa18_MasterBedroom-32488,generic_relation_optimizer,eg06_generic_budget_matched,7,0,0.0,0.0,0.0,0.0
bedroom:a6704fd9-02c2-42a6-875c-723b26a8048a_MasterBedroom-45545,collision_gated_floor_prior,floor_prior_max1.8_mesh_p2_close0.75_far1.6,5,0,0.0,0.0,0.0,0.0
bedroom:a6704fd9-02c2-42a6-875c-723b26a8048a_MasterBedroom-45545,random_movement_matched_seed0,eg06_random_seed0,5,0,0.0,0.0,0.0,0.0
bedroom:a6704fd9-02c2-42a6-875c-723b26a8048a_MasterBedroom-45545,random_movement_matched_seed1,eg06_random_seed1,5,0,0.0,0.0,0.0,0.0
bedroom:a6704fd9-02c2-42a6-875c-723b26a8048a_MasterBedroom-45545,random_movement_matched_seed2,eg06_random_seed2,5,0,0.0,0.0,0.0,0.0
bedroom:a6704fd9-02c2-42a6-875c-723b26a8048a_MasterBedroom-45545,generic_relation_optimizer,eg06_generic_budget_matched,5,0,0.0,0.0,0.0,0.0
bedroom:ad428fbd-a2cf-4693-a858-e5e64ba48026_Bedroom-18759,collision_gated_floor_prior,floor_prior_max1.8_mesh_p2_close0.75_far1.6,4,0,0.0,0.0,0.0,0.0
bedroom:ad428fbd-a2cf-4693-a858-e5e64ba48026_Bedroom-18759,random_movement_matched_seed0,eg06_random_seed0,4,0,0.0,0.0,0.0,0.0
bedroom:ad428fbd-a2cf-4693-a858-e5e64ba48026_Bedroom-18759,random_movement_matched_seed1,eg06_random_seed1,4,0,0.0,0.0,0.0,0.0
bedroom:ad428fbd-a2cf-4693-a858-e5e64ba48026_Bedroom-18759,random_movement_matched_seed2,eg06_random_seed2,4,0,0.0,0.0,0.0,0.0
bedroom:ad428fbd-a2cf-4693-a858-e5e64ba48026_Bedroom-18759,generic_relation_optimizer,eg06_generic_budget_matched,4,0,0.0,0.0,0.0,0.0
bedroom:af04306f-ef15-4b0a-ba75-1e499b3f3ccd_MasterBedroom-29436,collision_gated_floor_prior,floor_prior_max1.8_mesh_p2_close0.75_far1.6,7,1,0.5495035588656427,0.5495035588656427,0.5495035588656427,0.5495035588656427
bedroom:af04306f-ef15-4b0a-ba75-1e499b3f3ccd_MasterBedroom-29436,random_movement_matched_seed0,eg06_random_seed0,7,1,0.5495035588656427,0.5495035588656427,0.5495035588656427,0.5495035588656427
bedroom:af04306f-ef15-4b0a-ba75-1e499b3f3ccd_MasterBedroom-29436,random_movement_matched_seed1,eg06_random_seed1,7,1,0.5495035588656428,0.5495035588656428,0.5495035588656427,0.5495035588656427
bedroom:af04306f-ef15-4b0a-ba75-1e499b3f3ccd_MasterBedroom-29436,random_movement_matched_seed2,eg06_random_seed2,7,1,0.5495035588656425,0.5495035588656425,0.5495035588656427,0.5495035588656427
bedroom:af04306f-ef15-4b0a-ba75-1e499b3f3ccd_MasterBedroom-29436,generic_relation_optimizer,eg06_generic_budget_matched,7,0,0.0,0.0,0.5495035588656427,0.5495035588656427
bedroom:b090fa20-9b1c-4c5e-bcc4-e83c44cc84c2_Bedroom-15797,collision_gated_floor_prior,floor_prior_max1.8_mesh_p2_close0.75_far1.6,5,0,0.0,0.0,0.0,0.0
bedroom:b090fa20-9b1c-4c5e-bcc4-e83c44cc84c2_Bedroom-15797,random_movement_matched_seed0,eg06_random_seed0,5,0,0.0,0.0,0.0,0.0
bedroom:b090fa20-9b1c-4c5e-bcc4-e83c44cc84c2_Bedroom-15797,random_movement_matched_seed1,eg06_random_seed1,5,0,0.0,0.0,0.0,0.0
bedroom:b090fa20-9b1c-4c5e-bcc4-e83c44cc84c2_Bedroom-15797,random_movement_matched_seed2,eg06_random_seed2,5,0,0.0,0.0,0.0,0.0
bedroom:b090fa20-9b1c-4c5e-bcc4-e83c44cc84c2_Bedroom-15797,generic_relation_optimizer,eg06_generic_budget_matched,5,0,0.0,0.0,0.0,0.0
bedroom:b0fe48b1-d6b1-4854-ba04-111d22289522_MasterBedroom-13658,collision_gated_floor_prior,floor_prior_max1.8_mesh_p2_close0.75_far1.6,7,0,0.0,0.0,0.0,0.0
bedroom:b0fe48b1-d6b1-4854-ba04-111d22289522_MasterBedroom-13658,random_movement_matched_seed0,eg06_random_seed0,7,0,0.0,0.0,0.0,0.0
bedroom:b0fe48b1-d6b1-4854-ba04-111d22289522_MasterBedroom-13658,random_movement_matched_seed1,eg06_random_seed1,7,0,0.0,0.0,0.0,0.0
bedroom:b0fe48b1-d6b1-4854-ba04-111d22289522_MasterBedroom-13658,random_movement_matched_seed2,eg06_random_seed2,7,0,0.0,0.0,0.0,0.0
bedroom:b0fe48b1-d6b1-4854-ba04-111d22289522_MasterBedroom-13658,generic_relation_optimizer,eg06_generic_budget_matched,7,0,0.0,0.0,0.0,0.0
bedroom:b13a4874-00a4-49a5-aa2d-e22d7d864b56_Bedroom-53437,collision_gated_floor_prior,floor_prior_max1.8_mesh_p2_close0.75_far1.6,4,0,0.0,0.0,0.0,0.0
bedroom:b13a4874-00a4-49a5-aa2d-e22d7d864b56_Bedroom-53437,random_movement_matched_seed0,eg06_random_seed0,4,0,0.0,0.0,0.0,0.0
bedroom:b13a4874-00a4-49a5-aa2d-e22d7d864b56_Bedroom-53437,random_movement_matched_seed1,eg06_random_seed1,4,0,0.0,0.0,0.0,0.0
bedroom:b13a4874-00a4-49a5-aa2d-e22d7d864b56_Bedroom-53437,random_movement_matched_seed2,eg06_random_seed2,4,0,0.0,0.0,0.0,0.0
bedroom:b13a4874-00a4-49a5-aa2d-e22d7d864b56_Bedroom-53437,generic_relation_optimizer,eg06_generic_budget_matched,4,0,0.0,0.0,0.0,0.0
bedroom:b1fb2628-f260-4bee-8db1-6f4f10520a09_MasterBedroom-1096,collision_gated_floor_prior,floor_prior_max1.8_mesh_p2_close0.75_far1.6,5,0,0.0,0.0,0.0,0.0
bedroom:b1fb2628-f260-4bee-8db1-6f4f10520a09_MasterBedroom-1096,random_movement_matched_seed0,eg06_random_seed0,5,0,0.0,0.0,0.0,0.0
bedroom:b1fb2628-f260-4bee-8db1-6f4f10520a09_MasterBedroom-1096,random_movement_matched_seed1,eg06_random_seed1,5,0,0.0,0.0,0.0,0.0
bedroom:b1fb2628-f260-4bee-8db1-6f4f10520a09_MasterBedroom-1096,random_movement_matched_seed2,eg06_random_seed2,5,0,0.0,0.0,0.0,0.0
bedroom:b1fb2628-f260-4bee-8db1-6f4f10520a09_MasterBedroom-1096,generic_relation_optimizer,eg06_generic_budget_matched,5,0,0.0,0.0,0.0,0.0
bedroom:b28bad76-991d-4a95-9a37-2934374109e8_Bedroom-20397,collision_gated_floor_prior,floor_prior_max1.8_mesh_p2_close0.75_far1.6,8,0,0.0,0.0,0.0,0.0
bedroom:b28bad76-991d-4a95-9a37-2934374109e8_Bedroom-20397,random_movement_matched_seed0,eg06_random_seed0,8,0,0.0,0.0,0.0,0.0
bedroom:b28bad76-991d-4a95-9a37-2934374109e8_Bedroom-20397,random_movement_matched_seed1,eg06_random_seed1,8,0,0.0,0.0,0.0,0.0
bedroom:b28bad76-991d-4a95-9a37-2934374109e8_Bedroom-20397,random_movement_matched_seed2,eg06_random_seed2,8,0,0.0,0.0,0.0,0.0
bedroom:b28bad76-991d-4a95-9a37-2934374109e8_Bedroom-20397,generic_relation_optimizer,eg06_generic_budget_matched,8,0,0.0,0.0,0.0,0.0
bedroom:b2e0b670-b308-4817-b3b6-2a8b7312c18f_SecondBedroom-6261,collision_gated_floor_prior,floor_prior_max1.8_mesh_p2_close0.75_far1.6,4,0,0.0,0.0,0.0,0.0
bedroom:b2e0b670-b308-4817-b3b6-2a8b7312c18f_SecondBedroom-6261,random_movement_matched_seed0,eg06_random_seed0,4,0,0.0,0.0,0.0,0.0
bedroom:b2e0b670-b308-4817-b3b6-2a8b7312c18f_SecondBedroom-6261,random_movement_matched_seed1,eg06_random_seed1,4,0,0.0,0.0,0.0,0.0
bedroom:b2e0b670-b308-4817-b3b6-2a8b7312c18f_SecondBedroom-6261,random_movement_matched_seed2,eg06_random_seed2,4,0,0.0,0.0,0.0,0.0
bedroom:b2e0b670-b308-4817-b3b6-2a8b7312c18f_SecondBedroom-6261,generic_relation_optimizer,eg06_generic_budget_matched,4,0,0.0,0.0,0.0,0.0
bedroom:b3560738-2e83-4f6f-9528-3f0a00c4c3b0_SecondBedroom-9923,collision_gated_floor_prior,floor_prior_max1.8_mesh_p2_close0.75_far1.6,4,0,0.0,0.0,0.0,0.0
bedroom:b3560738-2e83-4f6f-9528-3f0a00c4c3b0_SecondBedroom-9923,random_movement_matched_seed0,eg06_random_seed0,4,0,0.0,0.0,0.0,0.0
bedroom:b3560738-2e83-4f6f-9528-3f0a00c4c3b0_SecondBedroom-9923,random_movement_matched_seed1,eg06_random_seed1,4,0,0.0,0.0,0.0,0.0
bedroom:b3560738-2e83-4f6f-9528-3f0a00c4c3b0_SecondBedroom-9923,random_movement_matched_seed2,eg06_random_seed2,4,0,0.0,0.0,0.0,0.0
bedroom:b3560738-2e83-4f6f-9528-3f0a00c4c3b0_SecondBedroom-9923,generic_relation_optimizer,eg06_generic_budget_matched,4,0,0.0,0.0,0.0,0.0
bedroom:b45897de-6fe4-421c-b292-dfc31f3880ec_Bedroom-38427,collision_gated_floor_prior,floor_prior_max1.8_mesh_p2_close0.75_far1.6,5,2,0.7661687270031728,0.7519092126043,0.7661687270031728,0.7519092126043
bedroom:b45897de-6fe4-421c-b292-dfc31f3880ec_Bedroom-38427,random_movement_matched_seed0,eg06_random_seed0,5,2,0.766168727003173,0.7519092126043,0.7661687270031728,0.7519092126043
bedroom:b45897de-6fe4-421c-b292-dfc31f3880ec_Bedroom-38427,random_movement_matched_seed1,eg06_random_seed1,5,2,0.7661687270031728,0.7519092126043,0.7661687270031728,0.7519092126043
bedroom:b45897de-6fe4-421c-b292-dfc31f3880ec_Bedroom-38427,random_movement_matched_seed2,eg06_random_seed2,5,2,0.766168727003173,0.7519092126043,0.7661687270031728,0.7519092126043
bedroom:b45897de-6fe4-421c-b292-dfc31f3880ec_Bedroom-38427,generic_relation_optimizer,eg06_generic_budget_matched,5,1,0.7519092126043,0.7519092126043,0.7661687270031728,0.7519092126043
bedroom:b84c594f-2408-4197-ada7-d058f6620cf3_SecondBedroom-48379,collision_gated_floor_prior,floor_prior_max1.8_mesh_p2_close0.75_far1.6,6,0,0.0,0.0,0.0,0.0
bedroom:b84c594f-2408-4197-ada7-d058f6620cf3_SecondBedroom-48379,random_movement_matched_seed0,eg06_random_seed0,6,0,0.0,0.0,0.0,0.0
bedroom:b84c594f-2408-4197-ada7-d058f6620cf3_SecondBedroom-48379,random_movement_matched_seed1,eg06_random_seed1,6,0,0.0,0.0,0.0,0.0
bedroom:b84c594f-2408-4197-ada7-d058f6620cf3_SecondBedroom-48379,random_movement_matched_seed2,eg06_random_seed2,6,0,0.0,0.0,0.0,0.0
bedroom:b84c594f-2408-4197-ada7-d058f6620cf3_SecondBedroom-48379,generic_relation_optimizer,eg06_generic_budget_matched,6,0,0.0,0.0,0.0,0.0
bedroom:be762422-6294-499e-96fa-038dced9f5a8_Bedroom-74674,collision_gated_floor_prior,floor_prior_max1.8_mesh_p2_close0.75_far1.6,6,0,0.0,0.0,0.0,0.0
bedroom:be762422-6294-499e-96fa-038dced9f5a8_Bedroom-74674,random_movement_matched_seed0,eg06_random_seed0,6,0,0.0,0.0,0.0,0.0
bedroom:be762422-6294-499e-96fa-038dced9f5a8_Bedroom-74674,random_movement_matched_seed1,eg06_random_seed1,6,0,0.0,0.0,0.0,0.0
bedroom:be762422-6294-499e-96fa-038dced9f5a8_Bedroom-74674,random_movement_matched_seed2,eg06_random_seed2,6,0,0.0,0.0,0.0,0.0
bedroom:be762422-6294-499e-96fa-038dced9f5a8_Bedroom-74674,generic_relation_optimizer,eg06_generic_budget_matched,6,0,0.0,0.0,0.0,0.0
bedroom:c15e5b24-87ea-4729-a648-e406f048a25b_MasterBedroom-41843,collision_gated_floor_prior,floor_prior_max1.8_mesh_p2_close0.75_far1.6,7,1,0.1524726283557664,0.1524726283557664,0.1524726283557664,0.1524726283557664
bedroom:c15e5b24-87ea-4729-a648-e406f048a25b_MasterBedroom-41843,random_movement_matched_seed0,eg06_random_seed0,7,1,0.1524726283557664,0.1524726283557664,0.1524726283557664,0.1524726283557664
bedroom:c15e5b24-87ea-4729-a648-e406f048a25b_MasterBedroom-41843,random_movement_matched_seed1,eg06_random_seed1,7,1,0.15247262835576636,0.15247262835576636,0.1524726283557664,0.1524726283557664
bedroom:c15e5b24-87ea-4729-a648-e406f048a25b_MasterBedroom-41843,random_movement_matched_seed2,eg06_random_seed2,7,1,0.15247262835576633,0.15247262835576633,0.1524726283557664,0.1524726283557664
bedroom:c15e5b24-87ea-4729-a648-e406f048a25b_MasterBedroom-41843,generic_relation_optimizer,eg06_generic_budget_matched,7,1,0.15247262835576636,0.15247262835576636,0.1524726283557664,0.1524726283557664
bedroom:c1d1893e-86a3-4a1f-a0bb-1b5104461b5a_MasterBedroom-21047,collision_gated_floor_prior,floor_prior_max1.8_mesh_p2_close0.75_far1.6,4,0,0.0,0.0,0.0,0.0
bedroom:c1d1893e-86a3-4a1f-a0bb-1b5104461b5a_MasterBedroom-21047,random_movement_matched_seed0,eg06_random_seed0,4,0,0.0,0.0,0.0,0.0
bedroom:c1d1893e-86a3-4a1f-a0bb-1b5104461b5a_MasterBedroom-21047,random_movement_matched_seed1,eg06_random_seed1,4,0,0.0,0.0,0.0,0.0
bedroom:c1d1893e-86a3-4a1f-a0bb-1b5104461b5a_MasterBedroom-21047,random_movement_matched_seed2,eg06_random_seed2,4,0,0.0,0.0,0.0,0.0
bedroom:c1d1893e-86a3-4a1f-a0bb-1b5104461b5a_MasterBedroom-21047,generic_relation_optimizer,eg06_generic_budget_matched,4,0,0.0,0.0,0.0,0.0
bedroom:c3a81890-b4f1-4944-96a1-318dff7f3980_MasterBedroom-34469,collision_gated_floor_prior,floor_prior_max1.8_mesh_p2_close0.75_far1.6,5,0,0.0,0.0,0.0,0.0
bedroom:c3a81890-b4f1-4944-96a1-318dff7f3980_MasterBedroom-34469,random_movement_matched_seed0,eg06_random_seed0,5,0,0.0,0.0,0.0,0.0
bedroom:c3a81890-b4f1-4944-96a1-318dff7f3980_MasterBedroom-34469,random_movement_matched_seed1,eg06_random_seed1,5,0,0.0,0.0,0.0,0.0
bedroom:c3a81890-b4f1-4944-96a1-318dff7f3980_MasterBedroom-34469,random_movement_matched_seed2,eg06_random_seed2,5,0,0.0,0.0,0.0,0.0
bedroom:c3a81890-b4f1-4944-96a1-318dff7f3980_MasterBedroom-34469,generic_relation_optimizer,eg06_generic_budget_matched,5,0,0.0,0.0,0.0,0.0
bedroom:c3a81890-b4f1-4944-96a1-318dff7f3980_SecondBedroom-35274,collision_gated_floor_prior,floor_prior_max1.8_mesh_p2_close0.75_far1.6,5,0,0.0,0.0,0.0,0.0
bedroom:c3a81890-b4f1-4944-96a1-318dff7f3980_SecondBedroom-35274,random_movement_matched_seed0,eg06_random_seed0,5,0,0.0,0.0,0.0,0.0
bedroom:c3a81890-b4f1-4944-96a1-318dff7f3980_SecondBedroom-35274,random_movement_matched_seed1,eg06_random_seed1,5,0,0.0,0.0,0.0,0.0
bedroom:c3a81890-b4f1-4944-96a1-318dff7f3980_SecondBedroom-35274,random_movement_matched_seed2,eg06_random_seed2,5,0,0.0,0.0,0.0,0.0
bedroom:c3a81890-b4f1-4944-96a1-318dff7f3980_SecondBedroom-35274,generic_relation_optimizer,eg06_generic_budget_matched,5,0,0.0,0.0,0.0,0.0
bedroom:c45c5b4c-5fca-43b2-9770-02cd174f24c2_SecondBedroom-66007,collision_gated_floor_prior,floor_prior_max1.8_mesh_p2_close0.75_far1.6,6,0,0.0,0.0,0.0,0.0
bedroom:c45c5b4c-5fca-43b2-9770-02cd174f24c2_SecondBedroom-66007,random_movement_matched_seed0,eg06_random_seed0,6,0,0.0,0.0,0.0,0.0
bedroom:c45c5b4c-5fca-43b2-9770-02cd174f24c2_SecondBedroom-66007,random_movement_matched_seed1,eg06_random_seed1,6,0,0.0,0.0,0.0,0.0
bedroom:c45c5b4c-5fca-43b2-9770-02cd174f24c2_SecondBedroom-66007,random_movement_matched_seed2,eg06_random_seed2,6,0,0.0,0.0,0.0,0.0
bedroom:c45c5b4c-5fca-43b2-9770-02cd174f24c2_SecondBedroom-66007,generic_relation_optimizer,eg06_generic_budget_matched,6,0,0.0,0.0,0.0,0.0
bedroom:c83c564f-ceb1-4cd0-b171-7eb26a283b24_MasterBedroom-6907,collision_gated_floor_prior,floor_prior_max1.8_mesh_p2_close0.75_far1.6,6,0,0.0,0.0,0.0,0.0
bedroom:c83c564f-ceb1-4cd0-b171-7eb26a283b24_MasterBedroom-6907,random_movement_matched_seed0,eg06_random_seed0,6,0,0.0,0.0,0.0,0.0
bedroom:c83c564f-ceb1-4cd0-b171-7eb26a283b24_MasterBedroom-6907,random_movement_matched_seed1,eg06_random_seed1,6,0,0.0,0.0,0.0,0.0
bedroom:c83c564f-ceb1-4cd0-b171-7eb26a283b24_MasterBedroom-6907,random_movement_matched_seed2,eg06_random_seed2,6,0,0.0,0.0,0.0,0.0
bedroom:c83c564f-ceb1-4cd0-b171-7eb26a283b24_MasterBedroom-6907,generic_relation_optimizer,eg06_generic_budget_matched,6,0,0.0,0.0,0.0,0.0
bedroom:ca0bdaff-4e3a-4677-a328-cfab693b37c4_MasterBedroom-9302,collision_gated_floor_prior,floor_prior_max1.8_mesh_p2_close0.75_far1.6,6,0,0.0,0.0,0.0,0.0
bedroom:ca0bdaff-4e3a-4677-a328-cfab693b37c4_MasterBedroom-9302,random_movement_matched_seed0,eg06_random_seed0,6,0,0.0,0.0,0.0,0.0
bedroom:ca0bdaff-4e3a-4677-a328-cfab693b37c4_MasterBedroom-9302,random_movement_matched_seed1,eg06_random_seed1,6,0,0.0,0.0,0.0,0.0
bedroom:ca0bdaff-4e3a-4677-a328-cfab693b37c4_MasterBedroom-9302,random_movement_matched_seed2,eg06_random_seed2,6,0,0.0,0.0,0.0,0.0
bedroom:ca0bdaff-4e3a-4677-a328-cfab693b37c4_MasterBedroom-9302,generic_relation_optimizer,eg06_generic_budget_matched,6,0,0.0,0.0,0.0,0.0
bedroom:cb300b0a-3072-44a1-9f4d-dd75497ab9c5_MasterBedroom-3151,collision_gated_floor_prior,floor_prior_max1.8_mesh_p2_close0.75_far1.6,7,0,0.0,0.0,0.0,0.0
bedroom:cb300b0a-3072-44a1-9f4d-dd75497ab9c5_MasterBedroom-3151,random_movement_matched_seed0,eg06_random_seed0,7,0,0.0,0.0,0.0,0.0
bedroom:cb300b0a-3072-44a1-9f4d-dd75497ab9c5_MasterBedroom-3151,random_movement_matched_seed1,eg06_random_seed1,7,0,0.0,0.0,0.0,0.0
bedroom:cb300b0a-3072-44a1-9f4d-dd75497ab9c5_MasterBedroom-3151,random_movement_matched_seed2,eg06_random_seed2,7,0,0.0,0.0,0.0,0.0
bedroom:cb300b0a-3072-44a1-9f4d-dd75497ab9c5_MasterBedroom-3151,generic_relation_optimizer,eg06_generic_budget_matched,7,0,0.0,0.0,0.0,0.0
bedroom:cbaa2bb7-048d-4939-9d36-77379f49cb98_SecondBedroom-13281,collision_gated_floor_prior,floor_prior_max1.8_mesh_p2_close0.75_far1.6,6,0,0.0,0.0,0.0,0.0
bedroom:cbaa2bb7-048d-4939-9d36-77379f49cb98_SecondBedroom-13281,random_movement_matched_seed0,eg06_random_seed0,6,0,0.0,0.0,0.0,0.0
bedroom:cbaa2bb7-048d-4939-9d36-77379f49cb98_SecondBedroom-13281,random_movement_matched_seed1,eg06_random_seed1,6,0,0.0,0.0,0.0,0.0
bedroom:cbaa2bb7-048d-4939-9d36-77379f49cb98_SecondBedroom-13281,random_movement_matched_seed2,eg06_random_seed2,6,0,0.0,0.0,0.0,0.0
bedroom:cbaa2bb7-048d-4939-9d36-77379f49cb98_SecondBedroom-13281,generic_relation_optimizer,eg06_generic_budget_matched,6,0,0.0,0.0,0.0,0.0
bedroom:ceabd33a-d3dd-4500-9f44-a65fb285bff2_MasterBedroom-74105,collision_gated_floor_prior,floor_prior_max1.8_mesh_p2_close0.75_far1.6,7,0,0.0,0.0,0.0,0.0
bedroom:ceabd33a-d3dd-4500-9f44-a65fb285bff2_MasterBedroom-74105,random_movement_matched_seed0,eg06_random_seed0,7,0,0.0,0.0,0.0,0.0
bedroom:ceabd33a-d3dd-4500-9f44-a65fb285bff2_MasterBedroom-74105,random_movement_matched_seed1,eg06_random_seed1,7,0,0.0,0.0,0.0,0.0
bedroom:ceabd33a-d3dd-4500-9f44-a65fb285bff2_MasterBedroom-74105,random_movement_matched_seed2,eg06_random_seed2,7,0,0.0,0.0,0.0,0.0
bedroom:ceabd33a-d3dd-4500-9f44-a65fb285bff2_MasterBedroom-74105,generic_relation_optimizer,eg06_generic_budget_matched,7,0,0.0,0.0,0.0,0.0
bedroom:d099aa82-c37c-4c77-aa35-26f02862f55b_Bedroom-837,collision_gated_floor_prior,floor_prior_max1.8_mesh_p2_close0.75_far1.6,5,0,0.0,0.0,0.0,0.0
bedroom:d099aa82-c37c-4c77-aa35-26f02862f55b_Bedroom-837,random_movement_matched_seed0,eg06_random_seed0,5,0,0.0,0.0,0.0,0.0
bedroom:d099aa82-c37c-4c77-aa35-26f02862f55b_Bedroom-837,random_movement_matched_seed1,eg06_random_seed1,5,0,0.0,0.0,0.0,0.0
bedroom:d099aa82-c37c-4c77-aa35-26f02862f55b_Bedroom-837,random_movement_matched_seed2,eg06_random_seed2,5,0,0.0,0.0,0.0,0.0
bedroom:d099aa82-c37c-4c77-aa35-26f02862f55b_Bedroom-837,generic_relation_optimizer,eg06_generic_budget_matched,5,0,0.0,0.0,0.0,0.0
bedroom:d3fec60e-f8d0-4cfe-abd8-041d0db2d509_SecondBedroom-24075,collision_gated_floor_prior,floor_prior_max1.8_mesh_p2_close0.75_far1.6,5,1,0.4212565959023225,0.4212565959023225,0.4212565959023225,0.4212565959023225
bedroom:d3fec60e-f8d0-4cfe-abd8-041d0db2d509_SecondBedroom-24075,random_movement_matched_seed0,eg06_random_seed0,5,1,0.4212565959023225,0.4212565959023225,0.4212565959023225,0.4212565959023225
bedroom:d3fec60e-f8d0-4cfe-abd8-041d0db2d509_SecondBedroom-24075,random_movement_matched_seed1,eg06_random_seed1,5,1,0.4212565959023225,0.4212565959023225,0.4212565959023225,0.4212565959023225
bedroom:d3fec60e-f8d0-4cfe-abd8-041d0db2d509_SecondBedroom-24075,random_movement_matched_seed2,eg06_random_seed2,5,1,0.4212565959023225,0.4212565959023225,0.4212565959023225,0.4212565959023225
bedroom:d3fec60e-f8d0-4cfe-abd8-041d0db2d509_SecondBedroom-24075,generic_relation_optimizer,eg06_generic_budget_matched,5,0,0.0,0.0,0.4212565959023225,0.4212565959023225
bedroom:d8f50afc-d93f-49f8-9170-b7b9fe880152_Bedroom-22570,collision_gated_floor_prior,floor_prior_max1.8_mesh_p2_close0.75_far1.6,5,0,0.0,0.0,0.0,0.0
bedroom:d8f50afc-d93f-49f8-9170-b7b9fe880152_Bedroom-22570,random_movement_matched_seed0,eg06_random_seed0,5,0,0.0,0.0,0.0,0.0
bedroom:d8f50afc-d93f-49f8-9170-b7b9fe880152_Bedroom-22570,random_movement_matched_seed1,eg06_random_seed1,5,0,0.0,0.0,0.0,0.0
bedroom:d8f50afc-d93f-49f8-9170-b7b9fe880152_Bedroom-22570,random_movement_matched_seed2,eg06_random_seed2,5,0,0.0,0.0,0.0,0.0
bedroom:d8f50afc-d93f-49f8-9170-b7b9fe880152_Bedroom-22570,generic_relation_optimizer,eg06_generic_budget_matched,5,0,0.0,0.0,0.0,0.0
bedroom:db1bb23c-a728-4e9e-97b8-e98ffa8cb31b_MasterBedroom-40255,collision_gated_floor_prior,floor_prior_max1.8_mesh_p2_close0.75_far1.6,6,0,0.0,0.0,0.0,0.0
bedroom:db1bb23c-a728-4e9e-97b8-e98ffa8cb31b_MasterBedroom-40255,random_movement_matched_seed0,eg06_random_seed0,6,0,0.0,0.0,0.0,0.0
bedroom:db1bb23c-a728-4e9e-97b8-e98ffa8cb31b_MasterBedroom-40255,random_movement_matched_seed1,eg06_random_seed1,6,0,0.0,0.0,0.0,0.0
bedroom:db1bb23c-a728-4e9e-97b8-e98ffa8cb31b_MasterBedroom-40255,random_movement_matched_seed2,eg06_random_seed2,6,0,0.0,0.0,0.0,0.0
bedroom:db1bb23c-a728-4e9e-97b8-e98ffa8cb31b_MasterBedroom-40255,generic_relation_optimizer,eg06_generic_budget_matched,6,0,0.0,0.0,0.0,0.0
bedroom:dc270b69-a104-4f96-8676-e13d62b66cc0_SecondBedroom-9594,collision_gated_floor_prior,floor_prior_max1.8_mesh_p2_close0.75_far1.6,7,0,0.0,0.0,0.0,0.0
bedroom:dc270b69-a104-4f96-8676-e13d62b66cc0_SecondBedroom-9594,random_movement_matched_seed0,eg06_random_seed0,7,0,0.0,0.0,0.0,0.0
bedroom:dc270b69-a104-4f96-8676-e13d62b66cc0_SecondBedroom-9594,random_movement_matched_seed1,eg06_random_seed1,7,0,0.0,0.0,0.0,0.0
bedroom:dc270b69-a104-4f96-8676-e13d62b66cc0_SecondBedroom-9594,random_movement_matched_seed2,eg06_random_seed2,7,0,0.0,0.0,0.0,0.0
bedroom:dc270b69-a104-4f96-8676-e13d62b66cc0_SecondBedroom-9594,generic_relation_optimizer,eg06_generic_budget_matched,7,0,0.0,0.0,0.0,0.0
bedroom:dc80719c-65f0-4662-a25c-ce747612ed07_MasterBedroom-18517,collision_gated_floor_prior,floor_prior_max1.8_mesh_p2_close0.75_far1.6,6,0,0.0,0.0,0.0,0.0
bedroom:dc80719c-65f0-4662-a25c-ce747612ed07_MasterBedroom-18517,random_movement_matched_seed0,eg06_random_seed0,6,0,0.0,0.0,0.0,0.0
bedroom:dc80719c-65f0-4662-a25c-ce747612ed07_MasterBedroom-18517,random_movement_matched_seed1,eg06_random_seed1,6,0,0.0,0.0,0.0,0.0
bedroom:dc80719c-65f0-4662-a25c-ce747612ed07_MasterBedroom-18517,random_movement_matched_seed2,eg06_random_seed2,6,0,0.0,0.0,0.0,0.0
bedroom:dc80719c-65f0-4662-a25c-ce747612ed07_MasterBedroom-18517,generic_relation_optimizer,eg06_generic_budget_matched,6,0,0.0,0.0,0.0,0.0
bedroom:e0f35822-09d8-453c-bf87-55f85387ad17_MasterBedroom-116808,collision_gated_floor_prior,floor_prior_max1.8_mesh_p2_close0.75_far1.6,3,0,0.0,0.0,0.0,0.0
bedroom:e0f35822-09d8-453c-bf87-55f85387ad17_MasterBedroom-116808,random_movement_matched_seed0,eg06_random_seed0,3,0,0.0,0.0,0.0,0.0
bedroom:e0f35822-09d8-453c-bf87-55f85387ad17_MasterBedroom-116808,random_movement_matched_seed1,eg06_random_seed1,3,0,0.0,0.0,0.0,0.0
bedroom:e0f35822-09d8-453c-bf87-55f85387ad17_MasterBedroom-116808,random_movement_matched_seed2,eg06_random_seed2,3,0,0.0,0.0,0.0,0.0
bedroom:e0f35822-09d8-453c-bf87-55f85387ad17_MasterBedroom-116808,generic_relation_optimizer,eg06_generic_budget_matched,3,0,0.0,0.0,0.0,0.0
bedroom:e1bfc1be-b96b-43a3-9485-01a1ff78d9da_MasterBedroom-34912,collision_gated_floor_prior,floor_prior_max1.8_mesh_p2_close0.75_far1.6,7,0,0.0,0.0,0.0,0.0
bedroom:e1bfc1be-b96b-43a3-9485-01a1ff78d9da_MasterBedroom-34912,random_movement_matched_seed0,eg06_random_seed0,7,0,0.0,0.0,0.0,0.0
bedroom:e1bfc1be-b96b-43a3-9485-01a1ff78d9da_MasterBedroom-34912,random_movement_matched_seed1,eg06_random_seed1,7,0,0.0,0.0,0.0,0.0
bedroom:e1bfc1be-b96b-43a3-9485-01a1ff78d9da_MasterBedroom-34912,random_movement_matched_seed2,eg06_random_seed2,7,0,0.0,0.0,0.0,0.0
bedroom:e1bfc1be-b96b-43a3-9485-01a1ff78d9da_MasterBedroom-34912,generic_relation_optimizer,eg06_generic_budget_matched,7,0,0.0,0.0,0.0,0.0
bedroom:e2f3aa79-e130-445e-8773-b697ab77d9b8_SecondBedroom-3960,collision_gated_floor_prior,floor_prior_max1.8_mesh_p2_close0.75_far1.6,6,1,0.7577634813188102,0.7577634813188102,0.7577634813188102,0.7577634813188102
bedroom:e2f3aa79-e130-445e-8773-b697ab77d9b8_SecondBedroom-3960,random_movement_matched_seed0,eg06_random_seed0,6,1,0.7577634813188101,0.7577634813188101,0.7577634813188102,0.7577634813188102
bedroom:e2f3aa79-e130-445e-8773-b697ab77d9b8_SecondBedroom-3960,random_movement_matched_seed1,eg06_random_seed1,6,1,0.7577634813188102,0.7577634813188102,0.7577634813188102,0.7577634813188102
bedroom:e2f3aa79-e130-445e-8773-b697ab77d9b8_SecondBedroom-3960,random_movement_matched_seed2,eg06_random_seed2,6,1,0.7577634813188101,0.7577634813188101,0.7577634813188102,0.7577634813188102
bedroom:e2f3aa79-e130-445e-8773-b697ab77d9b8_SecondBedroom-3960,generic_relation_optimizer,eg06_generic_budget_matched,6,0,0.0,0.0,0.7577634813188102,0.7577634813188102
bedroom:e544c131-df87-4e5e-b889-75e6b89ae007_MasterBedroom-17206,collision_gated_floor_prior,floor_prior_max1.8_mesh_p2_close0.75_far1.6,7,0,0.0,0.0,0.0,0.0
bedroom:e544c131-df87-4e5e-b889-75e6b89ae007_MasterBedroom-17206,random_movement_matched_seed0,eg06_random_seed0,7,0,0.0,0.0,0.0,0.0
bedroom:e544c131-df87-4e5e-b889-75e6b89ae007_MasterBedroom-17206,random_movement_matched_seed1,eg06_random_seed1,7,0,0.0,0.0,0.0,0.0
bedroom:e544c131-df87-4e5e-b889-75e6b89ae007_MasterBedroom-17206,random_movement_matched_seed2,eg06_random_seed2,7,0,0.0,0.0,0.0,0.0
bedroom:e544c131-df87-4e5e-b889-75e6b89ae007_MasterBedroom-17206,generic_relation_optimizer,eg06_generic_budget_matched,7,0,0.0,0.0,0.0,0.0
bedroom:e5a6fc8c-aaa9-460b-bab3-8fcd9aaaf6e2_MasterBedroom-109561,collision_gated_floor_prior,floor_prior_max1.8_mesh_p2_close0.75_far1.6,5,1,0.4161224102711698,0.4161224102711698,0.4161224102711698,0.4161224102711698
bedroom:e5a6fc8c-aaa9-460b-bab3-8fcd9aaaf6e2_MasterBedroom-109561,random_movement_matched_seed0,eg06_random_seed0,5,1,0.4161224102711698,0.4161224102711698,0.4161224102711698,0.4161224102711698
bedroom:e5a6fc8c-aaa9-460b-bab3-8fcd9aaaf6e2_MasterBedroom-109561,random_movement_matched_seed1,eg06_random_seed1,5,1,0.41612241027116975,0.41612241027116975,0.4161224102711698,0.4161224102711698
bedroom:e5a6fc8c-aaa9-460b-bab3-8fcd9aaaf6e2_MasterBedroom-109561,random_movement_matched_seed2,eg06_random_seed2,5,1,0.4161224102711697,0.4161224102711697,0.4161224102711698,0.4161224102711698
bedroom:e5a6fc8c-aaa9-460b-bab3-8fcd9aaaf6e2_MasterBedroom-109561,generic_relation_optimizer,eg06_generic_budget_matched,5,0,0.0,0.0,0.4161224102711698,0.4161224102711698
bedroom:e5afb85b-f9b0-48dc-9fa6-cdd46d3193b6_SecondBedroom-30334,collision_gated_floor_prior,floor_prior_max1.8_mesh_p2_close0.75_far1.6,6,0,0.0,0.0,0.0,0.0
bedroom:e5afb85b-f9b0-48dc-9fa6-cdd46d3193b6_SecondBedroom-30334,random_movement_matched_seed0,eg06_random_seed0,6,0,0.0,0.0,0.0,0.0
bedroom:e5afb85b-f9b0-48dc-9fa6-cdd46d3193b6_SecondBedroom-30334,random_movement_matched_seed1,eg06_random_seed1,6,0,0.0,0.0,0.0,0.0
bedroom:e5afb85b-f9b0-48dc-9fa6-cdd46d3193b6_SecondBedroom-30334,random_movement_matched_seed2,eg06_random_seed2,6,0,0.0,0.0,0.0,0.0
bedroom:e5afb85b-f9b0-48dc-9fa6-cdd46d3193b6_SecondBedroom-30334,generic_relation_optimizer,eg06_generic_budget_matched,6,0,0.0,0.0,0.0,0.0
bedroom:e859dbc0-b994-41be-8d51-9857389a0a74_Bedroom-54233,collision_gated_floor_prior,floor_prior_max1.8_mesh_p2_close0.75_far1.6,7,0,0.0,0.0,0.0,0.0
bedroom:e859dbc0-b994-41be-8d51-9857389a0a74_Bedroom-54233,random_movement_matched_seed0,eg06_random_seed0,7,0,0.0,0.0,0.0,0.0
bedroom:e859dbc0-b994-41be-8d51-9857389a0a74_Bedroom-54233,random_movement_matched_seed1,eg06_random_seed1,7,0,0.0,0.0,0.0,0.0
bedroom:e859dbc0-b994-41be-8d51-9857389a0a74_Bedroom-54233,random_movement_matched_seed2,eg06_random_seed2,7,0,0.0,0.0,0.0,0.0
bedroom:e859dbc0-b994-41be-8d51-9857389a0a74_Bedroom-54233,generic_relation_optimizer,eg06_generic_budget_matched,7,0,0.0,0.0,0.0,0.0
bedroom:e8f14d6c-c37d-4ad2-9cf9-cdd57cdfe2b1_Bedroom-17102,collision_gated_floor_prior,floor_prior_max1.8_mesh_p2_close0.75_far1.6,5,0,0.0,0.0,0.0,0.0
bedroom:e8f14d6c-c37d-4ad2-9cf9-cdd57cdfe2b1_Bedroom-17102,random_movement_matched_seed0,eg06_random_seed0,5,0,0.0,0.0,0.0,0.0
bedroom:e8f14d6c-c37d-4ad2-9cf9-cdd57cdfe2b1_Bedroom-17102,random_movement_matched_seed1,eg06_random_seed1,5,0,0.0,0.0,0.0,0.0
bedroom:e8f14d6c-c37d-4ad2-9cf9-cdd57cdfe2b1_Bedroom-17102,random_movement_matched_seed2,eg06_random_seed2,5,0,0.0,0.0,0.0,0.0
bedroom:e8f14d6c-c37d-4ad2-9cf9-cdd57cdfe2b1_Bedroom-17102,generic_relation_optimizer,eg06_generic_budget_matched,5,0,0.0,0.0,0.0,0.0
bedroom:ea107e07-4507-4189-aa07-445d944d5fce_MasterBedroom-40319,collision_gated_floor_prior,floor_prior_max1.8_mesh_p2_close0.75_far1.6,7,1,0.43889410476344953,0.43889410476344953,0.43889410476344953,0.43889410476344953
bedroom:ea107e07-4507-4189-aa07-445d944d5fce_MasterBedroom-40319,random_movement_matched_seed0,eg06_random_seed0,7,1,0.4388941047634495,0.4388941047634495,0.43889410476344953,0.43889410476344953
bedroom:ea107e07-4507-4189-aa07-445d944d5fce_MasterBedroom-40319,random_movement_matched_seed1,eg06_random_seed1,7,1,0.43889410476344953,0.43889410476344953,0.43889410476344953,0.43889410476344953
bedroom:ea107e07-4507-4189-aa07-445d944d5fce_MasterBedroom-40319,random_movement_matched_seed2,eg06_random_seed2,7,1,0.4388941047634495,0.4388941047634495,0.43889410476344953,0.43889410476344953
bedroom:ea107e07-4507-4189-aa07-445d944d5fce_MasterBedroom-40319,generic_relation_optimizer,eg06_generic_budget_matched,7,0,0.0,0.0,0.43889410476344953,0.43889410476344953
bedroom:eb41d9bd-e372-479c-9dc9-ea9f738bf9c4_MasterBedroom-28978,collision_gated_floor_prior,floor_prior_max1.8_mesh_p2_close0.75_far1.6,8,1,1.7001511871068185,1.7001511871068185,1.7001511871068185,1.7001511871068185
bedroom:eb41d9bd-e372-479c-9dc9-ea9f738bf9c4_MasterBedroom-28978,random_movement_matched_seed0,eg06_random_seed0,8,1,1.7001511871068185,1.7001511871068185,1.7001511871068185,1.7001511871068185
bedroom:eb41d9bd-e372-479c-9dc9-ea9f738bf9c4_MasterBedroom-28978,random_movement_matched_seed1,eg06_random_seed1,8,1,1.7001511871068185,1.7001511871068185,1.7001511871068185,1.7001511871068185
bedroom:eb41d9bd-e372-479c-9dc9-ea9f738bf9c4_MasterBedroom-28978,random_movement_matched_seed2,eg06_random_seed2,8,1,1.7001511871068185,1.7001511871068185,1.7001511871068185,1.7001511871068185
bedroom:eb41d9bd-e372-479c-9dc9-ea9f738bf9c4_MasterBedroom-28978,generic_relation_optimizer,eg06_generic_budget_matched,8,0,0.0,0.0,1.7001511871068185,1.7001511871068185
bedroom:ec8a5215-83a6-4325-ad7e-176c9c6f450f_MasterBedroom-392,collision_gated_floor_prior,floor_prior_max1.8_mesh_p2_close0.75_far1.6,7,0,0.0,0.0,0.0,0.0
bedroom:ec8a5215-83a6-4325-ad7e-176c9c6f450f_MasterBedroom-392,random_movement_matched_seed0,eg06_random_seed0,7,0,0.0,0.0,0.0,0.0
bedroom:ec8a5215-83a6-4325-ad7e-176c9c6f450f_MasterBedroom-392,random_movement_matched_seed1,eg06_random_seed1,7,0,0.0,0.0,0.0,0.0
bedroom:ec8a5215-83a6-4325-ad7e-176c9c6f450f_MasterBedroom-392,random_movement_matched_seed2,eg06_random_seed2,7,0,0.0,0.0,0.0,0.0
bedroom:ec8a5215-83a6-4325-ad7e-176c9c6f450f_MasterBedroom-392,generic_relation_optimizer,eg06_generic_budget_matched,7,0,0.0,0.0,0.0,0.0
bedroom:ed41e047-ee12-4f00-8add-0ee6b95d1585_MasterBedroom-3712,collision_gated_floor_prior,floor_prior_max1.8_mesh_p2_close0.75_far1.6,6,0,0.0,0.0,0.0,0.0
bedroom:ed41e047-ee12-4f00-8add-0ee6b95d1585_MasterBedroom-3712,random_movement_matched_seed0,eg06_random_seed0,6,0,0.0,0.0,0.0,0.0
bedroom:ed41e047-ee12-4f00-8add-0ee6b95d1585_MasterBedroom-3712,random_movement_matched_seed1,eg06_random_seed1,6,0,0.0,0.0,0.0,0.0
bedroom:ed41e047-ee12-4f00-8add-0ee6b95d1585_MasterBedroom-3712,random_movement_matched_seed2,eg06_random_seed2,6,0,0.0,0.0,0.0,0.0
bedroom:ed41e047-ee12-4f00-8add-0ee6b95d1585_MasterBedroom-3712,generic_relation_optimizer,eg06_generic_budget_matched,6,0,0.0,0.0,0.0,0.0
bedroom:ef17e0e8-f83d-466e-9a2c-096d97599757_MasterBedroom-1446,collision_gated_floor_prior,floor_prior_max1.8_mesh_p2_close0.75_far1.6,6,1,0.17101669191286895,0.17101669191286895,0.17101669191286895,0.17101669191286895
bedroom:ef17e0e8-f83d-466e-9a2c-096d97599757_MasterBedroom-1446,random_movement_matched_seed0,eg06_random_seed0,6,1,0.17101669191286892,0.17101669191286892,0.17101669191286895,0.17101669191286895
bedroom:ef17e0e8-f83d-466e-9a2c-096d97599757_MasterBedroom-1446,random_movement_matched_seed1,eg06_random_seed1,6,1,0.17101669191286897,0.17101669191286897,0.17101669191286895,0.17101669191286895
bedroom:ef17e0e8-f83d-466e-9a2c-096d97599757_MasterBedroom-1446,random_movement_matched_seed2,eg06_random_seed2,6,1,0.17101669191286895,0.17101669191286895,0.17101669191286895,0.17101669191286895
bedroom:ef17e0e8-f83d-466e-9a2c-096d97599757_MasterBedroom-1446,generic_relation_optimizer,eg06_generic_budget_matched,6,0,0.0,0.0,0.17101669191286895,0.17101669191286895
bedroom:f0f07050-6651-4075-b2b2-5922d677247e_SecondBedroom-6847,collision_gated_floor_prior,floor_prior_max1.8_mesh_p2_close0.75_far1.6,7,0,0.0,0.0,0.0,0.0
bedroom:f0f07050-6651-4075-b2b2-5922d677247e_SecondBedroom-6847,random_movement_matched_seed0,eg06_random_seed0,7,0,0.0,0.0,0.0,0.0
bedroom:f0f07050-6651-4075-b2b2-5922d677247e_SecondBedroom-6847,random_movement_matched_seed1,eg06_random_seed1,7,0,0.0,0.0,0.0,0.0
bedroom:f0f07050-6651-4075-b2b2-5922d677247e_SecondBedroom-6847,random_movement_matched_seed2,eg06_random_seed2,7,0,0.0,0.0,0.0,0.0
bedroom:f0f07050-6651-4075-b2b2-5922d677247e_SecondBedroom-6847,generic_relation_optimizer,eg06_generic_budget_matched,7,0,0.0,0.0,0.0,0.0
bedroom:f7a3bd11-edb2-41ee-b15c-79730eba86b1_MasterBedroom-12183,collision_gated_floor_prior,floor_prior_max1.8_mesh_p2_close0.75_far1.6,5,0,0.0,0.0,0.0,0.0
bedroom:f7a3bd11-edb2-41ee-b15c-79730eba86b1_MasterBedroom-12183,random_movement_matched_seed0,eg06_random_seed0,5,0,0.0,0.0,0.0,0.0
bedroom:f7a3bd11-edb2-41ee-b15c-79730eba86b1_MasterBedroom-12183,random_movement_matched_seed1,eg06_random_seed1,5,0,0.0,0.0,0.0,0.0
bedroom:f7a3bd11-edb2-41ee-b15c-79730eba86b1_MasterBedroom-12183,random_movement_matched_seed2,eg06_random_seed2,5,0,0.0,0.0,0.0,0.0
bedroom:f7a3bd11-edb2-41ee-b15c-79730eba86b1_MasterBedroom-12183,generic_relation_optimizer,eg06_generic_budget_matched,5,0,0.0,0.0,0.0,0.0
bedroom:f9b7f141-b314-441a-8d8d-ba7a0227a483_Bedroom-8136,collision_gated_floor_prior,floor_prior_max1.8_mesh_p2_close0.75_far1.6,5,0,0.0,0.0,0.0,0.0
bedroom:f9b7f141-b314-441a-8d8d-ba7a0227a483_Bedroom-8136,random_movement_matched_seed0,eg06_random_seed0,5,0,0.0,0.0,0.0,0.0
bedroom:f9b7f141-b314-441a-8d8d-ba7a0227a483_Bedroom-8136,random_movement_matched_seed1,eg06_random_seed1,5,0,0.0,0.0,0.0,0.0
bedroom:f9b7f141-b314-441a-8d8d-ba7a0227a483_Bedroom-8136,random_movement_matched_seed2,eg06_random_seed2,5,0,0.0,0.0,0.0,0.0
bedroom:f9b7f141-b314-441a-8d8d-ba7a0227a483_Bedroom-8136,generic_relation_optimizer,eg06_generic_budget_matched,5,0,0.0,0.0,0.0,0.0
bedroom:fd2905d1-64c4-4550-a118-3a5a9881c093_MasterBedroom-24714,collision_gated_floor_prior,floor_prior_max1.8_mesh_p2_close0.75_far1.6,5,0,0.0,0.0,0.0,0.0
bedroom:fd2905d1-64c4-4550-a118-3a5a9881c093_MasterBedroom-24714,random_movement_matched_seed0,eg06_random_seed0,5,0,0.0,0.0,0.0,0.0
bedroom:fd2905d1-64c4-4550-a118-3a5a9881c093_MasterBedroom-24714,random_movement_matched_seed1,eg06_random_seed1,5,0,0.0,0.0,0.0,0.0
bedroom:fd2905d1-64c4-4550-a118-3a5a9881c093_MasterBedroom-24714,random_movement_matched_seed2,eg06_random_seed2,5,0,0.0,0.0,0.0,0.0
bedroom:fd2905d1-64c4-4550-a118-3a5a9881c093_MasterBedroom-24714,generic_relation_optimizer,eg06_generic_budget_matched,5,0,0.0,0.0,0.0,0.0
bedroom:ff507d6c-aab0-476e-9f58-1f765cb8956e_Bedroom-13858,collision_gated_floor_prior,floor_prior_max1.8_mesh_p2_close0.75_far1.6,4,0,0.0,0.0,0.0,0.0
bedroom:ff507d6c-aab0-476e-9f58-1f765cb8956e_Bedroom-13858,random_movement_matched_seed0,eg06_random_seed0,4,0,0.0,0.0,0.0,0.0
bedroom:ff507d6c-aab0-476e-9f58-1f765cb8956e_Bedroom-13858,random_movement_matched_seed1,eg06_random_seed1,4,0,0.0,0.0,0.0,0.0
bedroom:ff507d6c-aab0-476e-9f58-1f765cb8956e_Bedroom-13858,random_movement_matched_seed2,eg06_random_seed2,4,0,0.0,0.0,0.0,0.0
bedroom:ff507d6c-aab0-476e-9f58-1f765cb8956e_Bedroom-13858,generic_relation_optimizer,eg06_generic_budget_matched,4,0,0.0,0.0,0.0,0.0
bedroom:ffd98024-7200-429e-8b9a-1234a5937826_MasterBedroom-118,collision_gated_floor_prior,floor_prior_max1.8_mesh_p2_close0.75_far1.6,4,0,0.0,0.0,0.0,0.0
bedroom:ffd98024-7200-429e-8b9a-1234a5937826_MasterBedroom-118,random_movement_matched_seed0,eg06_random_seed0,4,0,0.0,0.0,0.0,0.0
bedroom:ffd98024-7200-429e-8b9a-1234a5937826_MasterBedroom-118,random_movement_matched_seed1,eg06_random_seed1,4,0,0.0,0.0,0.0,0.0
bedroom:ffd98024-7200-429e-8b9a-1234a5937826_MasterBedroom-118,random_movement_matched_seed2,eg06_random_seed2,4,0,0.0,0.0,0.0,0.0
bedroom:ffd98024-7200-429e-8b9a-1234a5937826_MasterBedroom-118,generic_relation_optimizer,eg06_generic_budget_matched,4,0,0.0,0.0,0.0,0.0
diningroom:004f900c-468a-4f70-83cc-aa2c98875264_LivingDiningRoom-27430,collision_gated_floor_prior,floor_prior_max1.8_mesh_p2_close0.75_far1.6,11,0,0.0,0.0,0.0,0.0
diningroom:004f900c-468a-4f70-83cc-aa2c98875264_LivingDiningRoom-27430,random_movement_matched_seed0,eg06_random_seed0,11,0,0.0,0.0,0.0,0.0
diningroom:004f900c-468a-4f70-83cc-aa2c98875264_LivingDiningRoom-27430,random_movement_matched_seed1,eg06_random_seed1,11,0,0.0,0.0,0.0,0.0
diningroom:004f900c-468a-4f70-83cc-aa2c98875264_LivingDiningRoom-27430,random_movement_matched_seed2,eg06_random_seed2,11,0,0.0,0.0,0.0,0.0
diningroom:004f900c-468a-4f70-83cc-aa2c98875264_LivingDiningRoom-27430,generic_relation_optimizer,eg06_generic_budget_matched,11,0,0.0,0.0,0.0,0.0
diningroom:00fe8139-76e8-42b4-bb41-7f9f085ac351_DiningRoom-15534,collision_gated_floor_prior,floor_prior_max1.8_mesh_p2_close0.75_far1.6,6,0,0.0,0.0,0.0,0.0
diningroom:00fe8139-76e8-42b4-bb41-7f9f085ac351_DiningRoom-15534,random_movement_matched_seed0,eg06_random_seed0,6,0,0.0,0.0,0.0,0.0
diningroom:00fe8139-76e8-42b4-bb41-7f9f085ac351_DiningRoom-15534,random_movement_matched_seed1,eg06_random_seed1,6,0,0.0,0.0,0.0,0.0
diningroom:00fe8139-76e8-42b4-bb41-7f9f085ac351_DiningRoom-15534,random_movement_matched_seed2,eg06_random_seed2,6,0,0.0,0.0,0.0,0.0
diningroom:00fe8139-76e8-42b4-bb41-7f9f085ac351_DiningRoom-15534,generic_relation_optimizer,eg06_generic_budget_matched,6,0,0.0,0.0,0.0,0.0
diningroom:0192a842-531c-419a-923e-28db4add8656_DiningRoom-31158,collision_gated_floor_prior,floor_prior_max1.8_mesh_p2_close0.75_far1.6,8,0,0.0,0.0,0.0,0.0
diningroom:0192a842-531c-419a-923e-28db4add8656_DiningRoom-31158,random_movement_matched_seed0,eg06_random_seed0,8,0,0.0,0.0,0.0,0.0
diningroom:0192a842-531c-419a-923e-28db4add8656_DiningRoom-31158,random_movement_matched_seed1,eg06_random_seed1,8,0,0.0,0.0,0.0,0.0
diningroom:0192a842-531c-419a-923e-28db4add8656_DiningRoom-31158,random_movement_matched_seed2,eg06_random_seed2,8,0,0.0,0.0,0.0,0.0
diningroom:0192a842-531c-419a-923e-28db4add8656_DiningRoom-31158,generic_relation_optimizer,eg06_generic_budget_matched,8,0,0.0,0.0,0.0,0.0
diningroom:0419bc7b-5bd0-47fc-802a-69c21ee0c80b_LivingDiningRoom-33368,collision_gated_floor_prior,floor_prior_max1.8_mesh_p2_close0.75_far1.6,14,0,0.0,0.0,0.0,0.0
diningroom:0419bc7b-5bd0-47fc-802a-69c21ee0c80b_LivingDiningRoom-33368,random_movement_matched_seed0,eg06_random_seed0,14,0,0.0,0.0,0.0,0.0
diningroom:0419bc7b-5bd0-47fc-802a-69c21ee0c80b_LivingDiningRoom-33368,random_movement_matched_seed1,eg06_random_seed1,14,0,0.0,0.0,0.0,0.0
diningroom:0419bc7b-5bd0-47fc-802a-69c21ee0c80b_LivingDiningRoom-33368,random_movement_matched_seed2,eg06_random_seed2,14,0,0.0,0.0,0.0,0.0
diningroom:0419bc7b-5bd0-47fc-802a-69c21ee0c80b_LivingDiningRoom-33368,generic_relation_optimizer,eg06_generic_budget_matched,14,0,0.0,0.0,0.0,0.0
diningroom:06a619f2-8939-4188-9eb3-ce01717de2b0_DiningRoom-197500,collision_gated_floor_prior,floor_prior_max1.8_mesh_p2_close0.75_far1.6,9,0,0.0,0.0,0.0,0.0
diningroom:06a619f2-8939-4188-9eb3-ce01717de2b0_DiningRoom-197500,random_movement_matched_seed0,eg06_random_seed0,9,0,0.0,0.0,0.0,0.0
diningroom:06a619f2-8939-4188-9eb3-ce01717de2b0_DiningRoom-197500,random_movement_matched_seed1,eg06_random_seed1,9,0,0.0,0.0,0.0,0.0
diningroom:06a619f2-8939-4188-9eb3-ce01717de2b0_DiningRoom-197500,random_movement_matched_seed2,eg06_random_seed2,9,0,0.0,0.0,0.0,0.0
diningroom:06a619f2-8939-4188-9eb3-ce01717de2b0_DiningRoom-197500,generic_relation_optimizer,eg06_generic_budget_matched,9,0,0.0,0.0,0.0,0.0
diningroom:0878fcd8-0934-4298-87a2-9813bd4c19c2_DiningRoom-26805,collision_gated_floor_prior,floor_prior_max1.8_mesh_p2_close0.75_far1.6,11,2,2.567690920646611,1.3535242393471727,2.567690920646611,1.3535242393471727
diningroom:0878fcd8-0934-4298-87a2-9813bd4c19c2_DiningRoom-26805,random_movement_matched_seed0,eg06_random_seed0,11,2,2.5676909206466116,1.353524239347173,2.567690920646611,1.3535242393471727
diningroom:0878fcd8-0934-4298-87a2-9813bd4c19c2_DiningRoom-26805,random_movement_matched_seed1,eg06_random_seed1,11,2,2.567690920646611,1.3535242393471727,2.567690920646611,1.3535242393471727
diningroom:0878fcd8-0934-4298-87a2-9813bd4c19c2_DiningRoom-26805,random_movement_matched_seed2,eg06_random_seed2,11,2,2.567690920646611,1.3535242393471727,2.567690920646611,1.3535242393471727
diningroom:0878fcd8-0934-4298-87a2-9813bd4c19c2_DiningRoom-26805,generic_relation_optimizer,eg06_generic_budget_matched,11,0,0.0,0.0,2.567690920646611,1.3535242393471727
diningroom:08c22a05-81e2-41f4-8e22-c707aa082bdd_DiningRoom-17995,collision_gated_floor_prior,floor_prior_max1.8_mesh_p2_close0.75_far1.6,13,0,0.0,0.0,0.0,0.0
diningroom:08c22a05-81e2-41f4-8e22-c707aa082bdd_DiningRoom-17995,random_movement_matched_seed0,eg06_random_seed0,13,0,0.0,0.0,0.0,0.0
diningroom:08c22a05-81e2-41f4-8e22-c707aa082bdd_DiningRoom-17995,random_movement_matched_seed1,eg06_random_seed1,13,0,0.0,0.0,0.0,0.0
diningroom:08c22a05-81e2-41f4-8e22-c707aa082bdd_DiningRoom-17995,random_movement_matched_seed2,eg06_random_seed2,13,0,0.0,0.0,0.0,0.0
diningroom:08c22a05-81e2-41f4-8e22-c707aa082bdd_DiningRoom-17995,generic_relation_optimizer,eg06_generic_budget_matched,13,0,0.0,0.0,0.0,0.0
diningroom:08cfec4b-56a0-43f0-8428-e31c210d8c6c_LivingDiningRoom-28046,collision_gated_floor_prior,floor_prior_max1.8_mesh_p2_close0.75_far1.6,17,0,0.0,0.0,0.0,0.0
diningroom:08cfec4b-56a0-43f0-8428-e31c210d8c6c_LivingDiningRoom-28046,random_movement_matched_seed0,eg06_random_seed0,17,0,0.0,0.0,0.0,0.0
diningroom:08cfec4b-56a0-43f0-8428-e31c210d8c6c_LivingDiningRoom-28046,random_movement_matched_seed1,eg06_random_seed1,17,0,0.0,0.0,0.0,0.0
diningroom:08cfec4b-56a0-43f0-8428-e31c210d8c6c_LivingDiningRoom-28046,random_movement_matched_seed2,eg06_random_seed2,17,0,0.0,0.0,0.0,0.0
diningroom:08cfec4b-56a0-43f0-8428-e31c210d8c6c_LivingDiningRoom-28046,generic_relation_optimizer,eg06_generic_budget_matched,17,0,0.0,0.0,0.0,0.0
diningroom:0967e330-aa37-41d5-af14-04c9e8ea820c_LivingDiningRoom-629,collision_gated_floor_prior,floor_prior_max1.8_mesh_p2_close0.75_far1.6,12,0,0.0,0.0,0.0,0.0
diningroom:0967e330-aa37-41d5-af14-04c9e8ea820c_LivingDiningRoom-629,random_movement_matched_seed0,eg06_random_seed0,12,0,0.0,0.0,0.0,0.0
diningroom:0967e330-aa37-41d5-af14-04c9e8ea820c_LivingDiningRoom-629,random_movement_matched_seed1,eg06_random_seed1,12,0,0.0,0.0,0.0,0.0
diningroom:0967e330-aa37-41d5-af14-04c9e8ea820c_LivingDiningRoom-629,random_movement_matched_seed2,eg06_random_seed2,12,0,0.0,0.0,0.0,0.0
diningroom:0967e330-aa37-41d5-af14-04c9e8ea820c_LivingDiningRoom-629,generic_relation_optimizer,eg06_generic_budget_matched,12,0,0.0,0.0,0.0,0.0
diningroom:0a28563b-19e4-4d67-8130-9a87a547daf6_DiningRoom-16628,collision_gated_floor_prior,floor_prior_max1.8_mesh_p2_close0.75_far1.6,7,0,0.0,0.0,0.0,0.0
diningroom:0a28563b-19e4-4d67-8130-9a87a547daf6_DiningRoom-16628,random_movement_matched_seed0,eg06_random_seed0,7,0,0.0,0.0,0.0,0.0
diningroom:0a28563b-19e4-4d67-8130-9a87a547daf6_DiningRoom-16628,random_movement_matched_seed1,eg06_random_seed1,7,0,0.0,0.0,0.0,0.0
diningroom:0a28563b-19e4-4d67-8130-9a87a547daf6_DiningRoom-16628,random_movement_matched_seed2,eg06_random_seed2,7,0,0.0,0.0,0.0,0.0
diningroom:0a28563b-19e4-4d67-8130-9a87a547daf6_DiningRoom-16628,generic_relation_optimizer,eg06_generic_budget_matched,7,0,0.0,0.0,0.0,0.0
diningroom:0a77986b-5c04-41b9-8ee8-1ea301ccda3e_LivingDiningRoom-126918,collision_gated_floor_prior,floor_prior_max1.8_mesh_p2_close0.75_far1.6,15,0,0.0,0.0,0.0,0.0
diningroom:0a77986b-5c04-41b9-8ee8-1ea301ccda3e_LivingDiningRoom-126918,random_movement_matched_seed0,eg06_random_seed0,15,0,0.0,0.0,0.0,0.0
diningroom:0a77986b-5c04-41b9-8ee8-1ea301ccda3e_LivingDiningRoom-126918,random_movement_matched_seed1,eg06_random_seed1,15,0,0.0,0.0,0.0,0.0
diningroom:0a77986b-5c04-41b9-8ee8-1ea301ccda3e_LivingDiningRoom-126918,random_movement_matched_seed2,eg06_random_seed2,15,0,0.0,0.0,0.0,0.0
diningroom:0a77986b-5c04-41b9-8ee8-1ea301ccda3e_LivingDiningRoom-126918,generic_relation_optimizer,eg06_generic_budget_matched,15,0,0.0,0.0,0.0,0.0
diningroom:0a9c667d-033d-448c-b17c-dc55e6d3c386_DiningRoom-11628,collision_gated_floor_prior,floor_prior_max1.8_mesh_p2_close0.75_far1.6,6,0,0.0,0.0,0.0,0.0
diningroom:0a9c667d-033d-448c-b17c-dc55e6d3c386_DiningRoom-11628,random_movement_matched_seed0,eg06_random_seed0,6,0,0.0,0.0,0.0,0.0
diningroom:0a9c667d-033d-448c-b17c-dc55e6d3c386_DiningRoom-11628,random_movement_matched_seed1,eg06_random_seed1,6,0,0.0,0.0,0.0,0.0
diningroom:0a9c667d-033d-448c-b17c-dc55e6d3c386_DiningRoom-11628,random_movement_matched_seed2,eg06_random_seed2,6,0,0.0,0.0,0.0,0.0
diningroom:0a9c667d-033d-448c-b17c-dc55e6d3c386_DiningRoom-11628,generic_relation_optimizer,eg06_generic_budget_matched,6,0,0.0,0.0,0.0,0.0
diningroom:0ec7ce97-e93d-4842-9c89-b947136bb393_DiningRoom-29864,collision_gated_floor_prior,floor_prior_max1.8_mesh_p2_close0.75_far1.6,8,0,0.0,0.0,0.0,0.0
diningroom:0ec7ce97-e93d-4842-9c89-b947136bb393_DiningRoom-29864,random_movement_matched_seed0,eg06_random_seed0,8,0,0.0,0.0,0.0,0.0
diningroom:0ec7ce97-e93d-4842-9c89-b947136bb393_DiningRoom-29864,random_movement_matched_seed1,eg06_random_seed1,8,0,0.0,0.0,0.0,0.0
diningroom:0ec7ce97-e93d-4842-9c89-b947136bb393_DiningRoom-29864,random_movement_matched_seed2,eg06_random_seed2,8,0,0.0,0.0,0.0,0.0
diningroom:0ec7ce97-e93d-4842-9c89-b947136bb393_DiningRoom-29864,generic_relation_optimizer,eg06_generic_budget_matched,8,0,0.0,0.0,0.0,0.0
diningroom:0f2b5258-2413-47c4-bbf6-106a74c1e1da_LivingDiningRoom-9790,collision_gated_floor_prior,floor_prior_max1.8_mesh_p2_close0.75_far1.6,13,0,0.0,0.0,0.0,0.0
diningroom:0f2b5258-2413-47c4-bbf6-106a74c1e1da_LivingDiningRoom-9790,random_movement_matched_seed0,eg06_random_seed0,13,0,0.0,0.0,0.0,0.0
diningroom:0f2b5258-2413-47c4-bbf6-106a74c1e1da_LivingDiningRoom-9790,random_movement_matched_seed1,eg06_random_seed1,13,0,0.0,0.0,0.0,0.0
diningroom:0f2b5258-2413-47c4-bbf6-106a74c1e1da_LivingDiningRoom-9790,random_movement_matched_seed2,eg06_random_seed2,13,0,0.0,0.0,0.0,0.0
diningroom:0f2b5258-2413-47c4-bbf6-106a74c1e1da_LivingDiningRoom-9790,generic_relation_optimizer,eg06_generic_budget_matched,13,0,0.0,0.0,0.0,0.0
diningroom:11eb078d-7eee-4c82-a748-34a7e2c6c7f4_LivingDiningRoom-9028,collision_gated_floor_prior,floor_prior_max1.8_mesh_p2_close0.75_far1.6,16,0,0.0,0.0,0.0,0.0
diningroom:11eb078d-7eee-4c82-a748-34a7e2c6c7f4_LivingDiningRoom-9028,random_movement_matched_seed0,eg06_random_seed0,16,0,0.0,0.0,0.0,0.0
diningroom:11eb078d-7eee-4c82-a748-34a7e2c6c7f4_LivingDiningRoom-9028,random_movement_matched_seed1,eg06_random_seed1,16,0,0.0,0.0,0.0,0.0
diningroom:11eb078d-7eee-4c82-a748-34a7e2c6c7f4_LivingDiningRoom-9028,random_movement_matched_seed2,eg06_random_seed2,16,0,0.0,0.0,0.0,0.0
diningroom:11eb078d-7eee-4c82-a748-34a7e2c6c7f4_LivingDiningRoom-9028,generic_relation_optimizer,eg06_generic_budget_matched,16,0,0.0,0.0,0.0,0.0
diningroom:1426a7e7-7805-43ca-b258-05c9b637375a_DiningRoom-2817,collision_gated_floor_prior,floor_prior_max1.8_mesh_p2_close0.75_far1.6,13,0,0.0,0.0,0.0,0.0
diningroom:1426a7e7-7805-43ca-b258-05c9b637375a_DiningRoom-2817,random_movement_matched_seed0,eg06_random_seed0,13,0,0.0,0.0,0.0,0.0
diningroom:1426a7e7-7805-43ca-b258-05c9b637375a_DiningRoom-2817,random_movement_matched_seed1,eg06_random_seed1,13,0,0.0,0.0,0.0,0.0
diningroom:1426a7e7-7805-43ca-b258-05c9b637375a_DiningRoom-2817,random_movement_matched_seed2,eg06_random_seed2,13,0,0.0,0.0,0.0,0.0
diningroom:1426a7e7-7805-43ca-b258-05c9b637375a_DiningRoom-2817,generic_relation_optimizer,eg06_generic_budget_matched,13,0,0.0,0.0,0.0,0.0
diningroom:15bed03e-d66d-4da2-8b8f-7dacde3d3d8b_DiningRoom-35065,collision_gated_floor_prior,floor_prior_max1.8_mesh_p2_close0.75_far1.6,8,0,0.0,0.0,0.0,0.0
diningroom:15bed03e-d66d-4da2-8b8f-7dacde3d3d8b_DiningRoom-35065,random_movement_matched_seed0,eg06_random_seed0,8,0,0.0,0.0,0.0,0.0
diningroom:15bed03e-d66d-4da2-8b8f-7dacde3d3d8b_DiningRoom-35065,random_movement_matched_seed1,eg06_random_seed1,8,0,0.0,0.0,0.0,0.0
diningroom:15bed03e-d66d-4da2-8b8f-7dacde3d3d8b_DiningRoom-35065,random_movement_matched_seed2,eg06_random_seed2,8,0,0.0,0.0,0.0,0.0
diningroom:15bed03e-d66d-4da2-8b8f-7dacde3d3d8b_DiningRoom-35065,generic_relation_optimizer,eg06_generic_budget_matched,8,0,0.0,0.0,0.0,0.0
diningroom:1638a636-f721-497f-930e-d141752cd5c9_LivingDiningRoom-37405,collision_gated_floor_prior,floor_prior_max1.8_mesh_p2_close0.75_far1.6,13,1,1.1219335217134592,1.1219335217134592,1.1219335217134592,1.1219335217134592
diningroom:1638a636-f721-497f-930e-d141752cd5c9_LivingDiningRoom-37405,random_movement_matched_seed0,eg06_random_seed0,13,1,1.121933521713459,1.121933521713459,1.1219335217134592,1.1219335217134592
diningroom:1638a636-f721-497f-930e-d141752cd5c9_LivingDiningRoom-37405,random_movement_matched_seed1,eg06_random_seed1,13,1,1.1219335217134592,1.1219335217134592,1.1219335217134592,1.1219335217134592
diningroom:1638a636-f721-497f-930e-d141752cd5c9_LivingDiningRoom-37405,random_movement_matched_seed2,eg06_random_seed2,13,1,1.121933521713459,1.121933521713459,1.1219335217134592,1.1219335217134592
diningroom:1638a636-f721-497f-930e-d141752cd5c9_LivingDiningRoom-37405,generic_relation_optimizer,eg06_generic_budget_matched,13,0,0.0,0.0,1.1219335217134592,1.1219335217134592
diningroom:1658b9ab-c1db-492f-8094-b12c44939e3d_DiningRoom-88173,collision_gated_floor_prior,floor_prior_max1.8_mesh_p2_close0.75_far1.6,6,0,0.0,0.0,0.0,0.0
diningroom:1658b9ab-c1db-492f-8094-b12c44939e3d_DiningRoom-88173,random_movement_matched_seed0,eg06_random_seed0,6,0,0.0,0.0,0.0,0.0
diningroom:1658b9ab-c1db-492f-8094-b12c44939e3d_DiningRoom-88173,random_movement_matched_seed1,eg06_random_seed1,6,0,0.0,0.0,0.0,0.0
diningroom:1658b9ab-c1db-492f-8094-b12c44939e3d_DiningRoom-88173,random_movement_matched_seed2,eg06_random_seed2,6,0,0.0,0.0,0.0,0.0
diningroom:1658b9ab-c1db-492f-8094-b12c44939e3d_DiningRoom-88173,generic_relation_optimizer,eg06_generic_budget_matched,6,0,0.0,0.0,0.0,0.0
diningroom:17ebf486-2858-4fdd-8cf8-92779089a6ae_DiningRoom-35093,collision_gated_floor_prior,floor_prior_max1.8_mesh_p2_close0.75_far1.6,8,0,0.0,0.0,0.0,0.0
diningroom:17ebf486-2858-4fdd-8cf8-92779089a6ae_DiningRoom-35093,random_movement_matched_seed0,eg06_random_seed0,8,0,0.0,0.0,0.0,0.0
diningroom:17ebf486-2858-4fdd-8cf8-92779089a6ae_DiningRoom-35093,random_movement_matched_seed1,eg06_random_seed1,8,0,0.0,0.0,0.0,0.0
diningroom:17ebf486-2858-4fdd-8cf8-92779089a6ae_DiningRoom-35093,random_movement_matched_seed2,eg06_random_seed2,8,0,0.0,0.0,0.0,0.0
diningroom:17ebf486-2858-4fdd-8cf8-92779089a6ae_DiningRoom-35093,generic_relation_optimizer,eg06_generic_budget_matched,8,0,0.0,0.0,0.0,0.0
diningroom:181ecd38-5ccd-45e9-a7ec-2c79f5b58e07_LivingDiningRoom-13945,collision_gated_floor_prior,floor_prior_max1.8_mesh_p2_close0.75_far1.6,13,0,0.0,0.0,0.0,0.0
diningroom:181ecd38-5ccd-45e9-a7ec-2c79f5b58e07_LivingDiningRoom-13945,random_movement_matched_seed0,eg06_random_seed0,13,0,0.0,0.0,0.0,0.0
diningroom:181ecd38-5ccd-45e9-a7ec-2c79f5b58e07_LivingDiningRoom-13945,random_movement_matched_seed1,eg06_random_seed1,13,0,0.0,0.0,0.0,0.0
diningroom:181ecd38-5ccd-45e9-a7ec-2c79f5b58e07_LivingDiningRoom-13945,random_movement_matched_seed2,eg06_random_seed2,13,0,0.0,0.0,0.0,0.0
diningroom:181ecd38-5ccd-45e9-a7ec-2c79f5b58e07_LivingDiningRoom-13945,generic_relation_optimizer,eg06_generic_budget_matched,13,0,0.0,0.0,0.0,0.0
diningroom:181fa1b2-dd7a-43c3-b09c-163924bb37de_LivingDiningRoom-758,collision_gated_floor_prior,floor_prior_max1.8_mesh_p2_close0.75_far1.6,17,0,0.0,0.0,0.0,0.0
diningroom:181fa1b2-dd7a-43c3-b09c-163924bb37de_LivingDiningRoom-758,random_movement_matched_seed0,eg06_random_seed0,17,0,0.0,0.0,0.0,0.0
diningroom:181fa1b2-dd7a-43c3-b09c-163924bb37de_LivingDiningRoom-758,random_movement_matched_seed1,eg06_random_seed1,17,0,0.0,0.0,0.0,0.0
diningroom:181fa1b2-dd7a-43c3-b09c-163924bb37de_LivingDiningRoom-758,random_movement_matched_seed2,eg06_random_seed2,17,0,0.0,0.0,0.0,0.0
diningroom:181fa1b2-dd7a-43c3-b09c-163924bb37de_LivingDiningRoom-758,generic_relation_optimizer,eg06_generic_budget_matched,17,0,0.0,0.0,0.0,0.0
diningroom:198eb9ec-9059-4e26-958e-dc8fb8187713_LivingDiningRoom-15286,collision_gated_floor_prior,floor_prior_max1.8_mesh_p2_close0.75_far1.6,13,0,0.0,0.0,0.0,0.0
diningroom:198eb9ec-9059-4e26-958e-dc8fb8187713_LivingDiningRoom-15286,random_movement_matched_seed0,eg06_random_seed0,13,0,0.0,0.0,0.0,0.0
diningroom:198eb9ec-9059-4e26-958e-dc8fb8187713_LivingDiningRoom-15286,random_movement_matched_seed1,eg06_random_seed1,13,0,0.0,0.0,0.0,0.0
diningroom:198eb9ec-9059-4e26-958e-dc8fb8187713_LivingDiningRoom-15286,random_movement_matched_seed2,eg06_random_seed2,13,0,0.0,0.0,0.0,0.0
diningroom:198eb9ec-9059-4e26-958e-dc8fb8187713_LivingDiningRoom-15286,generic_relation_optimizer,eg06_generic_budget_matched,13,0,0.0,0.0,0.0,0.0
diningroom:1cf94f82-50bc-4805-94d5-a8b52b66be31_LivingDiningRoom-54997,collision_gated_floor_prior,floor_prior_max1.8_mesh_p2_close0.75_far1.6,18,0,0.0,0.0,0.0,0.0
diningroom:1cf94f82-50bc-4805-94d5-a8b52b66be31_LivingDiningRoom-54997,random_movement_matched_seed0,eg06_random_seed0,18,0,0.0,0.0,0.0,0.0
diningroom:1cf94f82-50bc-4805-94d5-a8b52b66be31_LivingDiningRoom-54997,random_movement_matched_seed1,eg06_random_seed1,18,0,0.0,0.0,0.0,0.0
diningroom:1cf94f82-50bc-4805-94d5-a8b52b66be31_LivingDiningRoom-54997,random_movement_matched_seed2,eg06_random_seed2,18,0,0.0,0.0,0.0,0.0
diningroom:1cf94f82-50bc-4805-94d5-a8b52b66be31_LivingDiningRoom-54997,generic_relation_optimizer,eg06_generic_budget_matched,18,0,0.0,0.0,0.0,0.0
diningroom:1db2e62e-6516-47da-bc4d-6469ba619d2f_LivingDiningRoom-1654,collision_gated_floor_prior,floor_prior_max1.8_mesh_p2_close0.75_far1.6,18,0,0.0,0.0,0.0,0.0
diningroom:1db2e62e-6516-47da-bc4d-6469ba619d2f_LivingDiningRoom-1654,random_movement_matched_seed0,eg06_random_seed0,18,0,0.0,0.0,0.0,0.0
diningroom:1db2e62e-6516-47da-bc4d-6469ba619d2f_LivingDiningRoom-1654,random_movement_matched_seed1,eg06_random_seed1,18,0,0.0,0.0,0.0,0.0
diningroom:1db2e62e-6516-47da-bc4d-6469ba619d2f_LivingDiningRoom-1654,random_movement_matched_seed2,eg06_random_seed2,18,0,0.0,0.0,0.0,0.0
diningroom:1db2e62e-6516-47da-bc4d-6469ba619d2f_LivingDiningRoom-1654,generic_relation_optimizer,eg06_generic_budget_matched,18,0,0.0,0.0,0.0,0.0
diningroom:1fb8e3cb-c6be-4933-bcae-8e24c6c5fb61_DiningRoom-10302,collision_gated_floor_prior,floor_prior_max1.8_mesh_p2_close0.75_far1.6,8,1,0.40967540611124476,0.40967540611124476,0.40967540611124476,0.40967540611124476
diningroom:1fb8e3cb-c6be-4933-bcae-8e24c6c5fb61_DiningRoom-10302,random_movement_matched_seed0,eg06_random_seed0,8,1,0.40967540611124476,0.40967540611124476,0.40967540611124476,0.40967540611124476
diningroom:1fb8e3cb-c6be-4933-bcae-8e24c6c5fb61_DiningRoom-10302,random_movement_matched_seed1,eg06_random_seed1,8,1,0.40967540611124476,0.40967540611124476,0.40967540611124476,0.40967540611124476
diningroom:1fb8e3cb-c6be-4933-bcae-8e24c6c5fb61_DiningRoom-10302,random_movement_matched_seed2,eg06_random_seed2,8,1,0.40967540611124476,0.40967540611124476,0.40967540611124476,0.40967540611124476
diningroom:1fb8e3cb-c6be-4933-bcae-8e24c6c5fb61_DiningRoom-10302,generic_relation_optimizer,eg06_generic_budget_matched,8,0,0.0,0.0,0.40967540611124476,0.40967540611124476
diningroom:20e0f217-6f5a-4a9b-a9a2-5c1eef113c79_LivingDiningRoom-25199,collision_gated_floor_prior,floor_prior_max1.8_mesh_p2_close0.75_far1.6,17,0,0.0,0.0,0.0,0.0
diningroom:20e0f217-6f5a-4a9b-a9a2-5c1eef113c79_LivingDiningRoom-25199,random_movement_matched_seed0,eg06_random_seed0,17,0,0.0,0.0,0.0,0.0
diningroom:20e0f217-6f5a-4a9b-a9a2-5c1eef113c79_LivingDiningRoom-25199,random_movement_matched_seed1,eg06_random_seed1,17,0,0.0,0.0,0.0,0.0
diningroom:20e0f217-6f5a-4a9b-a9a2-5c1eef113c79_LivingDiningRoom-25199,random_movement_matched_seed2,eg06_random_seed2,17,0,0.0,0.0,0.0,0.0
diningroom:20e0f217-6f5a-4a9b-a9a2-5c1eef113c79_LivingDiningRoom-25199,generic_relation_optimizer,eg06_generic_budget_matched,17,0,0.0,0.0,0.0,0.0
diningroom:20e5f2e7-ab26-4119-b16a-5b7282ee0a70_DiningRoom-113004,collision_gated_floor_prior,floor_prior_max1.8_mesh_p2_close0.75_far1.6,6,0,0.0,0.0,0.0,0.0
diningroom:20e5f2e7-ab26-4119-b16a-5b7282ee0a70_DiningRoom-113004,random_movement_matched_seed0,eg06_random_seed0,6,0,0.0,0.0,0.0,0.0
diningroom:20e5f2e7-ab26-4119-b16a-5b7282ee0a70_DiningRoom-113004,random_movement_matched_seed1,eg06_random_seed1,6,0,0.0,0.0,0.0,0.0
diningroom:20e5f2e7-ab26-4119-b16a-5b7282ee0a70_DiningRoom-113004,random_movement_matched_seed2,eg06_random_seed2,6,0,0.0,0.0,0.0,0.0
diningroom:20e5f2e7-ab26-4119-b16a-5b7282ee0a70_DiningRoom-113004,generic_relation_optimizer,eg06_generic_budget_matched,6,0,0.0,0.0,0.0,0.0
diningroom:21569333-a837-4228-9440-bfbaf37cd57e_DiningRoom-22384,collision_gated_floor_prior,floor_prior_max1.8_mesh_p2_close0.75_far1.6,6,0,0.0,0.0,0.0,0.0
diningroom:21569333-a837-4228-9440-bfbaf37cd57e_DiningRoom-22384,random_movement_matched_seed0,eg06_random_seed0,6,0,0.0,0.0,0.0,0.0
diningroom:21569333-a837-4228-9440-bfbaf37cd57e_DiningRoom-22384,random_movement_matched_seed1,eg06_random_seed1,6,0,0.0,0.0,0.0,0.0
diningroom:21569333-a837-4228-9440-bfbaf37cd57e_DiningRoom-22384,random_movement_matched_seed2,eg06_random_seed2,6,0,0.0,0.0,0.0,0.0
diningroom:21569333-a837-4228-9440-bfbaf37cd57e_DiningRoom-22384,generic_relation_optimizer,eg06_generic_budget_matched,6,0,0.0,0.0,0.0,0.0
diningroom:2160a773-b01f-4521-9771-c8dcb024f203_DiningRoom-11145,collision_gated_floor_prior,floor_prior_max1.8_mesh_p2_close0.75_far1.6,10,0,0.0,0.0,0.0,0.0
diningroom:2160a773-b01f-4521-9771-c8dcb024f203_DiningRoom-11145,random_movement_matched_seed0,eg06_random_seed0,10,0,0.0,0.0,0.0,0.0
diningroom:2160a773-b01f-4521-9771-c8dcb024f203_DiningRoom-11145,random_movement_matched_seed1,eg06_random_seed1,10,0,0.0,0.0,0.0,0.0
diningroom:2160a773-b01f-4521-9771-c8dcb024f203_DiningRoom-11145,random_movement_matched_seed2,eg06_random_seed2,10,0,0.0,0.0,0.0,0.0
diningroom:2160a773-b01f-4521-9771-c8dcb024f203_DiningRoom-11145,generic_relation_optimizer,eg06_generic_budget_matched,10,0,0.0,0.0,0.0,0.0
diningroom:22029510-ee86-4d46-9182-b4f56a0d8f91_DiningRoom-10559,collision_gated_floor_prior,floor_prior_max1.8_mesh_p2_close0.75_far1.6,8,0,0.0,0.0,0.0,0.0
diningroom:22029510-ee86-4d46-9182-b4f56a0d8f91_DiningRoom-10559,random_movement_matched_seed0,eg06_random_seed0,8,0,0.0,0.0,0.0,0.0
diningroom:22029510-ee86-4d46-9182-b4f56a0d8f91_DiningRoom-10559,random_movement_matched_seed1,eg06_random_seed1,8,0,0.0,0.0,0.0,0.0
diningroom:22029510-ee86-4d46-9182-b4f56a0d8f91_DiningRoom-10559,random_movement_matched_seed2,eg06_random_seed2,8,0,0.0,0.0,0.0,0.0
diningroom:22029510-ee86-4d46-9182-b4f56a0d8f91_DiningRoom-10559,generic_relation_optimizer,eg06_generic_budget_matched,8,0,0.0,0.0,0.0,0.0
diningroom:22993c56-81b4-49c2-b0d5-3d5a0565067b_DiningRoom-85692,collision_gated_floor_prior,floor_prior_max1.8_mesh_p2_close0.75_far1.6,17,0,0.0,0.0,0.0,0.0
diningroom:22993c56-81b4-49c2-b0d5-3d5a0565067b_DiningRoom-85692,random_movement_matched_seed0,eg06_random_seed0,17,0,0.0,0.0,0.0,0.0
diningroom:22993c56-81b4-49c2-b0d5-3d5a0565067b_DiningRoom-85692,random_movement_matched_seed1,eg06_random_seed1,17,0,0.0,0.0,0.0,0.0
diningroom:22993c56-81b4-49c2-b0d5-3d5a0565067b_DiningRoom-85692,random_movement_matched_seed2,eg06_random_seed2,17,0,0.0,0.0,0.0,0.0
diningroom:22993c56-81b4-49c2-b0d5-3d5a0565067b_DiningRoom-85692,generic_relation_optimizer,eg06_generic_budget_matched,17,0,0.0,0.0,0.0,0.0
diningroom:234f5661-8d9e-499b-ae27-ee5dfe702e56_LivingDiningRoom-40062,collision_gated_floor_prior,floor_prior_max1.8_mesh_p2_close0.75_far1.6,12,0,0.0,0.0,0.0,0.0
diningroom:234f5661-8d9e-499b-ae27-ee5dfe702e56_LivingDiningRoom-40062,random_movement_matched_seed0,eg06_random_seed0,12,0,0.0,0.0,0.0,0.0
diningroom:234f5661-8d9e-499b-ae27-ee5dfe702e56_LivingDiningRoom-40062,random_movement_matched_seed1,eg06_random_seed1,12,0,0.0,0.0,0.0,0.0
diningroom:234f5661-8d9e-499b-ae27-ee5dfe702e56_LivingDiningRoom-40062,random_movement_matched_seed2,eg06_random_seed2,12,0,0.0,0.0,0.0,0.0
diningroom:234f5661-8d9e-499b-ae27-ee5dfe702e56_LivingDiningRoom-40062,generic_relation_optimizer,eg06_generic_budget_matched,12,0,0.0,0.0,0.0,0.0
diningroom:2439fa78-a76a-4e6b-acfc-26758a938472_LivingDiningRoom-13186,collision_gated_floor_prior,floor_prior_max1.8_mesh_p2_close0.75_far1.6,14,0,0.0,0.0,0.0,0.0
diningroom:2439fa78-a76a-4e6b-acfc-26758a938472_LivingDiningRoom-13186,random_movement_matched_seed0,eg06_random_seed0,14,0,0.0,0.0,0.0,0.0
diningroom:2439fa78-a76a-4e6b-acfc-26758a938472_LivingDiningRoom-13186,random_movement_matched_seed1,eg06_random_seed1,14,0,0.0,0.0,0.0,0.0
diningroom:2439fa78-a76a-4e6b-acfc-26758a938472_LivingDiningRoom-13186,random_movement_matched_seed2,eg06_random_seed2,14,0,0.0,0.0,0.0,0.0
diningroom:2439fa78-a76a-4e6b-acfc-26758a938472_LivingDiningRoom-13186,generic_relation_optimizer,eg06_generic_budget_matched,14,0,0.0,0.0,0.0,0.0
diningroom:247908e3-d84d-4743-9e31-a783464dd4ec_LivingDiningRoom-45341,collision_gated_floor_prior,floor_prior_max1.8_mesh_p2_close0.75_far1.6,17,0,0.0,0.0,0.0,0.0
diningroom:247908e3-d84d-4743-9e31-a783464dd4ec_LivingDiningRoom-45341,random_movement_matched_seed0,eg06_random_seed0,17,0,0.0,0.0,0.0,0.0
diningroom:247908e3-d84d-4743-9e31-a783464dd4ec_LivingDiningRoom-45341,random_movement_matched_seed1,eg06_random_seed1,17,0,0.0,0.0,0.0,0.0
diningroom:247908e3-d84d-4743-9e31-a783464dd4ec_LivingDiningRoom-45341,random_movement_matched_seed2,eg06_random_seed2,17,0,0.0,0.0,0.0,0.0
diningroom:247908e3-d84d-4743-9e31-a783464dd4ec_LivingDiningRoom-45341,generic_relation_optimizer,eg06_generic_budget_matched,17,0,0.0,0.0,0.0,0.0
diningroom:2513701f-f5ab-41b5-9d0b-af10956551bf_DiningRoom-12866,collision_gated_floor_prior,floor_prior_max1.8_mesh_p2_close0.75_far1.6,8,1,0.42776657483881514,0.42776657483881514,0.42776657483881514,0.42776657483881514
diningroom:2513701f-f5ab-41b5-9d0b-af10956551bf_DiningRoom-12866,random_movement_matched_seed0,eg06_random_seed0,8,1,0.4277665748388151,0.4277665748388151,0.42776657483881514,0.42776657483881514
diningroom:2513701f-f5ab-41b5-9d0b-af10956551bf_DiningRoom-12866,random_movement_matched_seed1,eg06_random_seed1,8,1,0.4277665748388151,0.4277665748388151,0.42776657483881514,0.42776657483881514
diningroom:2513701f-f5ab-41b5-9d0b-af10956551bf_DiningRoom-12866,random_movement_matched_seed2,eg06_random_seed2,8,1,0.42776657483881525,0.42776657483881525,0.42776657483881514,0.42776657483881514
diningroom:2513701f-f5ab-41b5-9d0b-af10956551bf_DiningRoom-12866,generic_relation_optimizer,eg06_generic_budget_matched,8,1,0.07458536965469498,0.07458536965469498,0.42776657483881514,0.42776657483881514
diningroom:256d7c62-a550-4dd1-a57b-541a2260bff2_DiningRoom-9824,collision_gated_floor_prior,floor_prior_max1.8_mesh_p2_close0.75_far1.6,8,0,0.0,0.0,0.0,0.0
diningroom:256d7c62-a550-4dd1-a57b-541a2260bff2_DiningRoom-9824,random_movement_matched_seed0,eg06_random_seed0,8,0,0.0,0.0,0.0,0.0
diningroom:256d7c62-a550-4dd1-a57b-541a2260bff2_DiningRoom-9824,random_movement_matched_seed1,eg06_random_seed1,8,0,0.0,0.0,0.0,0.0
diningroom:256d7c62-a550-4dd1-a57b-541a2260bff2_DiningRoom-9824,random_movement_matched_seed2,eg06_random_seed2,8,0,0.0,0.0,0.0,0.0
diningroom:256d7c62-a550-4dd1-a57b-541a2260bff2_DiningRoom-9824,generic_relation_optimizer,eg06_generic_budget_matched,8,0,0.0,0.0,0.0,0.0
diningroom:26146707-fd21-4520-b1fb-2ff93b2560e3_LivingDiningRoom-15610,collision_gated_floor_prior,floor_prior_max1.8_mesh_p2_close0.75_far1.6,16,0,0.0,0.0,0.0,0.0
diningroom:26146707-fd21-4520-b1fb-2ff93b2560e3_LivingDiningRoom-15610,random_movement_matched_seed0,eg06_random_seed0,16,0,0.0,0.0,0.0,0.0
diningroom:26146707-fd21-4520-b1fb-2ff93b2560e3_LivingDiningRoom-15610,random_movement_matched_seed1,eg06_random_seed1,16,0,0.0,0.0,0.0,0.0
diningroom:26146707-fd21-4520-b1fb-2ff93b2560e3_LivingDiningRoom-15610,random_movement_matched_seed2,eg06_random_seed2,16,0,0.0,0.0,0.0,0.0
diningroom:26146707-fd21-4520-b1fb-2ff93b2560e3_LivingDiningRoom-15610,generic_relation_optimizer,eg06_generic_budget_matched,16,0,0.0,0.0,0.0,0.0
diningroom:2812fec5-928d-4c55-abca-f805e9717739_DiningRoom-88590,collision_gated_floor_prior,floor_prior_max1.8_mesh_p2_close0.75_far1.6,8,1,1.1272748056016868,1.1272748056016868,1.1272748056016868,1.1272748056016868
diningroom:2812fec5-928d-4c55-abca-f805e9717739_DiningRoom-88590,random_movement_matched_seed0,eg06_random_seed0,8,1,1.1272748056016868,1.1272748056016868,1.1272748056016868,1.1272748056016868
diningroom:2812fec5-928d-4c55-abca-f805e9717739_DiningRoom-88590,random_movement_matched_seed1,eg06_random_seed1,8,1,1.1272748056016868,1.1272748056016868,1.1272748056016868,1.1272748056016868
diningroom:2812fec5-928d-4c55-abca-f805e9717739_DiningRoom-88590,random_movement_matched_seed2,eg06_random_seed2,8,1,1.1272748056016868,1.1272748056016868,1.1272748056016868,1.1272748056016868
diningroom:2812fec5-928d-4c55-abca-f805e9717739_DiningRoom-88590,generic_relation_optimizer,eg06_generic_budget_matched,8,0,0.0,0.0,1.1272748056016868,1.1272748056016868
diningroom:2b7bdb1f-48bf-4987-a420-b3887e7c4a2c_LivingDiningRoom-46222,collision_gated_floor_prior,floor_prior_max1.8_mesh_p2_close0.75_far1.6,17,0,0.0,0.0,0.0,0.0
diningroom:2b7bdb1f-48bf-4987-a420-b3887e7c4a2c_LivingDiningRoom-46222,random_movement_matched_seed0,eg06_random_seed0,17,0,0.0,0.0,0.0,0.0
diningroom:2b7bdb1f-48bf-4987-a420-b3887e7c4a2c_LivingDiningRoom-46222,random_movement_matched_seed1,eg06_random_seed1,17,0,0.0,0.0,0.0,0.0
diningroom:2b7bdb1f-48bf-4987-a420-b3887e7c4a2c_LivingDiningRoom-46222,random_movement_matched_seed2,eg06_random_seed2,17,0,0.0,0.0,0.0,0.0
diningroom:2b7bdb1f-48bf-4987-a420-b3887e7c4a2c_LivingDiningRoom-46222,generic_relation_optimizer,eg06_generic_budget_matched,17,0,0.0,0.0,0.0,0.0
diningroom:2deeee08-d427-4827-93cf-4314c594d488_LivingDiningRoom-20192,collision_gated_floor_prior,floor_prior_max1.8_mesh_p2_close0.75_far1.6,14,0,0.0,0.0,0.0,0.0
diningroom:2deeee08-d427-4827-93cf-4314c594d488_LivingDiningRoom-20192,random_movement_matched_seed0,eg06_random_seed0,14,0,0.0,0.0,0.0,0.0
diningroom:2deeee08-d427-4827-93cf-4314c594d488_LivingDiningRoom-20192,random_movement_matched_seed1,eg06_random_seed1,14,0,0.0,0.0,0.0,0.0
diningroom:2deeee08-d427-4827-93cf-4314c594d488_LivingDiningRoom-20192,random_movement_matched_seed2,eg06_random_seed2,14,0,0.0,0.0,0.0,0.0
diningroom:2deeee08-d427-4827-93cf-4314c594d488_LivingDiningRoom-20192,generic_relation_optimizer,eg06_generic_budget_matched,14,0,0.0,0.0,0.0,0.0
diningroom:312b2349-10f9-4ff3-bbee-ae179761c21d_DiningRoom-7217,collision_gated_floor_prior,floor_prior_max1.8_mesh_p2_close0.75_far1.6,6,0,0.0,0.0,0.0,0.0
diningroom:312b2349-10f9-4ff3-bbee-ae179761c21d_DiningRoom-7217,random_movement_matched_seed0,eg06_random_seed0,6,0,0.0,0.0,0.0,0.0
diningroom:312b2349-10f9-4ff3-bbee-ae179761c21d_DiningRoom-7217,random_movement_matched_seed1,eg06_random_seed1,6,0,0.0,0.0,0.0,0.0
diningroom:312b2349-10f9-4ff3-bbee-ae179761c21d_DiningRoom-7217,random_movement_matched_seed2,eg06_random_seed2,6,0,0.0,0.0,0.0,0.0
diningroom:312b2349-10f9-4ff3-bbee-ae179761c21d_DiningRoom-7217,generic_relation_optimizer,eg06_generic_budget_matched,6,0,0.0,0.0,0.0,0.0
diningroom:328ada87-9de8-4283-879d-58bffe5eb37a_LivingDiningRoom-5343,collision_gated_floor_prior,floor_prior_max1.8_mesh_p2_close0.75_far1.6,8,0,0.0,0.0,0.0,0.0
diningroom:328ada87-9de8-4283-879d-58bffe5eb37a_LivingDiningRoom-5343,random_movement_matched_seed0,eg06_random_seed0,8,0,0.0,0.0,0.0,0.0
diningroom:328ada87-9de8-4283-879d-58bffe5eb37a_LivingDiningRoom-5343,random_movement_matched_seed1,eg06_random_seed1,8,0,0.0,0.0,0.0,0.0
diningroom:328ada87-9de8-4283-879d-58bffe5eb37a_LivingDiningRoom-5343,random_movement_matched_seed2,eg06_random_seed2,8,0,0.0,0.0,0.0,0.0
diningroom:328ada87-9de8-4283-879d-58bffe5eb37a_LivingDiningRoom-5343,generic_relation_optimizer,eg06_generic_budget_matched,8,0,0.0,0.0,0.0,0.0
diningroom:33635b59-7c01-4e50-8c68-a401b3563182_LivingDiningRoom-10681,collision_gated_floor_prior,floor_prior_max1.8_mesh_p2_close0.75_far1.6,10,0,0.0,0.0,0.0,0.0
diningroom:33635b59-7c01-4e50-8c68-a401b3563182_LivingDiningRoom-10681,random_movement_matched_seed0,eg06_random_seed0,10,0,0.0,0.0,0.0,0.0
diningroom:33635b59-7c01-4e50-8c68-a401b3563182_LivingDiningRoom-10681,random_movement_matched_seed1,eg06_random_seed1,10,0,0.0,0.0,0.0,0.0
diningroom:33635b59-7c01-4e50-8c68-a401b3563182_LivingDiningRoom-10681,random_movement_matched_seed2,eg06_random_seed2,10,0,0.0,0.0,0.0,0.0
diningroom:33635b59-7c01-4e50-8c68-a401b3563182_LivingDiningRoom-10681,generic_relation_optimizer,eg06_generic_budget_matched,10,0,0.0,0.0,0.0,0.0
diningroom:350388e2-7c93-45e9-bcc8-6a0a5165dab0_LivingDiningRoom-34640,collision_gated_floor_prior,floor_prior_max1.8_mesh_p2_close0.75_far1.6,15,0,0.0,0.0,0.0,0.0
diningroom:350388e2-7c93-45e9-bcc8-6a0a5165dab0_LivingDiningRoom-34640,random_movement_matched_seed0,eg06_random_seed0,15,0,0.0,0.0,0.0,0.0
diningroom:350388e2-7c93-45e9-bcc8-6a0a5165dab0_LivingDiningRoom-34640,random_movement_matched_seed1,eg06_random_seed1,15,0,0.0,0.0,0.0,0.0
diningroom:350388e2-7c93-45e9-bcc8-6a0a5165dab0_LivingDiningRoom-34640,random_movement_matched_seed2,eg06_random_seed2,15,0,0.0,0.0,0.0,0.0
diningroom:350388e2-7c93-45e9-bcc8-6a0a5165dab0_LivingDiningRoom-34640,generic_relation_optimizer,eg06_generic_budget_matched,15,0,0.0,0.0,0.0,0.0
diningroom:35970ff6-4588-4bcf-8461-16448f1d0650_LivingDiningRoom-233,collision_gated_floor_prior,floor_prior_max1.8_mesh_p2_close0.75_far1.6,17,0,0.0,0.0,0.0,0.0
diningroom:35970ff6-4588-4bcf-8461-16448f1d0650_LivingDiningRoom-233,random_movement_matched_seed0,eg06_random_seed0,17,0,0.0,0.0,0.0,0.0
diningroom:35970ff6-4588-4bcf-8461-16448f1d0650_LivingDiningRoom-233,random_movement_matched_seed1,eg06_random_seed1,17,0,0.0,0.0,0.0,0.0
diningroom:35970ff6-4588-4bcf-8461-16448f1d0650_LivingDiningRoom-233,random_movement_matched_seed2,eg06_random_seed2,17,0,0.0,0.0,0.0,0.0
diningroom:35970ff6-4588-4bcf-8461-16448f1d0650_LivingDiningRoom-233,generic_relation_optimizer,eg06_generic_budget_matched,17,0,0.0,0.0,0.0,0.0
diningroom:36c2c33b-73f2-47d5-881e-2fa359198b9a_LivingDiningRoom-35401,collision_gated_floor_prior,floor_prior_max1.8_mesh_p2_close0.75_far1.6,9,0,0.0,0.0,0.0,0.0
diningroom:36c2c33b-73f2-47d5-881e-2fa359198b9a_LivingDiningRoom-35401,random_movement_matched_seed0,eg06_random_seed0,9,0,0.0,0.0,0.0,0.0
diningroom:36c2c33b-73f2-47d5-881e-2fa359198b9a_LivingDiningRoom-35401,random_movement_matched_seed1,eg06_random_seed1,9,0,0.0,0.0,0.0,0.0
diningroom:36c2c33b-73f2-47d5-881e-2fa359198b9a_LivingDiningRoom-35401,random_movement_matched_seed2,eg06_random_seed2,9,0,0.0,0.0,0.0,0.0
diningroom:36c2c33b-73f2-47d5-881e-2fa359198b9a_LivingDiningRoom-35401,generic_relation_optimizer,eg06_generic_budget_matched,9,0,0.0,0.0,0.0,0.0
diningroom:37fee753-1c40-4784-ab50-4f5d72df6f65_DiningRoom-19325,collision_gated_floor_prior,floor_prior_max1.8_mesh_p2_close0.75_far1.6,13,1,0.34677880973493974,0.34677880973493974,0.34677880973493974,0.34677880973493974
diningroom:37fee753-1c40-4784-ab50-4f5d72df6f65_DiningRoom-19325,random_movement_matched_seed0,eg06_random_seed0,13,1,0.3467788097349397,0.3467788097349397,0.34677880973493974,0.34677880973493974
diningroom:37fee753-1c40-4784-ab50-4f5d72df6f65_DiningRoom-19325,random_movement_matched_seed1,eg06_random_seed1,13,1,0.3467788097349397,0.3467788097349397,0.34677880973493974,0.34677880973493974
diningroom:37fee753-1c40-4784-ab50-4f5d72df6f65_DiningRoom-19325,random_movement_matched_seed2,eg06_random_seed2,13,1,0.34677880973493974,0.34677880973493974,0.34677880973493974,0.34677880973493974
diningroom:37fee753-1c40-4784-ab50-4f5d72df6f65_DiningRoom-19325,generic_relation_optimizer,eg06_generic_budget_matched,13,0,0.0,0.0,0.34677880973493974,0.34677880973493974
diningroom:3c47589f-313d-4bac-abee-830161a278f0_LivingDiningRoom-109935,collision_gated_floor_prior,floor_prior_max1.8_mesh_p2_close0.75_far1.6,15,0,0.0,0.0,0.0,0.0
diningroom:3c47589f-313d-4bac-abee-830161a278f0_LivingDiningRoom-109935,random_movement_matched_seed0,eg06_random_seed0,15,0,0.0,0.0,0.0,0.0
diningroom:3c47589f-313d-4bac-abee-830161a278f0_LivingDiningRoom-109935,random_movement_matched_seed1,eg06_random_seed1,15,0,0.0,0.0,0.0,0.0
diningroom:3c47589f-313d-4bac-abee-830161a278f0_LivingDiningRoom-109935,random_movement_matched_seed2,eg06_random_seed2,15,0,0.0,0.0,0.0,0.0
diningroom:3c47589f-313d-4bac-abee-830161a278f0_LivingDiningRoom-109935,generic_relation_optimizer,eg06_generic_budget_matched,15,0,0.0,0.0,0.0,0.0
diningroom:3c7b86d5-3af6-4748-b9a1-cf45b85b1d1b_DiningRoom-27933,collision_gated_floor_prior,floor_prior_max1.8_mesh_p2_close0.75_far1.6,7,1,1.3262807850260991,1.3262807850260991,1.3262807850260991,1.3262807850260991
diningroom:3c7b86d5-3af6-4748-b9a1-cf45b85b1d1b_DiningRoom-27933,random_movement_matched_seed0,eg06_random_seed0,7,1,1.326280785026099,1.326280785026099,1.3262807850260991,1.3262807850260991
diningroom:3c7b86d5-3af6-4748-b9a1-cf45b85b1d1b_DiningRoom-27933,random_movement_matched_seed1,eg06_random_seed1,7,1,1.3262807850260991,1.3262807850260991,1.3262807850260991,1.3262807850260991
diningroom:3c7b86d5-3af6-4748-b9a1-cf45b85b1d1b_DiningRoom-27933,random_movement_matched_seed2,eg06_random_seed2,7,1,1.326280785026099,1.326280785026099,1.3262807850260991,1.3262807850260991
diningroom:3c7b86d5-3af6-4748-b9a1-cf45b85b1d1b_DiningRoom-27933,generic_relation_optimizer,eg06_generic_budget_matched,7,1,1.3136927477885227,1.3136927477885227,1.3262807850260991,1.3262807850260991
diningroom:3e038beb-1cf4-4a16-8775-cf225873aca9_LivingDiningRoom-8049,collision_gated_floor_prior,floor_prior_max1.8_mesh_p2_close0.75_far1.6,9,0,0.0,0.0,0.0,0.0
diningroom:3e038beb-1cf4-4a16-8775-cf225873aca9_LivingDiningRoom-8049,random_movement_matched_seed0,eg06_random_seed0,9,0,0.0,0.0,0.0,0.0
diningroom:3e038beb-1cf4-4a16-8775-cf225873aca9_LivingDiningRoom-8049,random_movement_matched_seed1,eg06_random_seed1,9,0,0.0,0.0,0.0,0.0
diningroom:3e038beb-1cf4-4a16-8775-cf225873aca9_LivingDiningRoom-8049,random_movement_matched_seed2,eg06_random_seed2,9,0,0.0,0.0,0.0,0.0
diningroom:3e038beb-1cf4-4a16-8775-cf225873aca9_LivingDiningRoom-8049,generic_relation_optimizer,eg06_generic_budget_matched,9,0,0.0,0.0,0.0,0.0
diningroom:3fc88ba8-7ea3-4653-892f-83667812c78a_LivingDiningRoom-76396,collision_gated_floor_prior,floor_prior_max1.8_mesh_p2_close0.75_far1.6,15,0,0.0,0.0,0.0,0.0
diningroom:3fc88ba8-7ea3-4653-892f-83667812c78a_LivingDiningRoom-76396,random_movement_matched_seed0,eg06_random_seed0,15,0,0.0,0.0,0.0,0.0
diningroom:3fc88ba8-7ea3-4653-892f-83667812c78a_LivingDiningRoom-76396,random_movement_matched_seed1,eg06_random_seed1,15,0,0.0,0.0,0.0,0.0
diningroom:3fc88ba8-7ea3-4653-892f-83667812c78a_LivingDiningRoom-76396,random_movement_matched_seed2,eg06_random_seed2,15,0,0.0,0.0,0.0,0.0
diningroom:3fc88ba8-7ea3-4653-892f-83667812c78a_LivingDiningRoom-76396,generic_relation_optimizer,eg06_generic_budget_matched,15,0,0.0,0.0,0.0,0.0
diningroom:3fde61aa-d606-4c6a-8c79-0762d11cd33b_LivingDiningRoom-61638,collision_gated_floor_prior,floor_prior_max1.8_mesh_p2_close0.75_far1.6,18,0,0.0,0.0,0.0,0.0
diningroom:3fde61aa-d606-4c6a-8c79-0762d11cd33b_LivingDiningRoom-61638,random_movement_matched_seed0,eg06_random_seed0,18,0,0.0,0.0,0.0,0.0
diningroom:3fde61aa-d606-4c6a-8c79-0762d11cd33b_LivingDiningRoom-61638,random_movement_matched_seed1,eg06_random_seed1,18,0,0.0,0.0,0.0,0.0
diningroom:3fde61aa-d606-4c6a-8c79-0762d11cd33b_LivingDiningRoom-61638,random_movement_matched_seed2,eg06_random_seed2,18,0,0.0,0.0,0.0,0.0
diningroom:3fde61aa-d606-4c6a-8c79-0762d11cd33b_LivingDiningRoom-61638,generic_relation_optimizer,eg06_generic_budget_matched,18,0,0.0,0.0,0.0,0.0
diningroom:401a9c00-571c-491d-a2c6-2201b964ca79_LivingDiningRoom-18728,collision_gated_floor_prior,floor_prior_max1.8_mesh_p2_close0.75_far1.6,11,0,0.0,0.0,0.0,0.0
diningroom:401a9c00-571c-491d-a2c6-2201b964ca79_LivingDiningRoom-18728,random_movement_matched_seed0,eg06_random_seed0,11,0,0.0,0.0,0.0,0.0
diningroom:401a9c00-571c-491d-a2c6-2201b964ca79_LivingDiningRoom-18728,random_movement_matched_seed1,eg06_random_seed1,11,0,0.0,0.0,0.0,0.0
diningroom:401a9c00-571c-491d-a2c6-2201b964ca79_LivingDiningRoom-18728,random_movement_matched_seed2,eg06_random_seed2,11,0,0.0,0.0,0.0,0.0
diningroom:401a9c00-571c-491d-a2c6-2201b964ca79_LivingDiningRoom-18728,generic_relation_optimizer,eg06_generic_budget_matched,11,0,0.0,0.0,0.0,0.0
diningroom:43907bbc-4b39-4f1a-8747-3287c8bce690_LivingDiningRoom-46747,collision_gated_floor_prior,floor_prior_max1.8_mesh_p2_close0.75_far1.6,17,0,0.0,0.0,0.0,0.0
diningroom:43907bbc-4b39-4f1a-8747-3287c8bce690_LivingDiningRoom-46747,random_movement_matched_seed0,eg06_random_seed0,17,0,0.0,0.0,0.0,0.0
diningroom:43907bbc-4b39-4f1a-8747-3287c8bce690_LivingDiningRoom-46747,random_movement_matched_seed1,eg06_random_seed1,17,0,0.0,0.0,0.0,0.0
diningroom:43907bbc-4b39-4f1a-8747-3287c8bce690_LivingDiningRoom-46747,random_movement_matched_seed2,eg06_random_seed2,17,0,0.0,0.0,0.0,0.0
diningroom:43907bbc-4b39-4f1a-8747-3287c8bce690_LivingDiningRoom-46747,generic_relation_optimizer,eg06_generic_budget_matched,17,0,0.0,0.0,0.0,0.0
diningroom:43c9cf5d-4c59-4130-bbc5-dd9c6ec4c4d0_LivingDiningRoom-34404,collision_gated_floor_prior,floor_prior_max1.8_mesh_p2_close0.75_far1.6,16,0,0.0,0.0,0.0,0.0
diningroom:43c9cf5d-4c59-4130-bbc5-dd9c6ec4c4d0_LivingDiningRoom-34404,random_movement_matched_seed0,eg06_random_seed0,16,0,0.0,0.0,0.0,0.0
diningroom:43c9cf5d-4c59-4130-bbc5-dd9c6ec4c4d0_LivingDiningRoom-34404,random_movement_matched_seed1,eg06_random_seed1,16,0,0.0,0.0,0.0,0.0
diningroom:43c9cf5d-4c59-4130-bbc5-dd9c6ec4c4d0_LivingDiningRoom-34404,random_movement_matched_seed2,eg06_random_seed2,16,0,0.0,0.0,0.0,0.0
diningroom:43c9cf5d-4c59-4130-bbc5-dd9c6ec4c4d0_LivingDiningRoom-34404,generic_relation_optimizer,eg06_generic_budget_matched,16,0,0.0,0.0,0.0,0.0
diningroom:48812187-9207-4686-9f6e-e8e1e97eeabd_DiningRoom-9630,collision_gated_floor_prior,floor_prior_max1.8_mesh_p2_close0.75_far1.6,8,0,0.0,0.0,0.0,0.0
diningroom:48812187-9207-4686-9f6e-e8e1e97eeabd_DiningRoom-9630,random_movement_matched_seed0,eg06_random_seed0,8,0,0.0,0.0,0.0,0.0
diningroom:48812187-9207-4686-9f6e-e8e1e97eeabd_DiningRoom-9630,random_movement_matched_seed1,eg06_random_seed1,8,0,0.0,0.0,0.0,0.0
diningroom:48812187-9207-4686-9f6e-e8e1e97eeabd_DiningRoom-9630,random_movement_matched_seed2,eg06_random_seed2,8,0,0.0,0.0,0.0,0.0
diningroom:48812187-9207-4686-9f6e-e8e1e97eeabd_DiningRoom-9630,generic_relation_optimizer,eg06_generic_budget_matched,8,0,0.0,0.0,0.0,0.0
diningroom:4b1513de-23df-43b3-866f-ef10c1c09d58_LivingDiningRoom-14482,collision_gated_floor_prior,floor_prior_max1.8_mesh_p2_close0.75_far1.6,18,1,0.08557032028845957,0.08557032028845957,0.08557032028845957,0.08557032028845957
diningroom:4b1513de-23df-43b3-866f-ef10c1c09d58_LivingDiningRoom-14482,random_movement_matched_seed0,eg06_random_seed0,18,1,0.08557032028845968,0.08557032028845968,0.08557032028845957,0.08557032028845957
diningroom:4b1513de-23df-43b3-866f-ef10c1c09d58_LivingDiningRoom-14482,random_movement_matched_seed1,eg06_random_seed1,18,1,0.08557032028845965,0.08557032028845965,0.08557032028845957,0.08557032028845957
diningroom:4b1513de-23df-43b3-866f-ef10c1c09d58_LivingDiningRoom-14482,random_movement_matched_seed2,eg06_random_seed2,18,1,0.0855703202884595,0.0855703202884595,0.08557032028845957,0.08557032028845957
diningroom:4b1513de-23df-43b3-866f-ef10c1c09d58_LivingDiningRoom-14482,generic_relation_optimizer,eg06_generic_budget_matched,18,0,0.0,0.0,0.08557032028845957,0.08557032028845957
diningroom:4dada95f-ed81-4d19-83c9-c39b765e0cf3_DiningRoom-225770,collision_gated_floor_prior,floor_prior_max1.8_mesh_p2_close0.75_far1.6,8,0,0.0,0.0,0.0,0.0
diningroom:4dada95f-ed81-4d19-83c9-c39b765e0cf3_DiningRoom-225770,random_movement_matched_seed0,eg06_random_seed0,8,0,0.0,0.0,0.0,0.0
diningroom:4dada95f-ed81-4d19-83c9-c39b765e0cf3_DiningRoom-225770,random_movement_matched_seed1,eg06_random_seed1,8,0,0.0,0.0,0.0,0.0
diningroom:4dada95f-ed81-4d19-83c9-c39b765e0cf3_DiningRoom-225770,random_movement_matched_seed2,eg06_random_seed2,8,0,0.0,0.0,0.0,0.0
diningroom:4dada95f-ed81-4d19-83c9-c39b765e0cf3_DiningRoom-225770,generic_relation_optimizer,eg06_generic_budget_matched,8,0,0.0,0.0,0.0,0.0
diningroom:5130545c-cb6d-4547-b120-5815531c8589_DiningRoom-116178,collision_gated_floor_prior,floor_prior_max1.8_mesh_p2_close0.75_far1.6,10,0,0.0,0.0,0.0,0.0
diningroom:5130545c-cb6d-4547-b120-5815531c8589_DiningRoom-116178,random_movement_matched_seed0,eg06_random_seed0,10,0,0.0,0.0,0.0,0.0
diningroom:5130545c-cb6d-4547-b120-5815531c8589_DiningRoom-116178,random_movement_matched_seed1,eg06_random_seed1,10,0,0.0,0.0,0.0,0.0
diningroom:5130545c-cb6d-4547-b120-5815531c8589_DiningRoom-116178,random_movement_matched_seed2,eg06_random_seed2,10,0,0.0,0.0,0.0,0.0
diningroom:5130545c-cb6d-4547-b120-5815531c8589_DiningRoom-116178,generic_relation_optimizer,eg06_generic_budget_matched,10,0,0.0,0.0,0.0,0.0
diningroom:54234f8f-0f41-47d8-911f-506320aa75c0_DiningRoom-22156,collision_gated_floor_prior,floor_prior_max1.8_mesh_p2_close0.75_far1.6,8,0,0.0,0.0,0.0,0.0
diningroom:54234f8f-0f41-47d8-911f-506320aa75c0_DiningRoom-22156,random_movement_matched_seed0,eg06_random_seed0,8,0,0.0,0.0,0.0,0.0
diningroom:54234f8f-0f41-47d8-911f-506320aa75c0_DiningRoom-22156,random_movement_matched_seed1,eg06_random_seed1,8,0,0.0,0.0,0.0,0.0
diningroom:54234f8f-0f41-47d8-911f-506320aa75c0_DiningRoom-22156,random_movement_matched_seed2,eg06_random_seed2,8,0,0.0,0.0,0.0,0.0
diningroom:54234f8f-0f41-47d8-911f-506320aa75c0_DiningRoom-22156,generic_relation_optimizer,eg06_generic_budget_matched,8,0,0.0,0.0,0.0,0.0
diningroom:544a06d5-aa97-4740-8ef3-ed8520b5226e_LivingDiningRoom-2349,collision_gated_floor_prior,floor_prior_max1.8_mesh_p2_close0.75_far1.6,14,0,0.0,0.0,0.0,0.0
diningroom:544a06d5-aa97-4740-8ef3-ed8520b5226e_LivingDiningRoom-2349,random_movement_matched_seed0,eg06_random_seed0,14,0,0.0,0.0,0.0,0.0
diningroom:544a06d5-aa97-4740-8ef3-ed8520b5226e_LivingDiningRoom-2349,random_movement_matched_seed1,eg06_random_seed1,14,0,0.0,0.0,0.0,0.0
diningroom:544a06d5-aa97-4740-8ef3-ed8520b5226e_LivingDiningRoom-2349,random_movement_matched_seed2,eg06_random_seed2,14,0,0.0,0.0,0.0,0.0
diningroom:544a06d5-aa97-4740-8ef3-ed8520b5226e_LivingDiningRoom-2349,generic_relation_optimizer,eg06_generic_budget_matched,14,0,0.0,0.0,0.0,0.0
diningroom:54602e77-2ebd-4198-af5b-be0e1f75b806_LivingDiningRoom-15430,collision_gated_floor_prior,floor_prior_max1.8_mesh_p2_close0.75_far1.6,16,0,0.0,0.0,0.0,0.0
diningroom:54602e77-2ebd-4198-af5b-be0e1f75b806_LivingDiningRoom-15430,random_movement_matched_seed0,eg06_random_seed0,16,0,0.0,0.0,0.0,0.0
diningroom:54602e77-2ebd-4198-af5b-be0e1f75b806_LivingDiningRoom-15430,random_movement_matched_seed1,eg06_random_seed1,16,0,0.0,0.0,0.0,0.0
diningroom:54602e77-2ebd-4198-af5b-be0e1f75b806_LivingDiningRoom-15430,random_movement_matched_seed2,eg06_random_seed2,16,0,0.0,0.0,0.0,0.0
diningroom:54602e77-2ebd-4198-af5b-be0e1f75b806_LivingDiningRoom-15430,generic_relation_optimizer,eg06_generic_budget_matched,16,0,0.0,0.0,0.0,0.0
diningroom:555d38a7-689e-4340-ae91-a9a1dd650216_LivingDiningRoom-26885,collision_gated_floor_prior,floor_prior_max1.8_mesh_p2_close0.75_far1.6,14,0,0.0,0.0,0.0,0.0
diningroom:555d38a7-689e-4340-ae91-a9a1dd650216_LivingDiningRoom-26885,random_movement_matched_seed0,eg06_random_seed0,14,0,0.0,0.0,0.0,0.0
diningroom:555d38a7-689e-4340-ae91-a9a1dd650216_LivingDiningRoom-26885,random_movement_matched_seed1,eg06_random_seed1,14,0,0.0,0.0,0.0,0.0
diningroom:555d38a7-689e-4340-ae91-a9a1dd650216_LivingDiningRoom-26885,random_movement_matched_seed2,eg06_random_seed2,14,0,0.0,0.0,0.0,0.0
diningroom:555d38a7-689e-4340-ae91-a9a1dd650216_LivingDiningRoom-26885,generic_relation_optimizer,eg06_generic_budget_matched,14,0,0.0,0.0,0.0,0.0
diningroom:5688d36e-44d9-4420-9a4a-501418b5f2b8_LivingDiningRoom-62089,collision_gated_floor_prior,floor_prior_max1.8_mesh_p2_close0.75_far1.6,15,0,0.0,0.0,0.0,0.0
diningroom:5688d36e-44d9-4420-9a4a-501418b5f2b8_LivingDiningRoom-62089,random_movement_matched_seed0,eg06_random_seed0,15,0,0.0,0.0,0.0,0.0
diningroom:5688d36e-44d9-4420-9a4a-501418b5f2b8_LivingDiningRoom-62089,random_movement_matched_seed1,eg06_random_seed1,15,0,0.0,0.0,0.0,0.0
diningroom:5688d36e-44d9-4420-9a4a-501418b5f2b8_LivingDiningRoom-62089,random_movement_matched_seed2,eg06_random_seed2,15,0,0.0,0.0,0.0,0.0
diningroom:5688d36e-44d9-4420-9a4a-501418b5f2b8_LivingDiningRoom-62089,generic_relation_optimizer,eg06_generic_budget_matched,15,0,0.0,0.0,0.0,0.0
diningroom:56ef3577-9ca2-43b9-8971-47d6c88e1008_LivingDiningRoom-35769,collision_gated_floor_prior,floor_prior_max1.8_mesh_p2_close0.75_far1.6,13,0,0.0,0.0,0.0,0.0
diningroom:56ef3577-9ca2-43b9-8971-47d6c88e1008_LivingDiningRoom-35769,random_movement_matched_seed0,eg06_random_seed0,13,0,0.0,0.0,0.0,0.0
diningroom:56ef3577-9ca2-43b9-8971-47d6c88e1008_LivingDiningRoom-35769,random_movement_matched_seed1,eg06_random_seed1,13,0,0.0,0.0,0.0,0.0
diningroom:56ef3577-9ca2-43b9-8971-47d6c88e1008_LivingDiningRoom-35769,random_movement_matched_seed2,eg06_random_seed2,13,0,0.0,0.0,0.0,0.0
diningroom:56ef3577-9ca2-43b9-8971-47d6c88e1008_LivingDiningRoom-35769,generic_relation_optimizer,eg06_generic_budget_matched,13,0,0.0,0.0,0.0,0.0
diningroom:57aca5c1-cbe5-4df7-922e-6c6cf9ba2a0e_DiningRoom-22308,collision_gated_floor_prior,floor_prior_max1.8_mesh_p2_close0.75_far1.6,7,0,0.0,0.0,0.0,0.0
diningroom:57aca5c1-cbe5-4df7-922e-6c6cf9ba2a0e_DiningRoom-22308,random_movement_matched_seed0,eg06_random_seed0,7,0,0.0,0.0,0.0,0.0
diningroom:57aca5c1-cbe5-4df7-922e-6c6cf9ba2a0e_DiningRoom-22308,random_movement_matched_seed1,eg06_random_seed1,7,0,0.0,0.0,0.0,0.0
diningroom:57aca5c1-cbe5-4df7-922e-6c6cf9ba2a0e_DiningRoom-22308,random_movement_matched_seed2,eg06_random_seed2,7,0,0.0,0.0,0.0,0.0
diningroom:57aca5c1-cbe5-4df7-922e-6c6cf9ba2a0e_DiningRoom-22308,generic_relation_optimizer,eg06_generic_budget_matched,7,0,0.0,0.0,0.0,0.0
diningroom:57b535e1-49e2-46f0-a54d-a3e50fe9c413_LivingDiningRoom-2729,collision_gated_floor_prior,floor_prior_max1.8_mesh_p2_close0.75_far1.6,17,0,0.0,0.0,0.0,0.0
diningroom:57b535e1-49e2-46f0-a54d-a3e50fe9c413_LivingDiningRoom-2729,random_movement_matched_seed0,eg06_random_seed0,17,0,0.0,0.0,0.0,0.0
diningroom:57b535e1-49e2-46f0-a54d-a3e50fe9c413_LivingDiningRoom-2729,random_movement_matched_seed1,eg06_random_seed1,17,0,0.0,0.0,0.0,0.0
diningroom:57b535e1-49e2-46f0-a54d-a3e50fe9c413_LivingDiningRoom-2729,random_movement_matched_seed2,eg06_random_seed2,17,0,0.0,0.0,0.0,0.0
diningroom:57b535e1-49e2-46f0-a54d-a3e50fe9c413_LivingDiningRoom-2729,generic_relation_optimizer,eg06_generic_budget_matched,17,0,0.0,0.0,0.0,0.0
diningroom:58064c7d-8e8b-4149-9b3a-672cf22d4733_DiningRoom-11336,collision_gated_floor_prior,floor_prior_max1.8_mesh_p2_close0.75_far1.6,7,0,0.0,0.0,0.0,0.0
diningroom:58064c7d-8e8b-4149-9b3a-672cf22d4733_DiningRoom-11336,random_movement_matched_seed0,eg06_random_seed0,7,0,0.0,0.0,0.0,0.0
diningroom:58064c7d-8e8b-4149-9b3a-672cf22d4733_DiningRoom-11336,random_movement_matched_seed1,eg06_random_seed1,7,0,0.0,0.0,0.0,0.0
diningroom:58064c7d-8e8b-4149-9b3a-672cf22d4733_DiningRoom-11336,random_movement_matched_seed2,eg06_random_seed2,7,0,0.0,0.0,0.0,0.0
diningroom:58064c7d-8e8b-4149-9b3a-672cf22d4733_DiningRoom-11336,generic_relation_optimizer,eg06_generic_budget_matched,7,0,0.0,0.0,0.0,0.0
diningroom:580bb871-f446-438a-9cde-3d970affe421_LivingDiningRoom-9462,collision_gated_floor_prior,floor_prior_max1.8_mesh_p2_close0.75_far1.6,13,0,0.0,0.0,0.0,0.0
diningroom:580bb871-f446-438a-9cde-3d970affe421_LivingDiningRoom-9462,random_movement_matched_seed0,eg06_random_seed0,13,0,0.0,0.0,0.0,0.0
diningroom:580bb871-f446-438a-9cde-3d970affe421_LivingDiningRoom-9462,random_movement_matched_seed1,eg06_random_seed1,13,0,0.0,0.0,0.0,0.0
diningroom:580bb871-f446-438a-9cde-3d970affe421_LivingDiningRoom-9462,random_movement_matched_seed2,eg06_random_seed2,13,0,0.0,0.0,0.0,0.0
diningroom:580bb871-f446-438a-9cde-3d970affe421_LivingDiningRoom-9462,generic_relation_optimizer,eg06_generic_budget_matched,13,0,0.0,0.0,0.0,0.0
diningroom:5a70accd-61ca-45d0-86cb-ded3e35c85f3_LivingDiningRoom-19784,collision_gated_floor_prior,floor_prior_max1.8_mesh_p2_close0.75_far1.6,11,0,0.0,0.0,0.0,0.0
diningroom:5a70accd-61ca-45d0-86cb-ded3e35c85f3_LivingDiningRoom-19784,random_movement_matched_seed0,eg06_random_seed0,11,0,0.0,0.0,0.0,0.0
diningroom:5a70accd-61ca-45d0-86cb-ded3e35c85f3_LivingDiningRoom-19784,random_movement_matched_seed1,eg06_random_seed1,11,0,0.0,0.0,0.0,0.0
diningroom:5a70accd-61ca-45d0-86cb-ded3e35c85f3_LivingDiningRoom-19784,random_movement_matched_seed2,eg06_random_seed2,11,0,0.0,0.0,0.0,0.0
diningroom:5a70accd-61ca-45d0-86cb-ded3e35c85f3_LivingDiningRoom-19784,generic_relation_optimizer,eg06_generic_budget_matched,11,0,0.0,0.0,0.0,0.0
diningroom:5bd22e7d-960b-4e14-93bd-f955001f799e_DiningRoom-6151,collision_gated_floor_prior,floor_prior_max1.8_mesh_p2_close0.75_far1.6,8,0,0.0,0.0,0.0,0.0
diningroom:5bd22e7d-960b-4e14-93bd-f955001f799e_DiningRoom-6151,random_movement_matched_seed0,eg06_random_seed0,8,0,0.0,0.0,0.0,0.0
diningroom:5bd22e7d-960b-4e14-93bd-f955001f799e_DiningRoom-6151,random_movement_matched_seed1,eg06_random_seed1,8,0,0.0,0.0,0.0,0.0
diningroom:5bd22e7d-960b-4e14-93bd-f955001f799e_DiningRoom-6151,random_movement_matched_seed2,eg06_random_seed2,8,0,0.0,0.0,0.0,0.0
diningroom:5bd22e7d-960b-4e14-93bd-f955001f799e_DiningRoom-6151,generic_relation_optimizer,eg06_generic_budget_matched,8,0,0.0,0.0,0.0,0.0
diningroom:5c22a23d-e49c-4d31-adee-987c93eec20e_LivingDiningRoom-5987,collision_gated_floor_prior,floor_prior_max1.8_mesh_p2_close0.75_far1.6,14,1,1.6902719237882162,1.6902719237882162,1.6902719237882162,1.6902719237882162
diningroom:5c22a23d-e49c-4d31-adee-987c93eec20e_LivingDiningRoom-5987,random_movement_matched_seed0,eg06_random_seed0,14,1,1.690271923788216,1.690271923788216,1.6902719237882162,1.6902719237882162
diningroom:5c22a23d-e49c-4d31-adee-987c93eec20e_LivingDiningRoom-5987,random_movement_matched_seed1,eg06_random_seed1,14,1,1.690271923788216,1.690271923788216,1.6902719237882162,1.6902719237882162
diningroom:5c22a23d-e49c-4d31-adee-987c93eec20e_LivingDiningRoom-5987,random_movement_matched_seed2,eg06_random_seed2,14,1,1.690271923788216,1.690271923788216,1.6902719237882162,1.6902719237882162
diningroom:5c22a23d-e49c-4d31-adee-987c93eec20e_LivingDiningRoom-5987,generic_relation_optimizer,eg06_generic_budget_matched,14,1,1.6615019242534674,1.6615019242534674,1.6902719237882162,1.6902719237882162
diningroom:5d522173-3fc1-4964-898d-48ab76e67f4d_LivingDiningRoom-10493,collision_gated_floor_prior,floor_prior_max1.8_mesh_p2_close0.75_far1.6,12,0,0.0,0.0,0.0,0.0
diningroom:5d522173-3fc1-4964-898d-48ab76e67f4d_LivingDiningRoom-10493,random_movement_matched_seed0,eg06_random_seed0,12,0,0.0,0.0,0.0,0.0
diningroom:5d522173-3fc1-4964-898d-48ab76e67f4d_LivingDiningRoom-10493,random_movement_matched_seed1,eg06_random_seed1,12,0,0.0,0.0,0.0,0.0
diningroom:5d522173-3fc1-4964-898d-48ab76e67f4d_LivingDiningRoom-10493,random_movement_matched_seed2,eg06_random_seed2,12,0,0.0,0.0,0.0,0.0
diningroom:5d522173-3fc1-4964-898d-48ab76e67f4d_LivingDiningRoom-10493,generic_relation_optimizer,eg06_generic_budget_matched,12,0,0.0,0.0,0.0,0.0
diningroom:5e4f139b-2870-476f-a2c8-5e9867e179f2_LivingDiningRoom-13860,collision_gated_floor_prior,floor_prior_max1.8_mesh_p2_close0.75_far1.6,16,0,0.0,0.0,0.0,0.0
diningroom:5e4f139b-2870-476f-a2c8-5e9867e179f2_LivingDiningRoom-13860,random_movement_matched_seed0,eg06_random_seed0,16,0,0.0,0.0,0.0,0.0
diningroom:5e4f139b-2870-476f-a2c8-5e9867e179f2_LivingDiningRoom-13860,random_movement_matched_seed1,eg06_random_seed1,16,0,0.0,0.0,0.0,0.0
diningroom:5e4f139b-2870-476f-a2c8-5e9867e179f2_LivingDiningRoom-13860,random_movement_matched_seed2,eg06_random_seed2,16,0,0.0,0.0,0.0,0.0
diningroom:5e4f139b-2870-476f-a2c8-5e9867e179f2_LivingDiningRoom-13860,generic_relation_optimizer,eg06_generic_budget_matched,16,0,0.0,0.0,0.0,0.0
diningroom:5e647f08-d821-4554-8598-9684ffd28f7c_LivingDiningRoom-3367,collision_gated_floor_prior,floor_prior_max1.8_mesh_p2_close0.75_far1.6,11,0,0.0,0.0,0.0,0.0
diningroom:5e647f08-d821-4554-8598-9684ffd28f7c_LivingDiningRoom-3367,random_movement_matched_seed0,eg06_random_seed0,11,0,0.0,0.0,0.0,0.0
diningroom:5e647f08-d821-4554-8598-9684ffd28f7c_LivingDiningRoom-3367,random_movement_matched_seed1,eg06_random_seed1,11,0,0.0,0.0,0.0,0.0
diningroom:5e647f08-d821-4554-8598-9684ffd28f7c_LivingDiningRoom-3367,random_movement_matched_seed2,eg06_random_seed2,11,0,0.0,0.0,0.0,0.0
diningroom:5e647f08-d821-4554-8598-9684ffd28f7c_LivingDiningRoom-3367,generic_relation_optimizer,eg06_generic_budget_matched,11,0,0.0,0.0,0.0,0.0
diningroom:5e7daec3-6980-46cc-855d-8465774001a4_LivingDiningRoom-569,collision_gated_floor_prior,floor_prior_max1.8_mesh_p2_close0.75_far1.6,11,0,0.0,0.0,0.0,0.0
diningroom:5e7daec3-6980-46cc-855d-8465774001a4_LivingDiningRoom-569,random_movement_matched_seed0,eg06_random_seed0,11,0,0.0,0.0,0.0,0.0
diningroom:5e7daec3-6980-46cc-855d-8465774001a4_LivingDiningRoom-569,random_movement_matched_seed1,eg06_random_seed1,11,0,0.0,0.0,0.0,0.0
diningroom:5e7daec3-6980-46cc-855d-8465774001a4_LivingDiningRoom-569,random_movement_matched_seed2,eg06_random_seed2,11,0,0.0,0.0,0.0,0.0
diningroom:5e7daec3-6980-46cc-855d-8465774001a4_LivingDiningRoom-569,generic_relation_optimizer,eg06_generic_budget_matched,11,0,0.0,0.0,0.0,0.0
diningroom:5f86c744-15af-4c99-80ef-b3608aadbf1b_LivingDiningRoom-37641,collision_gated_floor_prior,floor_prior_max1.8_mesh_p2_close0.75_far1.6,10,0,0.0,0.0,0.0,0.0
diningroom:5f86c744-15af-4c99-80ef-b3608aadbf1b_LivingDiningRoom-37641,random_movement_matched_seed0,eg06_random_seed0,10,0,0.0,0.0,0.0,0.0
diningroom:5f86c744-15af-4c99-80ef-b3608aadbf1b_LivingDiningRoom-37641,random_movement_matched_seed1,eg06_random_seed1,10,0,0.0,0.0,0.0,0.0
diningroom:5f86c744-15af-4c99-80ef-b3608aadbf1b_LivingDiningRoom-37641,random_movement_matched_seed2,eg06_random_seed2,10,0,0.0,0.0,0.0,0.0
diningroom:5f86c744-15af-4c99-80ef-b3608aadbf1b_LivingDiningRoom-37641,generic_relation_optimizer,eg06_generic_budget_matched,10,0,0.0,0.0,0.0,0.0
diningroom:6060e648-44c6-42d6-a9f4-f58c5bcff70d_LivingDiningRoom-25741,collision_gated_floor_prior,floor_prior_max1.8_mesh_p2_close0.75_far1.6,18,0,0.0,0.0,0.0,0.0
diningroom:6060e648-44c6-42d6-a9f4-f58c5bcff70d_LivingDiningRoom-25741,random_movement_matched_seed0,eg06_random_seed0,18,0,0.0,0.0,0.0,0.0
diningroom:6060e648-44c6-42d6-a9f4-f58c5bcff70d_LivingDiningRoom-25741,random_movement_matched_seed1,eg06_random_seed1,18,0,0.0,0.0,0.0,0.0
diningroom:6060e648-44c6-42d6-a9f4-f58c5bcff70d_LivingDiningRoom-25741,random_movement_matched_seed2,eg06_random_seed2,18,0,0.0,0.0,0.0,0.0
diningroom:6060e648-44c6-42d6-a9f4-f58c5bcff70d_LivingDiningRoom-25741,generic_relation_optimizer,eg06_generic_budget_matched,18,0,0.0,0.0,0.0,0.0
diningroom:61939f19-9114-46ad-86c6-ab10c1668ed7_LivingDiningRoom-17356,collision_gated_floor_prior,floor_prior_max1.8_mesh_p2_close0.75_far1.6,11,0,0.0,0.0,0.0,0.0
diningroom:61939f19-9114-46ad-86c6-ab10c1668ed7_LivingDiningRoom-17356,random_movement_matched_seed0,eg06_random_seed0,11,0,0.0,0.0,0.0,0.0
diningroom:61939f19-9114-46ad-86c6-ab10c1668ed7_LivingDiningRoom-17356,random_movement_matched_seed1,eg06_random_seed1,11,0,0.0,0.0,0.0,0.0
diningroom:61939f19-9114-46ad-86c6-ab10c1668ed7_LivingDiningRoom-17356,random_movement_matched_seed2,eg06_random_seed2,11,0,0.0,0.0,0.0,0.0
diningroom:61939f19-9114-46ad-86c6-ab10c1668ed7_LivingDiningRoom-17356,generic_relation_optimizer,eg06_generic_budget_matched,11,0,0.0,0.0,0.0,0.0
diningroom:62773068-a0a2-4ed0-b85c-84a9a353d18a_LivingDiningRoom-2583,collision_gated_floor_prior,floor_prior_max1.8_mesh_p2_close0.75_far1.6,16,0,0.0,0.0,0.0,0.0
diningroom:62773068-a0a2-4ed0-b85c-84a9a353d18a_LivingDiningRoom-2583,random_movement_matched_seed0,eg06_random_seed0,16,0,0.0,0.0,0.0,0.0
diningroom:62773068-a0a2-4ed0-b85c-84a9a353d18a_LivingDiningRoom-2583,random_movement_matched_seed1,eg06_random_seed1,16,0,0.0,0.0,0.0,0.0
diningroom:62773068-a0a2-4ed0-b85c-84a9a353d18a_LivingDiningRoom-2583,random_movement_matched_seed2,eg06_random_seed2,16,0,0.0,0.0,0.0,0.0
diningroom:62773068-a0a2-4ed0-b85c-84a9a353d18a_LivingDiningRoom-2583,generic_relation_optimizer,eg06_generic_budget_matched,16,0,0.0,0.0,0.0,0.0
diningroom:64321004-c08d-4334-984b-4bdbed4895d1_LivingDiningRoom-70212,collision_gated_floor_prior,floor_prior_max1.8_mesh_p2_close0.75_far1.6,13,0,0.0,0.0,0.0,0.0
diningroom:64321004-c08d-4334-984b-4bdbed4895d1_LivingDiningRoom-70212,random_movement_matched_seed0,eg06_random_seed0,13,0,0.0,0.0,0.0,0.0
diningroom:64321004-c08d-4334-984b-4bdbed4895d1_LivingDiningRoom-70212,random_movement_matched_seed1,eg06_random_seed1,13,0,0.0,0.0,0.0,0.0
diningroom:64321004-c08d-4334-984b-4bdbed4895d1_LivingDiningRoom-70212,random_movement_matched_seed2,eg06_random_seed2,13,0,0.0,0.0,0.0,0.0
diningroom:64321004-c08d-4334-984b-4bdbed4895d1_LivingDiningRoom-70212,generic_relation_optimizer,eg06_generic_budget_matched,13,0,0.0,0.0,0.0,0.0
diningroom:6487eb58-d9fa-4a42-afd2-13cba40b71d1_LivingDiningRoom-4693,collision_gated_floor_prior,floor_prior_max1.8_mesh_p2_close0.75_far1.6,17,0,0.0,0.0,0.0,0.0
diningroom:6487eb58-d9fa-4a42-afd2-13cba40b71d1_LivingDiningRoom-4693,random_movement_matched_seed0,eg06_random_seed0,17,0,0.0,0.0,0.0,0.0
diningroom:6487eb58-d9fa-4a42-afd2-13cba40b71d1_LivingDiningRoom-4693,random_movement_matched_seed1,eg06_random_seed1,17,0,0.0,0.0,0.0,0.0
diningroom:6487eb58-d9fa-4a42-afd2-13cba40b71d1_LivingDiningRoom-4693,random_movement_matched_seed2,eg06_random_seed2,17,0,0.0,0.0,0.0,0.0
diningroom:6487eb58-d9fa-4a42-afd2-13cba40b71d1_LivingDiningRoom-4693,generic_relation_optimizer,eg06_generic_budget_matched,17,0,0.0,0.0,0.0,0.0
diningroom:64f12868-d3f0-4add-9598-4478c4e7cee0_DiningRoom-663,collision_gated_floor_prior,floor_prior_max1.8_mesh_p2_close0.75_far1.6,12,0,0.0,0.0,0.0,0.0
diningroom:64f12868-d3f0-4add-9598-4478c4e7cee0_DiningRoom-663,random_movement_matched_seed0,eg06_random_seed0,12,0,0.0,0.0,0.0,0.0
diningroom:64f12868-d3f0-4add-9598-4478c4e7cee0_DiningRoom-663,random_movement_matched_seed1,eg06_random_seed1,12,0,0.0,0.0,0.0,0.0
diningroom:64f12868-d3f0-4add-9598-4478c4e7cee0_DiningRoom-663,random_movement_matched_seed2,eg06_random_seed2,12,0,0.0,0.0,0.0,0.0
diningroom:64f12868-d3f0-4add-9598-4478c4e7cee0_DiningRoom-663,generic_relation_optimizer,eg06_generic_budget_matched,12,0,0.0,0.0,0.0,0.0
diningroom:651c37ce-c0cd-47c6-843f-3aa192235e39_LivingDiningRoom-86944,collision_gated_floor_prior,floor_prior_max1.8_mesh_p2_close0.75_far1.6,13,0,0.0,0.0,0.0,0.0
diningroom:651c37ce-c0cd-47c6-843f-3aa192235e39_LivingDiningRoom-86944,random_movement_matched_seed0,eg06_random_seed0,13,0,0.0,0.0,0.0,0.0
diningroom:651c37ce-c0cd-47c6-843f-3aa192235e39_LivingDiningRoom-86944,random_movement_matched_seed1,eg06_random_seed1,13,0,0.0,0.0,0.0,0.0
diningroom:651c37ce-c0cd-47c6-843f-3aa192235e39_LivingDiningRoom-86944,random_movement_matched_seed2,eg06_random_seed2,13,0,0.0,0.0,0.0,0.0
diningroom:651c37ce-c0cd-47c6-843f-3aa192235e39_LivingDiningRoom-86944,generic_relation_optimizer,eg06_generic_budget_matched,13,0,0.0,0.0,0.0,0.0
diningroom:66082784-28d9-41e7-94bd-09a72fa335cf_LivingDiningRoom-2891,collision_gated_floor_prior,floor_prior_max1.8_mesh_p2_close0.75_far1.6,20,0,0.0,0.0,0.0,0.0
diningroom:66082784-28d9-41e7-94bd-09a72fa335cf_LivingDiningRoom-2891,random_movement_matched_seed0,eg06_random_seed0,20,0,0.0,0.0,0.0,0.0
diningroom:66082784-28d9-41e7-94bd-09a72fa335cf_LivingDiningRoom-2891,random_movement_matched_seed1,eg06_random_seed1,20,0,0.0,0.0,0.0,0.0
diningroom:66082784-28d9-41e7-94bd-09a72fa335cf_LivingDiningRoom-2891,random_movement_matched_seed2,eg06_random_seed2,20,0,0.0,0.0,0.0,0.0
diningroom:66082784-28d9-41e7-94bd-09a72fa335cf_LivingDiningRoom-2891,generic_relation_optimizer,eg06_generic_budget_matched,20,0,0.0,0.0,0.0,0.0
diningroom:66bc95cb-672b-4acd-92f1-ba4ed3a6aa83_DiningRoom-2432,collision_gated_floor_prior,floor_prior_max1.8_mesh_p2_close0.75_far1.6,8,0,0.0,0.0,0.0,0.0
diningroom:66bc95cb-672b-4acd-92f1-ba4ed3a6aa83_DiningRoom-2432,random_movement_matched_seed0,eg06_random_seed0,8,0,0.0,0.0,0.0,0.0
diningroom:66bc95cb-672b-4acd-92f1-ba4ed3a6aa83_DiningRoom-2432,random_movement_matched_seed1,eg06_random_seed1,8,0,0.0,0.0,0.0,0.0
diningroom:66bc95cb-672b-4acd-92f1-ba4ed3a6aa83_DiningRoom-2432,random_movement_matched_seed2,eg06_random_seed2,8,0,0.0,0.0,0.0,0.0
diningroom:66bc95cb-672b-4acd-92f1-ba4ed3a6aa83_DiningRoom-2432,generic_relation_optimizer,eg06_generic_budget_matched,8,0,0.0,0.0,0.0,0.0
diningroom:672b75fe-1120-4627-80a9-5616d99c3423_DiningRoom-24272,collision_gated_floor_prior,floor_prior_max1.8_mesh_p2_close0.75_far1.6,8,0,0.0,0.0,0.0,0.0
diningroom:672b75fe-1120-4627-80a9-5616d99c3423_DiningRoom-24272,random_movement_matched_seed0,eg06_random_seed0,8,0,0.0,0.0,0.0,0.0
diningroom:672b75fe-1120-4627-80a9-5616d99c3423_DiningRoom-24272,random_movement_matched_seed1,eg06_random_seed1,8,0,0.0,0.0,0.0,0.0
diningroom:672b75fe-1120-4627-80a9-5616d99c3423_DiningRoom-24272,random_movement_matched_seed2,eg06_random_seed2,8,0,0.0,0.0,0.0,0.0
diningroom:672b75fe-1120-4627-80a9-5616d99c3423_DiningRoom-24272,generic_relation_optimizer,eg06_generic_budget_matched,8,0,0.0,0.0,0.0,0.0
diningroom:6799c7da-4248-4fa1-9d6d-c8acf521a414_LivingDiningRoom-13177,collision_gated_floor_prior,floor_prior_max1.8_mesh_p2_close0.75_far1.6,15,0,0.0,0.0,0.0,0.0
diningroom:6799c7da-4248-4fa1-9d6d-c8acf521a414_LivingDiningRoom-13177,random_movement_matched_seed0,eg06_random_seed0,15,0,0.0,0.0,0.0,0.0
diningroom:6799c7da-4248-4fa1-9d6d-c8acf521a414_LivingDiningRoom-13177,random_movement_matched_seed1,eg06_random_seed1,15,0,0.0,0.0,0.0,0.0
diningroom:6799c7da-4248-4fa1-9d6d-c8acf521a414_LivingDiningRoom-13177,random_movement_matched_seed2,eg06_random_seed2,15,0,0.0,0.0,0.0,0.0
diningroom:6799c7da-4248-4fa1-9d6d-c8acf521a414_LivingDiningRoom-13177,generic_relation_optimizer,eg06_generic_budget_matched,15,0,0.0,0.0,0.0,0.0
diningroom:6a03badb-61ab-4e22-9564-de2fd2ed1938_DiningRoom-25528,collision_gated_floor_prior,floor_prior_max1.8_mesh_p2_close0.75_far1.6,9,0,0.0,0.0,0.0,0.0
diningroom:6a03badb-61ab-4e22-9564-de2fd2ed1938_DiningRoom-25528,random_movement_matched_seed0,eg06_random_seed0,9,0,0.0,0.0,0.0,0.0
diningroom:6a03badb-61ab-4e22-9564-de2fd2ed1938_DiningRoom-25528,random_movement_matched_seed1,eg06_random_seed1,9,0,0.0,0.0,0.0,0.0
diningroom:6a03badb-61ab-4e22-9564-de2fd2ed1938_DiningRoom-25528,random_movement_matched_seed2,eg06_random_seed2,9,0,0.0,0.0,0.0,0.0
diningroom:6a03badb-61ab-4e22-9564-de2fd2ed1938_DiningRoom-25528,generic_relation_optimizer,eg06_generic_budget_matched,9,0,0.0,0.0,0.0,0.0
diningroom:6b56575f-a746-4062-8296-b566d5de7b60_LivingDiningRoom-41360,collision_gated_floor_prior,floor_prior_max1.8_mesh_p2_close0.75_far1.6,13,0,0.0,0.0,0.0,0.0
diningroom:6b56575f-a746-4062-8296-b566d5de7b60_LivingDiningRoom-41360,random_movement_matched_seed0,eg06_random_seed0,13,0,0.0,0.0,0.0,0.0
diningroom:6b56575f-a746-4062-8296-b566d5de7b60_LivingDiningRoom-41360,random_movement_matched_seed1,eg06_random_seed1,13,0,0.0,0.0,0.0,0.0
diningroom:6b56575f-a746-4062-8296-b566d5de7b60_LivingDiningRoom-41360,random_movement_matched_seed2,eg06_random_seed2,13,0,0.0,0.0,0.0,0.0
diningroom:6b56575f-a746-4062-8296-b566d5de7b60_LivingDiningRoom-41360,generic_relation_optimizer,eg06_generic_budget_matched,13,0,0.0,0.0,0.0,0.0
diningroom:6b5bb08d-7e14-4206-8014-685580c674b1_LivingDiningRoom-2106,collision_gated_floor_prior,floor_prior_max1.8_mesh_p2_close0.75_far1.6,16,0,0.0,0.0,0.0,0.0
diningroom:6b5bb08d-7e14-4206-8014-685580c674b1_LivingDiningRoom-2106,random_movement_matched_seed0,eg06_random_seed0,16,0,0.0,0.0,0.0,0.0
diningroom:6b5bb08d-7e14-4206-8014-685580c674b1_LivingDiningRoom-2106,random_movement_matched_seed1,eg06_random_seed1,16,0,0.0,0.0,0.0,0.0
diningroom:6b5bb08d-7e14-4206-8014-685580c674b1_LivingDiningRoom-2106,random_movement_matched_seed2,eg06_random_seed2,16,0,0.0,0.0,0.0,0.0
diningroom:6b5bb08d-7e14-4206-8014-685580c674b1_LivingDiningRoom-2106,generic_relation_optimizer,eg06_generic_budget_matched,16,0,0.0,0.0,0.0,0.0
diningroom:6d13bd56-8931-486a-8490-61752942a6de_DiningRoom-43067,collision_gated_floor_prior,floor_prior_max1.8_mesh_p2_close0.75_far1.6,5,0,0.0,0.0,0.0,0.0
diningroom:6d13bd56-8931-486a-8490-61752942a6de_DiningRoom-43067,random_movement_matched_seed0,eg06_random_seed0,5,0,0.0,0.0,0.0,0.0
diningroom:6d13bd56-8931-486a-8490-61752942a6de_DiningRoom-43067,random_movement_matched_seed1,eg06_random_seed1,5,0,0.0,0.0,0.0,0.0
diningroom:6d13bd56-8931-486a-8490-61752942a6de_DiningRoom-43067,random_movement_matched_seed2,eg06_random_seed2,5,0,0.0,0.0,0.0,0.0
diningroom:6d13bd56-8931-486a-8490-61752942a6de_DiningRoom-43067,generic_relation_optimizer,eg06_generic_budget_matched,5,0,0.0,0.0,0.0,0.0
diningroom:6f6fab3b-e42d-4458-8f93-ed9d006cb087_DiningRoom-8121,collision_gated_floor_prior,floor_prior_max1.8_mesh_p2_close0.75_far1.6,7,0,0.0,0.0,0.0,0.0
diningroom:6f6fab3b-e42d-4458-8f93-ed9d006cb087_DiningRoom-8121,random_movement_matched_seed0,eg06_random_seed0,7,0,0.0,0.0,0.0,0.0
diningroom:6f6fab3b-e42d-4458-8f93-ed9d006cb087_DiningRoom-8121,random_movement_matched_seed1,eg06_random_seed1,7,0,0.0,0.0,0.0,0.0
diningroom:6f6fab3b-e42d-4458-8f93-ed9d006cb087_DiningRoom-8121,random_movement_matched_seed2,eg06_random_seed2,7,0,0.0,0.0,0.0,0.0
diningroom:6f6fab3b-e42d-4458-8f93-ed9d006cb087_DiningRoom-8121,generic_relation_optimizer,eg06_generic_budget_matched,7,0,0.0,0.0,0.0,0.0
diningroom:708218c2-ff5f-450f-9a8a-c82e6ad896a9_LivingDiningRoom-32452,collision_gated_floor_prior,floor_prior_max1.8_mesh_p2_close0.75_far1.6,11,0,0.0,0.0,0.0,0.0
diningroom:708218c2-ff5f-450f-9a8a-c82e6ad896a9_LivingDiningRoom-32452,random_movement_matched_seed0,eg06_random_seed0,11,0,0.0,0.0,0.0,0.0
diningroom:708218c2-ff5f-450f-9a8a-c82e6ad896a9_LivingDiningRoom-32452,random_movement_matched_seed1,eg06_random_seed1,11,0,0.0,0.0,0.0,0.0
diningroom:708218c2-ff5f-450f-9a8a-c82e6ad896a9_LivingDiningRoom-32452,random_movement_matched_seed2,eg06_random_seed2,11,0,0.0,0.0,0.0,0.0
diningroom:708218c2-ff5f-450f-9a8a-c82e6ad896a9_LivingDiningRoom-32452,generic_relation_optimizer,eg06_generic_budget_matched,11,0,0.0,0.0,0.0,0.0
diningroom:70e4c0ab-9ca2-4542-96fd-9355e048db91_LivingDiningRoom-25795,collision_gated_floor_prior,floor_prior_max1.8_mesh_p2_close0.75_far1.6,15,0,0.0,0.0,0.0,0.0
diningroom:70e4c0ab-9ca2-4542-96fd-9355e048db91_LivingDiningRoom-25795,random_movement_matched_seed0,eg06_random_seed0,15,0,0.0,0.0,0.0,0.0
diningroom:70e4c0ab-9ca2-4542-96fd-9355e048db91_LivingDiningRoom-25795,random_movement_matched_seed1,eg06_random_seed1,15,0,0.0,0.0,0.0,0.0
diningroom:70e4c0ab-9ca2-4542-96fd-9355e048db91_LivingDiningRoom-25795,random_movement_matched_seed2,eg06_random_seed2,15,0,0.0,0.0,0.0,0.0
diningroom:70e4c0ab-9ca2-4542-96fd-9355e048db91_LivingDiningRoom-25795,generic_relation_optimizer,eg06_generic_budget_matched,15,0,0.0,0.0,0.0,0.0
diningroom:710da331-89a8-4480-b4d1-9621baf5a93c_LivingDiningRoom-9939,collision_gated_floor_prior,floor_prior_max1.8_mesh_p2_close0.75_far1.6,13,0,0.0,0.0,0.0,0.0
diningroom:710da331-89a8-4480-b4d1-9621baf5a93c_LivingDiningRoom-9939,random_movement_matched_seed0,eg06_random_seed0,13,0,0.0,0.0,0.0,0.0
diningroom:710da331-89a8-4480-b4d1-9621baf5a93c_LivingDiningRoom-9939,random_movement_matched_seed1,eg06_random_seed1,13,0,0.0,0.0,0.0,0.0
diningroom:710da331-89a8-4480-b4d1-9621baf5a93c_LivingDiningRoom-9939,random_movement_matched_seed2,eg06_random_seed2,13,0,0.0,0.0,0.0,0.0
diningroom:710da331-89a8-4480-b4d1-9621baf5a93c_LivingDiningRoom-9939,generic_relation_optimizer,eg06_generic_budget_matched,13,0,0.0,0.0,0.0,0.0
diningroom:73818192-7ca3-4161-8cf1-ca3e5e51b1ab_LivingDiningRoom-62037,collision_gated_floor_prior,floor_prior_max1.8_mesh_p2_close0.75_far1.6,14,0,0.0,0.0,0.0,0.0
diningroom:73818192-7ca3-4161-8cf1-ca3e5e51b1ab_LivingDiningRoom-62037,random_movement_matched_seed0,eg06_random_seed0,14,0,0.0,0.0,0.0,0.0
diningroom:73818192-7ca3-4161-8cf1-ca3e5e51b1ab_LivingDiningRoom-62037,random_movement_matched_seed1,eg06_random_seed1,14,0,0.0,0.0,0.0,0.0
diningroom:73818192-7ca3-4161-8cf1-ca3e5e51b1ab_LivingDiningRoom-62037,random_movement_matched_seed2,eg06_random_seed2,14,0,0.0,0.0,0.0,0.0
diningroom:73818192-7ca3-4161-8cf1-ca3e5e51b1ab_LivingDiningRoom-62037,generic_relation_optimizer,eg06_generic_budget_matched,14,0,0.0,0.0,0.0,0.0
diningroom:74fa622c-58f2-4375-b6b5-684659581385_LivingDiningRoom-78283,collision_gated_floor_prior,floor_prior_max1.8_mesh_p2_close0.75_far1.6,16,1,1.051926675919661,1.051926675919661,1.051926675919661,1.051926675919661
diningroom:74fa622c-58f2-4375-b6b5-684659581385_LivingDiningRoom-78283,random_movement_matched_seed0,eg06_random_seed0,16,1,1.051926675919661,1.051926675919661,1.051926675919661,1.051926675919661
diningroom:74fa622c-58f2-4375-b6b5-684659581385_LivingDiningRoom-78283,random_movement_matched_seed1,eg06_random_seed1,16,1,1.051926675919661,1.051926675919661,1.051926675919661,1.051926675919661
diningroom:74fa622c-58f2-4375-b6b5-684659581385_LivingDiningRoom-78283,random_movement_matched_seed2,eg06_random_seed2,16,1,1.051926675919661,1.051926675919661,1.051926675919661,1.051926675919661
diningroom:74fa622c-58f2-4375-b6b5-684659581385_LivingDiningRoom-78283,generic_relation_optimizer,eg06_generic_budget_matched,16,0,0.0,0.0,1.051926675919661,1.051926675919661
diningroom:750705bf-a44a-4391-8c7a-dd199a96bdae_LivingDiningRoom-14848,collision_gated_floor_prior,floor_prior_max1.8_mesh_p2_close0.75_far1.6,14,0,0.0,0.0,0.0,0.0
diningroom:750705bf-a44a-4391-8c7a-dd199a96bdae_LivingDiningRoom-14848,random_movement_matched_seed0,eg06_random_seed0,14,0,0.0,0.0,0.0,0.0
diningroom:750705bf-a44a-4391-8c7a-dd199a96bdae_LivingDiningRoom-14848,random_movement_matched_seed1,eg06_random_seed1,14,0,0.0,0.0,0.0,0.0
diningroom:750705bf-a44a-4391-8c7a-dd199a96bdae_LivingDiningRoom-14848,random_movement_matched_seed2,eg06_random_seed2,14,0,0.0,0.0,0.0,0.0
diningroom:750705bf-a44a-4391-8c7a-dd199a96bdae_LivingDiningRoom-14848,generic_relation_optimizer,eg06_generic_budget_matched,14,0,0.0,0.0,0.0,0.0
diningroom:75be4842-6167-4b77-a131-859b40255ed9_DiningRoom-6919,collision_gated_floor_prior,floor_prior_max1.8_mesh_p2_close0.75_far1.6,13,0,0.0,0.0,0.0,0.0
diningroom:75be4842-6167-4b77-a131-859b40255ed9_DiningRoom-6919,random_movement_matched_seed0,eg06_random_seed0,13,0,0.0,0.0,0.0,0.0
diningroom:75be4842-6167-4b77-a131-859b40255ed9_DiningRoom-6919,random_movement_matched_seed1,eg06_random_seed1,13,0,0.0,0.0,0.0,0.0
diningroom:75be4842-6167-4b77-a131-859b40255ed9_DiningRoom-6919,random_movement_matched_seed2,eg06_random_seed2,13,0,0.0,0.0,0.0,0.0
diningroom:75be4842-6167-4b77-a131-859b40255ed9_DiningRoom-6919,generic_relation_optimizer,eg06_generic_budget_matched,13,0,0.0,0.0,0.0,0.0
diningroom:78f54b4e-5031-4aa4-bd58-6a287cd64dc3_LivingDiningRoom-17657,collision_gated_floor_prior,floor_prior_max1.8_mesh_p2_close0.75_far1.6,10,0,0.0,0.0,0.0,0.0
diningroom:78f54b4e-5031-4aa4-bd58-6a287cd64dc3_LivingDiningRoom-17657,random_movement_matched_seed0,eg06_random_seed0,10,0,0.0,0.0,0.0,0.0
diningroom:78f54b4e-5031-4aa4-bd58-6a287cd64dc3_LivingDiningRoom-17657,random_movement_matched_seed1,eg06_random_seed1,10,0,0.0,0.0,0.0,0.0
diningroom:78f54b4e-5031-4aa4-bd58-6a287cd64dc3_LivingDiningRoom-17657,random_movement_matched_seed2,eg06_random_seed2,10,0,0.0,0.0,0.0,0.0
diningroom:78f54b4e-5031-4aa4-bd58-6a287cd64dc3_LivingDiningRoom-17657,generic_relation_optimizer,eg06_generic_budget_matched,10,0,0.0,0.0,0.0,0.0
diningroom:7b5eeb04-1392-4e97-b773-45e964e0698f_LivingDiningRoom-9744,collision_gated_floor_prior,floor_prior_max1.8_mesh_p2_close0.75_far1.6,10,0,0.0,0.0,0.0,0.0
diningroom:7b5eeb04-1392-4e97-b773-45e964e0698f_LivingDiningRoom-9744,random_movement_matched_seed0,eg06_random_seed0,10,0,0.0,0.0,0.0,0.0
diningroom:7b5eeb04-1392-4e97-b773-45e964e0698f_LivingDiningRoom-9744,random_movement_matched_seed1,eg06_random_seed1,10,0,0.0,0.0,0.0,0.0
diningroom:7b5eeb04-1392-4e97-b773-45e964e0698f_LivingDiningRoom-9744,random_movement_matched_seed2,eg06_random_seed2,10,0,0.0,0.0,0.0,0.0
diningroom:7b5eeb04-1392-4e97-b773-45e964e0698f_LivingDiningRoom-9744,generic_relation_optimizer,eg06_generic_budget_matched,10,0,0.0,0.0,0.0,0.0
diningroom:811213d3-3ae0-4456-9f16-48ee33b2d560_DiningRoom-17147,collision_gated_floor_prior,floor_prior_max1.8_mesh_p2_close0.75_far1.6,8,0,0.0,0.0,0.0,0.0
diningroom:811213d3-3ae0-4456-9f16-48ee33b2d560_DiningRoom-17147,random_movement_matched_seed0,eg06_random_seed0,8,0,0.0,0.0,0.0,0.0
diningroom:811213d3-3ae0-4456-9f16-48ee33b2d560_DiningRoom-17147,random_movement_matched_seed1,eg06_random_seed1,8,0,0.0,0.0,0.0,0.0
diningroom:811213d3-3ae0-4456-9f16-48ee33b2d560_DiningRoom-17147,random_movement_matched_seed2,eg06_random_seed2,8,0,0.0,0.0,0.0,0.0
diningroom:811213d3-3ae0-4456-9f16-48ee33b2d560_DiningRoom-17147,generic_relation_optimizer,eg06_generic_budget_matched,8,0,0.0,0.0,0.0,0.0
diningroom:8321a64d-d3ba-4901-b3d2-2b3d1101e529_LivingDiningRoom-63349,collision_gated_floor_prior,floor_prior_max1.8_mesh_p2_close0.75_far1.6,12,0,0.0,0.0,0.0,0.0
diningroom:8321a64d-d3ba-4901-b3d2-2b3d1101e529_LivingDiningRoom-63349,random_movement_matched_seed0,eg06_random_seed0,12,0,0.0,0.0,0.0,0.0
diningroom:8321a64d-d3ba-4901-b3d2-2b3d1101e529_LivingDiningRoom-63349,random_movement_matched_seed1,eg06_random_seed1,12,0,0.0,0.0,0.0,0.0
diningroom:8321a64d-d3ba-4901-b3d2-2b3d1101e529_LivingDiningRoom-63349,random_movement_matched_seed2,eg06_random_seed2,12,0,0.0,0.0,0.0,0.0
diningroom:8321a64d-d3ba-4901-b3d2-2b3d1101e529_LivingDiningRoom-63349,generic_relation_optimizer,eg06_generic_budget_matched,12,0,0.0,0.0,0.0,0.0
diningroom:838bdb43-9217-4b8b-a6ea-340a256cca0e_LivingDiningRoom-71691,collision_gated_floor_prior,floor_prior_max1.8_mesh_p2_close0.75_far1.6,15,0,0.0,0.0,0.0,0.0
diningroom:838bdb43-9217-4b8b-a6ea-340a256cca0e_LivingDiningRoom-71691,random_movement_matched_seed0,eg06_random_seed0,15,0,0.0,0.0,0.0,0.0
diningroom:838bdb43-9217-4b8b-a6ea-340a256cca0e_LivingDiningRoom-71691,random_movement_matched_seed1,eg06_random_seed1,15,0,0.0,0.0,0.0,0.0
diningroom:838bdb43-9217-4b8b-a6ea-340a256cca0e_LivingDiningRoom-71691,random_movement_matched_seed2,eg06_random_seed2,15,0,0.0,0.0,0.0,0.0
diningroom:838bdb43-9217-4b8b-a6ea-340a256cca0e_LivingDiningRoom-71691,generic_relation_optimizer,eg06_generic_budget_matched,15,0,0.0,0.0,0.0,0.0
diningroom:8565e208-9e7e-4529-804a-23052c33631e_LivingDiningRoom-74612,collision_gated_floor_prior,floor_prior_max1.8_mesh_p2_close0.75_far1.6,17,0,0.0,0.0,0.0,0.0
diningroom:8565e208-9e7e-4529-804a-23052c33631e_LivingDiningRoom-74612,random_movement_matched_seed0,eg06_random_seed0,17,0,0.0,0.0,0.0,0.0
diningroom:8565e208-9e7e-4529-804a-23052c33631e_LivingDiningRoom-74612,random_movement_matched_seed1,eg06_random_seed1,17,0,0.0,0.0,0.0,0.0
diningroom:8565e208-9e7e-4529-804a-23052c33631e_LivingDiningRoom-74612,random_movement_matched_seed2,eg06_random_seed2,17,0,0.0,0.0,0.0,0.0
diningroom:8565e208-9e7e-4529-804a-23052c33631e_LivingDiningRoom-74612,generic_relation_optimizer,eg06_generic_budget_matched,17,0,0.0,0.0,0.0,0.0
diningroom:871235f6-ecd6-4a95-86e2-312c2f9ffe55_LivingDiningRoom-29009,collision_gated_floor_prior,floor_prior_max1.8_mesh_p2_close0.75_far1.6,14,0,0.0,0.0,0.0,0.0
diningroom:871235f6-ecd6-4a95-86e2-312c2f9ffe55_LivingDiningRoom-29009,random_movement_matched_seed0,eg06_random_seed0,14,0,0.0,0.0,0.0,0.0
diningroom:871235f6-ecd6-4a95-86e2-312c2f9ffe55_LivingDiningRoom-29009,random_movement_matched_seed1,eg06_random_seed1,14,0,0.0,0.0,0.0,0.0
diningroom:871235f6-ecd6-4a95-86e2-312c2f9ffe55_LivingDiningRoom-29009,random_movement_matched_seed2,eg06_random_seed2,14,0,0.0,0.0,0.0,0.0
diningroom:871235f6-ecd6-4a95-86e2-312c2f9ffe55_LivingDiningRoom-29009,generic_relation_optimizer,eg06_generic_budget_matched,14,0,0.0,0.0,0.0,0.0
diningroom:8c069e29-9332-4e92-b13d-a6f190df120f_DiningRoom-6259,collision_gated_floor_prior,floor_prior_max1.8_mesh_p2_close0.75_far1.6,17,0,0.0,0.0,0.0,0.0
diningroom:8c069e29-9332-4e92-b13d-a6f190df120f_DiningRoom-6259,random_movement_matched_seed0,eg06_random_seed0,17,0,0.0,0.0,0.0,0.0
diningroom:8c069e29-9332-4e92-b13d-a6f190df120f_DiningRoom-6259,random_movement_matched_seed1,eg06_random_seed1,17,0,0.0,0.0,0.0,0.0
diningroom:8c069e29-9332-4e92-b13d-a6f190df120f_DiningRoom-6259,random_movement_matched_seed2,eg06_random_seed2,17,0,0.0,0.0,0.0,0.0
diningroom:8c069e29-9332-4e92-b13d-a6f190df120f_DiningRoom-6259,generic_relation_optimizer,eg06_generic_budget_matched,17,0,0.0,0.0,0.0,0.0
diningroom:8caa5850-3914-427c-ad99-cbb4b2f517a1_LivingDiningRoom-32202,collision_gated_floor_prior,floor_prior_max1.8_mesh_p2_close0.75_far1.6,17,0,0.0,0.0,0.0,0.0
diningroom:8caa5850-3914-427c-ad99-cbb4b2f517a1_LivingDiningRoom-32202,random_movement_matched_seed0,eg06_random_seed0,17,0,0.0,0.0,0.0,0.0
diningroom:8caa5850-3914-427c-ad99-cbb4b2f517a1_LivingDiningRoom-32202,random_movement_matched_seed1,eg06_random_seed1,17,0,0.0,0.0,0.0,0.0
diningroom:8caa5850-3914-427c-ad99-cbb4b2f517a1_LivingDiningRoom-32202,random_movement_matched_seed2,eg06_random_seed2,17,0,0.0,0.0,0.0,0.0
diningroom:8caa5850-3914-427c-ad99-cbb4b2f517a1_LivingDiningRoom-32202,generic_relation_optimizer,eg06_generic_budget_matched,17,0,0.0,0.0,0.0,0.0
diningroom:8e8db6d3-3f5e-4d95-9a23-ec6d57ff5cdd_LivingDiningRoom-4696,collision_gated_floor_prior,floor_prior_max1.8_mesh_p2_close0.75_far1.6,13,0,0.0,0.0,0.0,0.0
diningroom:8e8db6d3-3f5e-4d95-9a23-ec6d57ff5cdd_LivingDiningRoom-4696,random_movement_matched_seed0,eg06_random_seed0,13,0,0.0,0.0,0.0,0.0
diningroom:8e8db6d3-3f5e-4d95-9a23-ec6d57ff5cdd_LivingDiningRoom-4696,random_movement_matched_seed1,eg06_random_seed1,13,0,0.0,0.0,0.0,0.0
diningroom:8e8db6d3-3f5e-4d95-9a23-ec6d57ff5cdd_LivingDiningRoom-4696,random_movement_matched_seed2,eg06_random_seed2,13,0,0.0,0.0,0.0,0.0
diningroom:8e8db6d3-3f5e-4d95-9a23-ec6d57ff5cdd_LivingDiningRoom-4696,generic_relation_optimizer,eg06_generic_budget_matched,13,0,0.0,0.0,0.0,0.0
diningroom:8ef1ac63-da17-4f85-94ad-d784649329c6_DiningRoom-451,collision_gated_floor_prior,floor_prior_max1.8_mesh_p2_close0.75_far1.6,13,1,0.46056972681561476,0.46056972681561476,0.46056972681561476,0.46056972681561476
diningroom:8ef1ac63-da17-4f85-94ad-d784649329c6_DiningRoom-451,random_movement_matched_seed0,eg06_random_seed0,13,1,0.46056972681561453,0.46056972681561453,0.46056972681561476,0.46056972681561476
diningroom:8ef1ac63-da17-4f85-94ad-d784649329c6_DiningRoom-451,random_movement_matched_seed1,eg06_random_seed1,13,1,0.4605697268156147,0.4605697268156147,0.46056972681561476,0.46056972681561476
diningroom:8ef1ac63-da17-4f85-94ad-d784649329c6_DiningRoom-451,random_movement_matched_seed2,eg06_random_seed2,13,1,0.46056972681561487,0.46056972681561487,0.46056972681561476,0.46056972681561476
diningroom:8ef1ac63-da17-4f85-94ad-d784649329c6_DiningRoom-451,generic_relation_optimizer,eg06_generic_budget_matched,13,1,0.17218600396641448,0.17218600396641448,0.46056972681561476,0.46056972681561476
diningroom:90efe970-79b9-432c-a676-290e1a00a31f_LivingDiningRoom-8452,collision_gated_floor_prior,floor_prior_max1.8_mesh_p2_close0.75_far1.6,9,0,0.0,0.0,0.0,0.0
diningroom:90efe970-79b9-432c-a676-290e1a00a31f_LivingDiningRoom-8452,random_movement_matched_seed0,eg06_random_seed0,9,0,0.0,0.0,0.0,0.0
diningroom:90efe970-79b9-432c-a676-290e1a00a31f_LivingDiningRoom-8452,random_movement_matched_seed1,eg06_random_seed1,9,0,0.0,0.0,0.0,0.0
diningroom:90efe970-79b9-432c-a676-290e1a00a31f_LivingDiningRoom-8452,random_movement_matched_seed2,eg06_random_seed2,9,0,0.0,0.0,0.0,0.0
diningroom:90efe970-79b9-432c-a676-290e1a00a31f_LivingDiningRoom-8452,generic_relation_optimizer,eg06_generic_budget_matched,9,0,0.0,0.0,0.0,0.0
diningroom:9178e733-092a-49e5-a900-b375d6a68dd1_DiningRoom-18332,collision_gated_floor_prior,floor_prior_max1.8_mesh_p2_close0.75_far1.6,8,1,0.17876039202745322,0.17876039202745322,0.17876039202745322,0.17876039202745322
diningroom:9178e733-092a-49e5-a900-b375d6a68dd1_DiningRoom-18332,random_movement_matched_seed0,eg06_random_seed0,8,1,0.17876039202745322,0.17876039202745322,0.17876039202745322,0.17876039202745322
diningroom:9178e733-092a-49e5-a900-b375d6a68dd1_DiningRoom-18332,random_movement_matched_seed1,eg06_random_seed1,8,1,0.17876039202745322,0.17876039202745322,0.17876039202745322,0.17876039202745322
diningroom:9178e733-092a-49e5-a900-b375d6a68dd1_DiningRoom-18332,random_movement_matched_seed2,eg06_random_seed2,8,1,0.1787603920274532,0.1787603920274532,0.17876039202745322,0.17876039202745322
diningroom:9178e733-092a-49e5-a900-b375d6a68dd1_DiningRoom-18332,generic_relation_optimizer,eg06_generic_budget_matched,8,0,0.0,0.0,0.17876039202745322,0.17876039202745322
diningroom:93f02a56-0d3b-41cc-b0f8-fbc572bf2869_LivingDiningRoom-52564,collision_gated_floor_prior,floor_prior_max1.8_mesh_p2_close0.75_far1.6,11,0,0.0,0.0,0.0,0.0
diningroom:93f02a56-0d3b-41cc-b0f8-fbc572bf2869_LivingDiningRoom-52564,random_movement_matched_seed0,eg06_random_seed0,11,0,0.0,0.0,0.0,0.0
diningroom:93f02a56-0d3b-41cc-b0f8-fbc572bf2869_LivingDiningRoom-52564,random_movement_matched_seed1,eg06_random_seed1,11,0,0.0,0.0,0.0,0.0
diningroom:93f02a56-0d3b-41cc-b0f8-fbc572bf2869_LivingDiningRoom-52564,random_movement_matched_seed2,eg06_random_seed2,11,0,0.0,0.0,0.0,0.0
diningroom:93f02a56-0d3b-41cc-b0f8-fbc572bf2869_LivingDiningRoom-52564,generic_relation_optimizer,eg06_generic_budget_matched,11,0,0.0,0.0,0.0,0.0
diningroom:987d0a4b-07d5-4958-aac4-cefaa277d511_DiningRoom-8951,collision_gated_floor_prior,floor_prior_max1.8_mesh_p2_close0.75_far1.6,10,0,0.0,0.0,0.0,0.0
diningroom:987d0a4b-07d5-4958-aac4-cefaa277d511_DiningRoom-8951,random_movement_matched_seed0,eg06_random_seed0,10,0,0.0,0.0,0.0,0.0
diningroom:987d0a4b-07d5-4958-aac4-cefaa277d511_DiningRoom-8951,random_movement_matched_seed1,eg06_random_seed1,10,0,0.0,0.0,0.0,0.0
diningroom:987d0a4b-07d5-4958-aac4-cefaa277d511_DiningRoom-8951,random_movement_matched_seed2,eg06_random_seed2,10,0,0.0,0.0,0.0,0.0
diningroom:987d0a4b-07d5-4958-aac4-cefaa277d511_DiningRoom-8951,generic_relation_optimizer,eg06_generic_budget_matched,10,0,0.0,0.0,0.0,0.0
diningroom:9886aa9f-f331-48e4-88a0-4e56ccaabe7f_DiningRoom-9982,collision_gated_floor_prior,floor_prior_max1.8_mesh_p2_close0.75_far1.6,9,0,0.0,0.0,0.0,0.0
diningroom:9886aa9f-f331-48e4-88a0-4e56ccaabe7f_DiningRoom-9982,random_movement_matched_seed0,eg06_random_seed0,9,0,0.0,0.0,0.0,0.0
diningroom:9886aa9f-f331-48e4-88a0-4e56ccaabe7f_DiningRoom-9982,random_movement_matched_seed1,eg06_random_seed1,9,0,0.0,0.0,0.0,0.0
diningroom:9886aa9f-f331-48e4-88a0-4e56ccaabe7f_DiningRoom-9982,random_movement_matched_seed2,eg06_random_seed2,9,0,0.0,0.0,0.0,0.0
diningroom:9886aa9f-f331-48e4-88a0-4e56ccaabe7f_DiningRoom-9982,generic_relation_optimizer,eg06_generic_budget_matched,9,0,0.0,0.0,0.0,0.0
diningroom:9a0486c5-58e8-4a77-99de-9c4ea78d39d3_LivingDiningRoom-9632,collision_gated_floor_prior,floor_prior_max1.8_mesh_p2_close0.75_far1.6,13,1,0.3441936639126742,0.3441936639126742,0.3441936639126742,0.3441936639126742
diningroom:9a0486c5-58e8-4a77-99de-9c4ea78d39d3_LivingDiningRoom-9632,random_movement_matched_seed0,eg06_random_seed0,13,1,0.34419366391267425,0.34419366391267425,0.3441936639126742,0.3441936639126742
diningroom:9a0486c5-58e8-4a77-99de-9c4ea78d39d3_LivingDiningRoom-9632,random_movement_matched_seed1,eg06_random_seed1,13,1,0.3441936639126742,0.3441936639126742,0.3441936639126742,0.3441936639126742
diningroom:9a0486c5-58e8-4a77-99de-9c4ea78d39d3_LivingDiningRoom-9632,random_movement_matched_seed2,eg06_random_seed2,13,1,0.3441936639126742,0.3441936639126742,0.3441936639126742,0.3441936639126742
diningroom:9a0486c5-58e8-4a77-99de-9c4ea78d39d3_LivingDiningRoom-9632,generic_relation_optimizer,eg06_generic_budget_matched,13,0,0.0,0.0,0.3441936639126742,0.3441936639126742
diningroom:9af467c6-d6ee-4530-a48f-87d4f942ac04_DiningRoom-168152,collision_gated_floor_prior,floor_prior_max1.8_mesh_p2_close0.75_far1.6,14,0,0.0,0.0,0.0,0.0
diningroom:9af467c6-d6ee-4530-a48f-87d4f942ac04_DiningRoom-168152,random_movement_matched_seed0,eg06_random_seed0,14,0,0.0,0.0,0.0,0.0
diningroom:9af467c6-d6ee-4530-a48f-87d4f942ac04_DiningRoom-168152,random_movement_matched_seed1,eg06_random_seed1,14,0,0.0,0.0,0.0,0.0
diningroom:9af467c6-d6ee-4530-a48f-87d4f942ac04_DiningRoom-168152,random_movement_matched_seed2,eg06_random_seed2,14,0,0.0,0.0,0.0,0.0
diningroom:9af467c6-d6ee-4530-a48f-87d4f942ac04_DiningRoom-168152,generic_relation_optimizer,eg06_generic_budget_matched,14,0,0.0,0.0,0.0,0.0
diningroom:9af95d77-acc9-4ab0-b951-1dc42afae8a4_DiningRoom-5492,collision_gated_floor_prior,floor_prior_max1.8_mesh_p2_close0.75_far1.6,6,1,0.5991182714349084,0.5991182714349084,0.5991182714349084,0.5991182714349084
diningroom:9af95d77-acc9-4ab0-b951-1dc42afae8a4_DiningRoom-5492,random_movement_matched_seed0,eg06_random_seed0,6,1,0.5991182714349084,0.5991182714349084,0.5991182714349084,0.5991182714349084
diningroom:9af95d77-acc9-4ab0-b951-1dc42afae8a4_DiningRoom-5492,random_movement_matched_seed1,eg06_random_seed1,6,1,0.5991182714349084,0.5991182714349084,0.5991182714349084,0.5991182714349084
diningroom:9af95d77-acc9-4ab0-b951-1dc42afae8a4_DiningRoom-5492,random_movement_matched_seed2,eg06_random_seed2,6,1,0.5991182714349084,0.5991182714349084,0.5991182714349084,0.5991182714349084
diningroom:9af95d77-acc9-4ab0-b951-1dc42afae8a4_DiningRoom-5492,generic_relation_optimizer,eg06_generic_budget_matched,6,0,0.0,0.0,0.5991182714349084,0.5991182714349084
diningroom:9c164b35-f1f3-4ae5-bbfa-5003672ac1d8_LivingDiningRoom-8304,collision_gated_floor_prior,floor_prior_max1.8_mesh_p2_close0.75_far1.6,16,1,0.9338672516340997,0.9338672516340997,0.9338672516340997,0.9338672516340997
diningroom:9c164b35-f1f3-4ae5-bbfa-5003672ac1d8_LivingDiningRoom-8304,random_movement_matched_seed0,eg06_random_seed0,16,1,0.9338672516340996,0.9338672516340996,0.9338672516340997,0.9338672516340997
diningroom:9c164b35-f1f3-4ae5-bbfa-5003672ac1d8_LivingDiningRoom-8304,random_movement_matched_seed1,eg06_random_seed1,16,1,0.9338672516340996,0.9338672516340996,0.9338672516340997,0.9338672516340997
diningroom:9c164b35-f1f3-4ae5-bbfa-5003672ac1d8_LivingDiningRoom-8304,random_movement_matched_seed2,eg06_random_seed2,16,1,0.9338672516340998,0.9338672516340998,0.9338672516340997,0.9338672516340997
diningroom:9c164b35-f1f3-4ae5-bbfa-5003672ac1d8_LivingDiningRoom-8304,generic_relation_optimizer,eg06_generic_budget_matched,16,0,0.0,0.0,0.9338672516340997,0.9338672516340997
diningroom:9d21c2a0-3cc4-4ce4-a926-506ed2c32a14_DiningRoom-375,collision_gated_floor_prior,floor_prior_max1.8_mesh_p2_close0.75_far1.6,6,1,0.9252818843978597,0.9252818843978597,0.9252818843978597,0.9252818843978597
diningroom:9d21c2a0-3cc4-4ce4-a926-506ed2c32a14_DiningRoom-375,random_movement_matched_seed0,eg06_random_seed0,6,1,0.9252818843978597,0.9252818843978597,0.9252818843978597,0.9252818843978597
diningroom:9d21c2a0-3cc4-4ce4-a926-506ed2c32a14_DiningRoom-375,random_movement_matched_seed1,eg06_random_seed1,6,1,0.9252818843978597,0.9252818843978597,0.9252818843978597,0.9252818843978597
diningroom:9d21c2a0-3cc4-4ce4-a926-506ed2c32a14_DiningRoom-375,random_movement_matched_seed2,eg06_random_seed2,6,1,0.9252818843978596,0.9252818843978596,0.9252818843978597,0.9252818843978597
diningroom:9d21c2a0-3cc4-4ce4-a926-506ed2c32a14_DiningRoom-375,generic_relation_optimizer,eg06_generic_budget_matched,6,0,0.0,0.0,0.9252818843978597,0.9252818843978597
diningroom:9d3329f3-b506-49ce-9edd-ac5155143bf4_DiningRoom-3017,collision_gated_floor_prior,floor_prior_max1.8_mesh_p2_close0.75_far1.6,8,0,0.0,0.0,0.0,0.0
diningroom:9d3329f3-b506-49ce-9edd-ac5155143bf4_DiningRoom-3017,random_movement_matched_seed0,eg06_random_seed0,8,0,0.0,0.0,0.0,0.0
diningroom:9d3329f3-b506-49ce-9edd-ac5155143bf4_DiningRoom-3017,random_movement_matched_seed1,eg06_random_seed1,8,0,0.0,0.0,0.0,0.0
diningroom:9d3329f3-b506-49ce-9edd-ac5155143bf4_DiningRoom-3017,random_movement_matched_seed2,eg06_random_seed2,8,0,0.0,0.0,0.0,0.0
diningroom:9d3329f3-b506-49ce-9edd-ac5155143bf4_DiningRoom-3017,generic_relation_optimizer,eg06_generic_budget_matched,8,0,0.0,0.0,0.0,0.0
diningroom:9ec57030-6db6-4eb0-a0e1-5d1478906827_LivingDiningRoom-13962,collision_gated_floor_prior,floor_prior_max1.8_mesh_p2_close0.75_far1.6,12,1,0.48292704484891436,0.48292704484891436,0.48292704484891436,0.48292704484891436
diningroom:9ec57030-6db6-4eb0-a0e1-5d1478906827_LivingDiningRoom-13962,random_movement_matched_seed0,eg06_random_seed0,12,1,0.48292704484891447,0.48292704484891447,0.48292704484891436,0.48292704484891436
diningroom:9ec57030-6db6-4eb0-a0e1-5d1478906827_LivingDiningRoom-13962,random_movement_matched_seed1,eg06_random_seed1,12,1,0.4829270448489144,0.4829270448489144,0.48292704484891436,0.48292704484891436
diningroom:9ec57030-6db6-4eb0-a0e1-5d1478906827_LivingDiningRoom-13962,random_movement_matched_seed2,eg06_random_seed2,12,1,0.48292704484891424,0.48292704484891424,0.48292704484891436,0.48292704484891436
diningroom:9ec57030-6db6-4eb0-a0e1-5d1478906827_LivingDiningRoom-13962,generic_relation_optimizer,eg06_generic_budget_matched,12,0,0.0,0.0,0.48292704484891436,0.48292704484891436
diningroom:9f7ebccd-db81-4599-aafa-936c371f9012_LivingDiningRoom-22877,collision_gated_floor_prior,floor_prior_max1.8_mesh_p2_close0.75_far1.6,11,0,0.0,0.0,0.0,0.0
diningroom:9f7ebccd-db81-4599-aafa-936c371f9012_LivingDiningRoom-22877,random_movement_matched_seed0,eg06_random_seed0,11,0,0.0,0.0,0.0,0.0
diningroom:9f7ebccd-db81-4599-aafa-936c371f9012_LivingDiningRoom-22877,random_movement_matched_seed1,eg06_random_seed1,11,0,0.0,0.0,0.0,0.0
diningroom:9f7ebccd-db81-4599-aafa-936c371f9012_LivingDiningRoom-22877,random_movement_matched_seed2,eg06_random_seed2,11,0,0.0,0.0,0.0,0.0
diningroom:9f7ebccd-db81-4599-aafa-936c371f9012_LivingDiningRoom-22877,generic_relation_optimizer,eg06_generic_budget_matched,11,0,0.0,0.0,0.0,0.0
diningroom:9f8f93c4-796c-41ff-863d-c7713981e450_LivingDiningRoom-4027,collision_gated_floor_prior,floor_prior_max1.8_mesh_p2_close0.75_far1.6,14,1,0.18027274330911558,0.18027274330911558,0.18027274330911558,0.18027274330911558
diningroom:9f8f93c4-796c-41ff-863d-c7713981e450_LivingDiningRoom-4027,random_movement_matched_seed0,eg06_random_seed0,14,1,0.18027274330911555,0.18027274330911555,0.18027274330911558,0.18027274330911558
diningroom:9f8f93c4-796c-41ff-863d-c7713981e450_LivingDiningRoom-4027,random_movement_matched_seed1,eg06_random_seed1,14,1,0.18027274330911566,0.18027274330911566,0.18027274330911558,0.18027274330911558
diningroom:9f8f93c4-796c-41ff-863d-c7713981e450_LivingDiningRoom-4027,random_movement_matched_seed2,eg06_random_seed2,14,1,0.1802727433091156,0.1802727433091156,0.18027274330911558,0.18027274330911558
diningroom:9f8f93c4-796c-41ff-863d-c7713981e450_LivingDiningRoom-4027,generic_relation_optimizer,eg06_generic_budget_matched,14,0,0.0,0.0,0.18027274330911558,0.18027274330911558
diningroom:a002b6aa-5fcb-4491-88b8-a8bf0f70f598_LivingDiningRoom-9373,collision_gated_floor_prior,floor_prior_max1.8_mesh_p2_close0.75_far1.6,12,0,0.0,0.0,0.0,0.0
diningroom:a002b6aa-5fcb-4491-88b8-a8bf0f70f598_LivingDiningRoom-9373,random_movement_matched_seed0,eg06_random_seed0,12,0,0.0,0.0,0.0,0.0
diningroom:a002b6aa-5fcb-4491-88b8-a8bf0f70f598_LivingDiningRoom-9373,random_movement_matched_seed1,eg06_random_seed1,12,0,0.0,0.0,0.0,0.0
diningroom:a002b6aa-5fcb-4491-88b8-a8bf0f70f598_LivingDiningRoom-9373,random_movement_matched_seed2,eg06_random_seed2,12,0,0.0,0.0,0.0,0.0
diningroom:a002b6aa-5fcb-4491-88b8-a8bf0f70f598_LivingDiningRoom-9373,generic_relation_optimizer,eg06_generic_budget_matched,12,0,0.0,0.0,0.0,0.0
diningroom:a0f0e5f2-09a8-4a38-a4a3-7e88a67c1575_LivingDiningRoom-1315,collision_gated_floor_prior,floor_prior_max1.8_mesh_p2_close0.75_far1.6,6,0,0.0,0.0,0.0,0.0
diningroom:a0f0e5f2-09a8-4a38-a4a3-7e88a67c1575_LivingDiningRoom-1315,random_movement_matched_seed0,eg06_random_seed0,6,0,0.0,0.0,0.0,0.0
diningroom:a0f0e5f2-09a8-4a38-a4a3-7e88a67c1575_LivingDiningRoom-1315,random_movement_matched_seed1,eg06_random_seed1,6,0,0.0,0.0,0.0,0.0
diningroom:a0f0e5f2-09a8-4a38-a4a3-7e88a67c1575_LivingDiningRoom-1315,random_movement_matched_seed2,eg06_random_seed2,6,0,0.0,0.0,0.0,0.0
diningroom:a0f0e5f2-09a8-4a38-a4a3-7e88a67c1575_LivingDiningRoom-1315,generic_relation_optimizer,eg06_generic_budget_matched,6,0,0.0,0.0,0.0,0.0
diningroom:a51a334d-6705-4820-8f10-4d024ba28d37_LivingDiningRoom-6081,collision_gated_floor_prior,floor_prior_max1.8_mesh_p2_close0.75_far1.6,13,0,0.0,0.0,0.0,0.0
diningroom:a51a334d-6705-4820-8f10-4d024ba28d37_LivingDiningRoom-6081,random_movement_matched_seed0,eg06_random_seed0,13,0,0.0,0.0,0.0,0.0
diningroom:a51a334d-6705-4820-8f10-4d024ba28d37_LivingDiningRoom-6081,random_movement_matched_seed1,eg06_random_seed1,13,0,0.0,0.0,0.0,0.0
diningroom:a51a334d-6705-4820-8f10-4d024ba28d37_LivingDiningRoom-6081,random_movement_matched_seed2,eg06_random_seed2,13,0,0.0,0.0,0.0,0.0
diningroom:a51a334d-6705-4820-8f10-4d024ba28d37_LivingDiningRoom-6081,generic_relation_optimizer,eg06_generic_budget_matched,13,0,0.0,0.0,0.0,0.0
diningroom:a6121dc7-7fc9-4ca0-af1d-bacd537be48a_LivingDiningRoom-1196,collision_gated_floor_prior,floor_prior_max1.8_mesh_p2_close0.75_far1.6,9,0,0.0,0.0,0.0,0.0
diningroom:a6121dc7-7fc9-4ca0-af1d-bacd537be48a_LivingDiningRoom-1196,random_movement_matched_seed0,eg06_random_seed0,9,0,0.0,0.0,0.0,0.0
diningroom:a6121dc7-7fc9-4ca0-af1d-bacd537be48a_LivingDiningRoom-1196,random_movement_matched_seed1,eg06_random_seed1,9,0,0.0,0.0,0.0,0.0
diningroom:a6121dc7-7fc9-4ca0-af1d-bacd537be48a_LivingDiningRoom-1196,random_movement_matched_seed2,eg06_random_seed2,9,0,0.0,0.0,0.0,0.0
diningroom:a6121dc7-7fc9-4ca0-af1d-bacd537be48a_LivingDiningRoom-1196,generic_relation_optimizer,eg06_generic_budget_matched,9,0,0.0,0.0,0.0,0.0
diningroom:a6295210-e8d7-401e-a5db-6efeef45e5d5_LivingDiningRoom-19698,collision_gated_floor_prior,floor_prior_max1.8_mesh_p2_close0.75_far1.6,6,0,0.0,0.0,0.0,0.0
diningroom:a6295210-e8d7-401e-a5db-6efeef45e5d5_LivingDiningRoom-19698,random_movement_matched_seed0,eg06_random_seed0,6,0,0.0,0.0,0.0,0.0
diningroom:a6295210-e8d7-401e-a5db-6efeef45e5d5_LivingDiningRoom-19698,random_movement_matched_seed1,eg06_random_seed1,6,0,0.0,0.0,0.0,0.0
diningroom:a6295210-e8d7-401e-a5db-6efeef45e5d5_LivingDiningRoom-19698,random_movement_matched_seed2,eg06_random_seed2,6,0,0.0,0.0,0.0,0.0
diningroom:a6295210-e8d7-401e-a5db-6efeef45e5d5_LivingDiningRoom-19698,generic_relation_optimizer,eg06_generic_budget_matched,6,0,0.0,0.0,0.0,0.0
diningroom:a62c4a8d-d297-402a-b688-5d551d889530_DiningRoom-164,collision_gated_floor_prior,floor_prior_max1.8_mesh_p2_close0.75_far1.6,8,0,0.0,0.0,0.0,0.0
diningroom:a62c4a8d-d297-402a-b688-5d551d889530_DiningRoom-164,random_movement_matched_seed0,eg06_random_seed0,8,0,0.0,0.0,0.0,0.0
diningroom:a62c4a8d-d297-402a-b688-5d551d889530_DiningRoom-164,random_movement_matched_seed1,eg06_random_seed1,8,0,0.0,0.0,0.0,0.0
diningroom:a62c4a8d-d297-402a-b688-5d551d889530_DiningRoom-164,random_movement_matched_seed2,eg06_random_seed2,8,0,0.0,0.0,0.0,0.0
diningroom:a62c4a8d-d297-402a-b688-5d551d889530_DiningRoom-164,generic_relation_optimizer,eg06_generic_budget_matched,8,0,0.0,0.0,0.0,0.0
diningroom:a9efa7e9-ca08-4e7b-84cb-a1cbe3a71211_LivingDiningRoom-43160,collision_gated_floor_prior,floor_prior_max1.8_mesh_p2_close0.75_far1.6,14,0,0.0,0.0,0.0,0.0
diningroom:a9efa7e9-ca08-4e7b-84cb-a1cbe3a71211_LivingDiningRoom-43160,random_movement_matched_seed0,eg06_random_seed0,14,0,0.0,0.0,0.0,0.0
diningroom:a9efa7e9-ca08-4e7b-84cb-a1cbe3a71211_LivingDiningRoom-43160,random_movement_matched_seed1,eg06_random_seed1,14,0,0.0,0.0,0.0,0.0
diningroom:a9efa7e9-ca08-4e7b-84cb-a1cbe3a71211_LivingDiningRoom-43160,random_movement_matched_seed2,eg06_random_seed2,14,0,0.0,0.0,0.0,0.0
diningroom:a9efa7e9-ca08-4e7b-84cb-a1cbe3a71211_LivingDiningRoom-43160,generic_relation_optimizer,eg06_generic_budget_matched,14,0,0.0,0.0,0.0,0.0
diningroom:aa8112cc-d57e-4a9f-a425-d40e7d114b08_DiningRoom-34036,collision_gated_floor_prior,floor_prior_max1.8_mesh_p2_close0.75_far1.6,13,0,0.0,0.0,0.0,0.0
diningroom:aa8112cc-d57e-4a9f-a425-d40e7d114b08_DiningRoom-34036,random_movement_matched_seed0,eg06_random_seed0,13,0,0.0,0.0,0.0,0.0
diningroom:aa8112cc-d57e-4a9f-a425-d40e7d114b08_DiningRoom-34036,random_movement_matched_seed1,eg06_random_seed1,13,0,0.0,0.0,0.0,0.0
diningroom:aa8112cc-d57e-4a9f-a425-d40e7d114b08_DiningRoom-34036,random_movement_matched_seed2,eg06_random_seed2,13,0,0.0,0.0,0.0,0.0
diningroom:aa8112cc-d57e-4a9f-a425-d40e7d114b08_DiningRoom-34036,generic_relation_optimizer,eg06_generic_budget_matched,13,0,0.0,0.0,0.0,0.0
diningroom:aba20980-69fd-436b-917a-5f1324e22852_LivingDiningRoom-26816,collision_gated_floor_prior,floor_prior_max1.8_mesh_p2_close0.75_far1.6,15,0,0.0,0.0,0.0,0.0
diningroom:aba20980-69fd-436b-917a-5f1324e22852_LivingDiningRoom-26816,random_movement_matched_seed0,eg06_random_seed0,15,0,0.0,0.0,0.0,0.0
diningroom:aba20980-69fd-436b-917a-5f1324e22852_LivingDiningRoom-26816,random_movement_matched_seed1,eg06_random_seed1,15,0,0.0,0.0,0.0,0.0
diningroom:aba20980-69fd-436b-917a-5f1324e22852_LivingDiningRoom-26816,random_movement_matched_seed2,eg06_random_seed2,15,0,0.0,0.0,0.0,0.0
diningroom:aba20980-69fd-436b-917a-5f1324e22852_LivingDiningRoom-26816,generic_relation_optimizer,eg06_generic_budget_matched,15,0,0.0,0.0,0.0,0.0
diningroom:af30f054-a88b-4acf-b497-5f67cbd25af6_DiningRoom-114621,collision_gated_floor_prior,floor_prior_max1.8_mesh_p2_close0.75_far1.6,17,0,0.0,0.0,0.0,0.0
diningroom:af30f054-a88b-4acf-b497-5f67cbd25af6_DiningRoom-114621,random_movement_matched_seed0,eg06_random_seed0,17,0,0.0,0.0,0.0,0.0
diningroom:af30f054-a88b-4acf-b497-5f67cbd25af6_DiningRoom-114621,random_movement_matched_seed1,eg06_random_seed1,17,0,0.0,0.0,0.0,0.0
diningroom:af30f054-a88b-4acf-b497-5f67cbd25af6_DiningRoom-114621,random_movement_matched_seed2,eg06_random_seed2,17,0,0.0,0.0,0.0,0.0
diningroom:af30f054-a88b-4acf-b497-5f67cbd25af6_DiningRoom-114621,generic_relation_optimizer,eg06_generic_budget_matched,17,0,0.0,0.0,0.0,0.0
diningroom:af474567-7aec-4b7f-8e0a-9054871beb8a_DiningRoom-33238,collision_gated_floor_prior,floor_prior_max1.8_mesh_p2_close0.75_far1.6,3,0,0.0,0.0,0.0,0.0
diningroom:af474567-7aec-4b7f-8e0a-9054871beb8a_DiningRoom-33238,random_movement_matched_seed0,eg06_random_seed0,3,0,0.0,0.0,0.0,0.0
diningroom:af474567-7aec-4b7f-8e0a-9054871beb8a_DiningRoom-33238,random_movement_matched_seed1,eg06_random_seed1,3,0,0.0,0.0,0.0,0.0
diningroom:af474567-7aec-4b7f-8e0a-9054871beb8a_DiningRoom-33238,random_movement_matched_seed2,eg06_random_seed2,3,0,0.0,0.0,0.0,0.0
diningroom:af474567-7aec-4b7f-8e0a-9054871beb8a_DiningRoom-33238,generic_relation_optimizer,eg06_generic_budget_matched,3,0,0.0,0.0,0.0,0.0
diningroom:b0dc2c16-296a-491e-a82b-d2d7fd8fdada_LivingDiningRoom-968,collision_gated_floor_prior,floor_prior_max1.8_mesh_p2_close0.75_far1.6,10,1,0.3939980070566436,0.3939980070566436,0.3939980070566436,0.3939980070566436
diningroom:b0dc2c16-296a-491e-a82b-d2d7fd8fdada_LivingDiningRoom-968,random_movement_matched_seed0,eg06_random_seed0,10,1,0.39399800705664373,0.39399800705664373,0.3939980070566436,0.3939980070566436
diningroom:b0dc2c16-296a-491e-a82b-d2d7fd8fdada_LivingDiningRoom-968,random_movement_matched_seed1,eg06_random_seed1,10,1,0.3939980070566436,0.3939980070566436,0.3939980070566436,0.3939980070566436
diningroom:b0dc2c16-296a-491e-a82b-d2d7fd8fdada_LivingDiningRoom-968,random_movement_matched_seed2,eg06_random_seed2,10,1,0.3939980070566436,0.3939980070566436,0.3939980070566436,0.3939980070566436
diningroom:b0dc2c16-296a-491e-a82b-d2d7fd8fdada_LivingDiningRoom-968,generic_relation_optimizer,eg06_generic_budget_matched,10,0,0.0,0.0,0.3939980070566436,0.3939980070566436
diningroom:b28a98d3-1348-478e-825d-572ee7454666_LivingDiningRoom-13555,collision_gated_floor_prior,floor_prior_max1.8_mesh_p2_close0.75_far1.6,10,0,0.0,0.0,0.0,0.0
diningroom:b28a98d3-1348-478e-825d-572ee7454666_LivingDiningRoom-13555,random_movement_matched_seed0,eg06_random_seed0,10,0,0.0,0.0,0.0,0.0
diningroom:b28a98d3-1348-478e-825d-572ee7454666_LivingDiningRoom-13555,random_movement_matched_seed1,eg06_random_seed1,10,0,0.0,0.0,0.0,0.0
diningroom:b28a98d3-1348-478e-825d-572ee7454666_LivingDiningRoom-13555,random_movement_matched_seed2,eg06_random_seed2,10,0,0.0,0.0,0.0,0.0
diningroom:b28a98d3-1348-478e-825d-572ee7454666_LivingDiningRoom-13555,generic_relation_optimizer,eg06_generic_budget_matched,10,0,0.0,0.0,0.0,0.0
diningroom:b9c1aec3-a600-4084-908a-c351c423a357_LivingDiningRoom-19374,collision_gated_floor_prior,floor_prior_max1.8_mesh_p2_close0.75_far1.6,13,0,0.0,0.0,0.0,0.0
diningroom:b9c1aec3-a600-4084-908a-c351c423a357_LivingDiningRoom-19374,random_movement_matched_seed0,eg06_random_seed0,13,0,0.0,0.0,0.0,0.0
diningroom:b9c1aec3-a600-4084-908a-c351c423a357_LivingDiningRoom-19374,random_movement_matched_seed1,eg06_random_seed1,13,0,0.0,0.0,0.0,0.0
diningroom:b9c1aec3-a600-4084-908a-c351c423a357_LivingDiningRoom-19374,random_movement_matched_seed2,eg06_random_seed2,13,0,0.0,0.0,0.0,0.0
diningroom:b9c1aec3-a600-4084-908a-c351c423a357_LivingDiningRoom-19374,generic_relation_optimizer,eg06_generic_budget_matched,13,0,0.0,0.0,0.0,0.0
diningroom:bb12eac8-8dc8-46e9-b614-f5af84404423_DiningRoom-69393,collision_gated_floor_prior,floor_prior_max1.8_mesh_p2_close0.75_far1.6,8,1,0.58339115420439,0.58339115420439,0.58339115420439,0.58339115420439
diningroom:bb12eac8-8dc8-46e9-b614-f5af84404423_DiningRoom-69393,random_movement_matched_seed0,eg06_random_seed0,8,1,0.58339115420439,0.58339115420439,0.58339115420439,0.58339115420439
diningroom:bb12eac8-8dc8-46e9-b614-f5af84404423_DiningRoom-69393,random_movement_matched_seed1,eg06_random_seed1,8,1,0.58339115420439,0.58339115420439,0.58339115420439,0.58339115420439
diningroom:bb12eac8-8dc8-46e9-b614-f5af84404423_DiningRoom-69393,random_movement_matched_seed2,eg06_random_seed2,8,1,0.58339115420439,0.58339115420439,0.58339115420439,0.58339115420439
diningroom:bb12eac8-8dc8-46e9-b614-f5af84404423_DiningRoom-69393,generic_relation_optimizer,eg06_generic_budget_matched,8,1,0.58339115420439,0.58339115420439,0.58339115420439,0.58339115420439
diningroom:bb4a55db-d988-4d61-bc52-175a9a8cec51_DiningRoom-87276,collision_gated_floor_prior,floor_prior_max1.8_mesh_p2_close0.75_far1.6,8,0,0.0,0.0,0.0,0.0
diningroom:bb4a55db-d988-4d61-bc52-175a9a8cec51_DiningRoom-87276,random_movement_matched_seed0,eg06_random_seed0,8,0,0.0,0.0,0.0,0.0
diningroom:bb4a55db-d988-4d61-bc52-175a9a8cec51_DiningRoom-87276,random_movement_matched_seed1,eg06_random_seed1,8,0,0.0,0.0,0.0,0.0
diningroom:bb4a55db-d988-4d61-bc52-175a9a8cec51_DiningRoom-87276,random_movement_matched_seed2,eg06_random_seed2,8,0,0.0,0.0,0.0,0.0
diningroom:bb4a55db-d988-4d61-bc52-175a9a8cec51_DiningRoom-87276,generic_relation_optimizer,eg06_generic_budget_matched,8,0,0.0,0.0,0.0,0.0
diningroom:bbb6f659-f2da-4785-95f3-5fdcf0f66dd4_LivingDiningRoom-4850,collision_gated_floor_prior,floor_prior_max1.8_mesh_p2_close0.75_far1.6,14,0,0.0,0.0,0.0,0.0
diningroom:bbb6f659-f2da-4785-95f3-5fdcf0f66dd4_LivingDiningRoom-4850,random_movement_matched_seed0,eg06_random_seed0,14,0,0.0,0.0,0.0,0.0
diningroom:bbb6f659-f2da-4785-95f3-5fdcf0f66dd4_LivingDiningRoom-4850,random_movement_matched_seed1,eg06_random_seed1,14,0,0.0,0.0,0.0,0.0
diningroom:bbb6f659-f2da-4785-95f3-5fdcf0f66dd4_LivingDiningRoom-4850,random_movement_matched_seed2,eg06_random_seed2,14,0,0.0,0.0,0.0,0.0
diningroom:bbb6f659-f2da-4785-95f3-5fdcf0f66dd4_LivingDiningRoom-4850,generic_relation_optimizer,eg06_generic_budget_matched,14,0,0.0,0.0,0.0,0.0
diningroom:bbf5f0c3-25b9-4288-afa1-f2545fab15ba_DiningRoom-16460,collision_gated_floor_prior,floor_prior_max1.8_mesh_p2_close0.75_far1.6,13,0,0.0,0.0,0.0,0.0
diningroom:bbf5f0c3-25b9-4288-afa1-f2545fab15ba_DiningRoom-16460,random_movement_matched_seed0,eg06_random_seed0,13,0,0.0,0.0,0.0,0.0
diningroom:bbf5f0c3-25b9-4288-afa1-f2545fab15ba_DiningRoom-16460,random_movement_matched_seed1,eg06_random_seed1,13,0,0.0,0.0,0.0,0.0
diningroom:bbf5f0c3-25b9-4288-afa1-f2545fab15ba_DiningRoom-16460,random_movement_matched_seed2,eg06_random_seed2,13,0,0.0,0.0,0.0,0.0
diningroom:bbf5f0c3-25b9-4288-afa1-f2545fab15ba_DiningRoom-16460,generic_relation_optimizer,eg06_generic_budget_matched,13,0,0.0,0.0,0.0,0.0
diningroom:bc3508cf-b422-480f-baa2-80fd11a6a11d_LivingDiningRoom-17385,collision_gated_floor_prior,floor_prior_max1.8_mesh_p2_close0.75_far1.6,10,0,0.0,0.0,0.0,0.0
diningroom:bc3508cf-b422-480f-baa2-80fd11a6a11d_LivingDiningRoom-17385,random_movement_matched_seed0,eg06_random_seed0,10,0,0.0,0.0,0.0,0.0
diningroom:bc3508cf-b422-480f-baa2-80fd11a6a11d_LivingDiningRoom-17385,random_movement_matched_seed1,eg06_random_seed1,10,0,0.0,0.0,0.0,0.0
diningroom:bc3508cf-b422-480f-baa2-80fd11a6a11d_LivingDiningRoom-17385,random_movement_matched_seed2,eg06_random_seed2,10,0,0.0,0.0,0.0,0.0
diningroom:bc3508cf-b422-480f-baa2-80fd11a6a11d_LivingDiningRoom-17385,generic_relation_optimizer,eg06_generic_budget_matched,10,0,0.0,0.0,0.0,0.0
diningroom:be37ae8e-a3aa-4202-a812-9be187c941b5_DiningRoom-31322,collision_gated_floor_prior,floor_prior_max1.8_mesh_p2_close0.75_far1.6,9,0,0.0,0.0,0.0,0.0
diningroom:be37ae8e-a3aa-4202-a812-9be187c941b5_DiningRoom-31322,random_movement_matched_seed0,eg06_random_seed0,9,0,0.0,0.0,0.0,0.0
diningroom:be37ae8e-a3aa-4202-a812-9be187c941b5_DiningRoom-31322,random_movement_matched_seed1,eg06_random_seed1,9,0,0.0,0.0,0.0,0.0
diningroom:be37ae8e-a3aa-4202-a812-9be187c941b5_DiningRoom-31322,random_movement_matched_seed2,eg06_random_seed2,9,0,0.0,0.0,0.0,0.0
diningroom:be37ae8e-a3aa-4202-a812-9be187c941b5_DiningRoom-31322,generic_relation_optimizer,eg06_generic_budget_matched,9,0,0.0,0.0,0.0,0.0
diningroom:be677899-49c7-4ae5-89f8-7e3b54f37f0a_LivingDiningRoom-16155,collision_gated_floor_prior,floor_prior_max1.8_mesh_p2_close0.75_far1.6,10,0,0.0,0.0,0.0,0.0
diningroom:be677899-49c7-4ae5-89f8-7e3b54f37f0a_LivingDiningRoom-16155,random_movement_matched_seed0,eg06_random_seed0,10,0,0.0,0.0,0.0,0.0
diningroom:be677899-49c7-4ae5-89f8-7e3b54f37f0a_LivingDiningRoom-16155,random_movement_matched_seed1,eg06_random_seed1,10,0,0.0,0.0,0.0,0.0
diningroom:be677899-49c7-4ae5-89f8-7e3b54f37f0a_LivingDiningRoom-16155,random_movement_matched_seed2,eg06_random_seed2,10,0,0.0,0.0,0.0,0.0
diningroom:be677899-49c7-4ae5-89f8-7e3b54f37f0a_LivingDiningRoom-16155,generic_relation_optimizer,eg06_generic_budget_matched,10,0,0.0,0.0,0.0,0.0
diningroom:bf0c006b-a15a-4357-ac71-9d0249d85d72_DiningRoom-20718,collision_gated_floor_prior,floor_prior_max1.8_mesh_p2_close0.75_far1.6,13,0,0.0,0.0,0.0,0.0
diningroom:bf0c006b-a15a-4357-ac71-9d0249d85d72_DiningRoom-20718,random_movement_matched_seed0,eg06_random_seed0,13,0,0.0,0.0,0.0,0.0
diningroom:bf0c006b-a15a-4357-ac71-9d0249d85d72_DiningRoom-20718,random_movement_matched_seed1,eg06_random_seed1,13,0,0.0,0.0,0.0,0.0
diningroom:bf0c006b-a15a-4357-ac71-9d0249d85d72_DiningRoom-20718,random_movement_matched_seed2,eg06_random_seed2,13,0,0.0,0.0,0.0,0.0
diningroom:bf0c006b-a15a-4357-ac71-9d0249d85d72_DiningRoom-20718,generic_relation_optimizer,eg06_generic_budget_matched,13,0,0.0,0.0,0.0,0.0
diningroom:c05880a2-1426-4f4f-947a-cb0c2b43b913_LivingDiningRoom-14432,collision_gated_floor_prior,floor_prior_max1.8_mesh_p2_close0.75_far1.6,16,0,0.0,0.0,0.0,0.0
diningroom:c05880a2-1426-4f4f-947a-cb0c2b43b913_LivingDiningRoom-14432,random_movement_matched_seed0,eg06_random_seed0,16,0,0.0,0.0,0.0,0.0
diningroom:c05880a2-1426-4f4f-947a-cb0c2b43b913_LivingDiningRoom-14432,random_movement_matched_seed1,eg06_random_seed1,16,0,0.0,0.0,0.0,0.0
diningroom:c05880a2-1426-4f4f-947a-cb0c2b43b913_LivingDiningRoom-14432,random_movement_matched_seed2,eg06_random_seed2,16,0,0.0,0.0,0.0,0.0
diningroom:c05880a2-1426-4f4f-947a-cb0c2b43b913_LivingDiningRoom-14432,generic_relation_optimizer,eg06_generic_budget_matched,16,0,0.0,0.0,0.0,0.0
diningroom:c3b5ef1d-9ca1-4c6f-b793-443d7682f970_DiningRoom-7122,collision_gated_floor_prior,floor_prior_max1.8_mesh_p2_close0.75_far1.6,20,0,0.0,0.0,0.0,0.0
diningroom:c3b5ef1d-9ca1-4c6f-b793-443d7682f970_DiningRoom-7122,random_movement_matched_seed0,eg06_random_seed0,20,0,0.0,0.0,0.0,0.0
diningroom:c3b5ef1d-9ca1-4c6f-b793-443d7682f970_DiningRoom-7122,random_movement_matched_seed1,eg06_random_seed1,20,0,0.0,0.0,0.0,0.0
diningroom:c3b5ef1d-9ca1-4c6f-b793-443d7682f970_DiningRoom-7122,random_movement_matched_seed2,eg06_random_seed2,20,0,0.0,0.0,0.0,0.0
diningroom:c3b5ef1d-9ca1-4c6f-b793-443d7682f970_DiningRoom-7122,generic_relation_optimizer,eg06_generic_budget_matched,20,0,0.0,0.0,0.0,0.0
diningroom:c5c99bbd-e9d2-40ff-b46c-43ed48e08864_LivingDiningRoom-7430,collision_gated_floor_prior,floor_prior_max1.8_mesh_p2_close0.75_far1.6,12,0,0.0,0.0,0.0,0.0
diningroom:c5c99bbd-e9d2-40ff-b46c-43ed48e08864_LivingDiningRoom-7430,random_movement_matched_seed0,eg06_random_seed0,12,0,0.0,0.0,0.0,0.0
diningroom:c5c99bbd-e9d2-40ff-b46c-43ed48e08864_LivingDiningRoom-7430,random_movement_matched_seed1,eg06_random_seed1,12,0,0.0,0.0,0.0,0.0
diningroom:c5c99bbd-e9d2-40ff-b46c-43ed48e08864_LivingDiningRoom-7430,random_movement_matched_seed2,eg06_random_seed2,12,0,0.0,0.0,0.0,0.0
diningroom:c5c99bbd-e9d2-40ff-b46c-43ed48e08864_LivingDiningRoom-7430,generic_relation_optimizer,eg06_generic_budget_matched,12,0,0.0,0.0,0.0,0.0
diningroom:c9f70be8-2021-4fb1-b599-da3b4e184543_LivingDiningRoom-941,collision_gated_floor_prior,floor_prior_max1.8_mesh_p2_close0.75_far1.6,12,0,0.0,0.0,0.0,0.0
diningroom:c9f70be8-2021-4fb1-b599-da3b4e184543_LivingDiningRoom-941,random_movement_matched_seed0,eg06_random_seed0,12,0,0.0,0.0,0.0,0.0
diningroom:c9f70be8-2021-4fb1-b599-da3b4e184543_LivingDiningRoom-941,random_movement_matched_seed1,eg06_random_seed1,12,0,0.0,0.0,0.0,0.0
diningroom:c9f70be8-2021-4fb1-b599-da3b4e184543_LivingDiningRoom-941,random_movement_matched_seed2,eg06_random_seed2,12,0,0.0,0.0,0.0,0.0
diningroom:c9f70be8-2021-4fb1-b599-da3b4e184543_LivingDiningRoom-941,generic_relation_optimizer,eg06_generic_budget_matched,12,0,0.0,0.0,0.0,0.0
diningroom:cc630582-147a-4713-8a41-16912ec0af41_LivingDiningRoom-10201,collision_gated_floor_prior,floor_prior_max1.8_mesh_p2_close0.75_far1.6,13,0,0.0,0.0,0.0,0.0
diningroom:cc630582-147a-4713-8a41-16912ec0af41_LivingDiningRoom-10201,random_movement_matched_seed0,eg06_random_seed0,13,0,0.0,0.0,0.0,0.0
diningroom:cc630582-147a-4713-8a41-16912ec0af41_LivingDiningRoom-10201,random_movement_matched_seed1,eg06_random_seed1,13,0,0.0,0.0,0.0,0.0
diningroom:cc630582-147a-4713-8a41-16912ec0af41_LivingDiningRoom-10201,random_movement_matched_seed2,eg06_random_seed2,13,0,0.0,0.0,0.0,0.0
diningroom:cc630582-147a-4713-8a41-16912ec0af41_LivingDiningRoom-10201,generic_relation_optimizer,eg06_generic_budget_matched,13,0,0.0,0.0,0.0,0.0
diningroom:cf969c1a-14dd-420c-8739-eda9f0705070_LivingDiningRoom-69704,collision_gated_floor_prior,floor_prior_max1.8_mesh_p2_close0.75_far1.6,13,0,0.0,0.0,0.0,0.0
diningroom:cf969c1a-14dd-420c-8739-eda9f0705070_LivingDiningRoom-69704,random_movement_matched_seed0,eg06_random_seed0,13,0,0.0,0.0,0.0,0.0
diningroom:cf969c1a-14dd-420c-8739-eda9f0705070_LivingDiningRoom-69704,random_movement_matched_seed1,eg06_random_seed1,13,0,0.0,0.0,0.0,0.0
diningroom:cf969c1a-14dd-420c-8739-eda9f0705070_LivingDiningRoom-69704,random_movement_matched_seed2,eg06_random_seed2,13,0,0.0,0.0,0.0,0.0
diningroom:cf969c1a-14dd-420c-8739-eda9f0705070_LivingDiningRoom-69704,generic_relation_optimizer,eg06_generic_budget_matched,13,0,0.0,0.0,0.0,0.0
diningroom:d1200595-8df1-4758-983f-8b8ba63c25f6_DiningRoom-22339,collision_gated_floor_prior,floor_prior_max1.8_mesh_p2_close0.75_far1.6,7,0,0.0,0.0,0.0,0.0
diningroom:d1200595-8df1-4758-983f-8b8ba63c25f6_DiningRoom-22339,random_movement_matched_seed0,eg06_random_seed0,7,0,0.0,0.0,0.0,0.0
diningroom:d1200595-8df1-4758-983f-8b8ba63c25f6_DiningRoom-22339,random_movement_matched_seed1,eg06_random_seed1,7,0,0.0,0.0,0.0,0.0
diningroom:d1200595-8df1-4758-983f-8b8ba63c25f6_DiningRoom-22339,random_movement_matched_seed2,eg06_random_seed2,7,0,0.0,0.0,0.0,0.0
diningroom:d1200595-8df1-4758-983f-8b8ba63c25f6_DiningRoom-22339,generic_relation_optimizer,eg06_generic_budget_matched,7,0,0.0,0.0,0.0,0.0
diningroom:d2832564-46fd-4bed-a477-02c848c8a60f_LivingDiningRoom-2959,collision_gated_floor_prior,floor_prior_max1.8_mesh_p2_close0.75_far1.6,6,0,0.0,0.0,0.0,0.0
diningroom:d2832564-46fd-4bed-a477-02c848c8a60f_LivingDiningRoom-2959,random_movement_matched_seed0,eg06_random_seed0,6,0,0.0,0.0,0.0,0.0
diningroom:d2832564-46fd-4bed-a477-02c848c8a60f_LivingDiningRoom-2959,random_movement_matched_seed1,eg06_random_seed1,6,0,0.0,0.0,0.0,0.0
diningroom:d2832564-46fd-4bed-a477-02c848c8a60f_LivingDiningRoom-2959,random_movement_matched_seed2,eg06_random_seed2,6,0,0.0,0.0,0.0,0.0
diningroom:d2832564-46fd-4bed-a477-02c848c8a60f_LivingDiningRoom-2959,generic_relation_optimizer,eg06_generic_budget_matched,6,0,0.0,0.0,0.0,0.0
diningroom:d370c471-53bd-4027-aafb-1e611b97946a_DiningRoom-12376,collision_gated_floor_prior,floor_prior_max1.8_mesh_p2_close0.75_far1.6,17,0,0.0,0.0,0.0,0.0
diningroom:d370c471-53bd-4027-aafb-1e611b97946a_DiningRoom-12376,random_movement_matched_seed0,eg06_random_seed0,17,0,0.0,0.0,0.0,0.0
diningroom:d370c471-53bd-4027-aafb-1e611b97946a_DiningRoom-12376,random_movement_matched_seed1,eg06_random_seed1,17,0,0.0,0.0,0.0,0.0
diningroom:d370c471-53bd-4027-aafb-1e611b97946a_DiningRoom-12376,random_movement_matched_seed2,eg06_random_seed2,17,0,0.0,0.0,0.0,0.0
diningroom:d370c471-53bd-4027-aafb-1e611b97946a_DiningRoom-12376,generic_relation_optimizer,eg06_generic_budget_matched,17,0,0.0,0.0,0.0,0.0
diningroom:d4237a89-ec0b-42da-b170-231cfa26f8a8_DiningRoom-19885,collision_gated_floor_prior,floor_prior_max1.8_mesh_p2_close0.75_far1.6,5,0,0.0,0.0,0.0,0.0
diningroom:d4237a89-ec0b-42da-b170-231cfa26f8a8_DiningRoom-19885,random_movement_matched_seed0,eg06_random_seed0,5,0,0.0,0.0,0.0,0.0
diningroom:d4237a89-ec0b-42da-b170-231cfa26f8a8_DiningRoom-19885,random_movement_matched_seed1,eg06_random_seed1,5,0,0.0,0.0,0.0,0.0
diningroom:d4237a89-ec0b-42da-b170-231cfa26f8a8_DiningRoom-19885,random_movement_matched_seed2,eg06_random_seed2,5,0,0.0,0.0,0.0,0.0
diningroom:d4237a89-ec0b-42da-b170-231cfa26f8a8_DiningRoom-19885,generic_relation_optimizer,eg06_generic_budget_matched,5,0,0.0,0.0,0.0,0.0
diningroom:d4ab07cf-fc3d-4b62-bf91-01525ca31d1e_LivingDiningRoom-11167,collision_gated_floor_prior,floor_prior_max1.8_mesh_p2_close0.75_far1.6,9,0,0.0,0.0,0.0,0.0
diningroom:d4ab07cf-fc3d-4b62-bf91-01525ca31d1e_LivingDiningRoom-11167,random_movement_matched_seed0,eg06_random_seed0,9,0,0.0,0.0,0.0,0.0
diningroom:d4ab07cf-fc3d-4b62-bf91-01525ca31d1e_LivingDiningRoom-11167,random_movement_matched_seed1,eg06_random_seed1,9,0,0.0,0.0,0.0,0.0
diningroom:d4ab07cf-fc3d-4b62-bf91-01525ca31d1e_LivingDiningRoom-11167,random_movement_matched_seed2,eg06_random_seed2,9,0,0.0,0.0,0.0,0.0
diningroom:d4ab07cf-fc3d-4b62-bf91-01525ca31d1e_LivingDiningRoom-11167,generic_relation_optimizer,eg06_generic_budget_matched,9,0,0.0,0.0,0.0,0.0
diningroom:d63b9c4d-0b03-4e0d-94d1-c113aec32e22_LivingDiningRoom-47893,collision_gated_floor_prior,floor_prior_max1.8_mesh_p2_close0.75_far1.6,16,0,0.0,0.0,0.0,0.0
diningroom:d63b9c4d-0b03-4e0d-94d1-c113aec32e22_LivingDiningRoom-47893,random_movement_matched_seed0,eg06_random_seed0,16,0,0.0,0.0,0.0,0.0
diningroom:d63b9c4d-0b03-4e0d-94d1-c113aec32e22_LivingDiningRoom-47893,random_movement_matched_seed1,eg06_random_seed1,16,0,0.0,0.0,0.0,0.0
diningroom:d63b9c4d-0b03-4e0d-94d1-c113aec32e22_LivingDiningRoom-47893,random_movement_matched_seed2,eg06_random_seed2,16,0,0.0,0.0,0.0,0.0
diningroom:d63b9c4d-0b03-4e0d-94d1-c113aec32e22_LivingDiningRoom-47893,generic_relation_optimizer,eg06_generic_budget_matched,16,0,0.0,0.0,0.0,0.0
diningroom:d97a1fd8-ec70-438d-a7fd-a7badea1eda3_LivingDiningRoom-11440,collision_gated_floor_prior,floor_prior_max1.8_mesh_p2_close0.75_far1.6,18,0,0.0,0.0,0.0,0.0
diningroom:d97a1fd8-ec70-438d-a7fd-a7badea1eda3_LivingDiningRoom-11440,random_movement_matched_seed0,eg06_random_seed0,18,0,0.0,0.0,0.0,0.0
diningroom:d97a1fd8-ec70-438d-a7fd-a7badea1eda3_LivingDiningRoom-11440,random_movement_matched_seed1,eg06_random_seed1,18,0,0.0,0.0,0.0,0.0
diningroom:d97a1fd8-ec70-438d-a7fd-a7badea1eda3_LivingDiningRoom-11440,random_movement_matched_seed2,eg06_random_seed2,18,0,0.0,0.0,0.0,0.0
diningroom:d97a1fd8-ec70-438d-a7fd-a7badea1eda3_LivingDiningRoom-11440,generic_relation_optimizer,eg06_generic_budget_matched,18,0,0.0,0.0,0.0,0.0
diningroom:dd6bddd4-69e6-4636-a698-33c6efba7a7e_DiningRoom-2831,collision_gated_floor_prior,floor_prior_max1.8_mesh_p2_close0.75_far1.6,5,0,0.0,0.0,0.0,0.0
diningroom:dd6bddd4-69e6-4636-a698-33c6efba7a7e_DiningRoom-2831,random_movement_matched_seed0,eg06_random_seed0,5,0,0.0,0.0,0.0,0.0
diningroom:dd6bddd4-69e6-4636-a698-33c6efba7a7e_DiningRoom-2831,random_movement_matched_seed1,eg06_random_seed1,5,0,0.0,0.0,0.0,0.0
diningroom:dd6bddd4-69e6-4636-a698-33c6efba7a7e_DiningRoom-2831,random_movement_matched_seed2,eg06_random_seed2,5,0,0.0,0.0,0.0,0.0
diningroom:dd6bddd4-69e6-4636-a698-33c6efba7a7e_DiningRoom-2831,generic_relation_optimizer,eg06_generic_budget_matched,5,0,0.0,0.0,0.0,0.0
diningroom:e2d00f14-06f1-4b29-a9a1-f17618a2d7b7_DiningRoom-60525,collision_gated_floor_prior,floor_prior_max1.8_mesh_p2_close0.75_far1.6,7,0,0.0,0.0,0.0,0.0
diningroom:e2d00f14-06f1-4b29-a9a1-f17618a2d7b7_DiningRoom-60525,random_movement_matched_seed0,eg06_random_seed0,7,0,0.0,0.0,0.0,0.0
diningroom:e2d00f14-06f1-4b29-a9a1-f17618a2d7b7_DiningRoom-60525,random_movement_matched_seed1,eg06_random_seed1,7,0,0.0,0.0,0.0,0.0
diningroom:e2d00f14-06f1-4b29-a9a1-f17618a2d7b7_DiningRoom-60525,random_movement_matched_seed2,eg06_random_seed2,7,0,0.0,0.0,0.0,0.0
diningroom:e2d00f14-06f1-4b29-a9a1-f17618a2d7b7_DiningRoom-60525,generic_relation_optimizer,eg06_generic_budget_matched,7,0,0.0,0.0,0.0,0.0
diningroom:e5a744d6-d36d-4682-877f-fea6e9614c94_LivingDiningRoom-17836,collision_gated_floor_prior,floor_prior_max1.8_mesh_p2_close0.75_far1.6,13,0,0.0,0.0,0.0,0.0
diningroom:e5a744d6-d36d-4682-877f-fea6e9614c94_LivingDiningRoom-17836,random_movement_matched_seed0,eg06_random_seed0,13,0,0.0,0.0,0.0,0.0
diningroom:e5a744d6-d36d-4682-877f-fea6e9614c94_LivingDiningRoom-17836,random_movement_matched_seed1,eg06_random_seed1,13,0,0.0,0.0,0.0,0.0
diningroom:e5a744d6-d36d-4682-877f-fea6e9614c94_LivingDiningRoom-17836,random_movement_matched_seed2,eg06_random_seed2,13,0,0.0,0.0,0.0,0.0
diningroom:e5a744d6-d36d-4682-877f-fea6e9614c94_LivingDiningRoom-17836,generic_relation_optimizer,eg06_generic_budget_matched,13,0,0.0,0.0,0.0,0.0
diningroom:e892807a-549e-4a8f-855b-075fa1b70c9f_LivingDiningRoom-19931,collision_gated_floor_prior,floor_prior_max1.8_mesh_p2_close0.75_far1.6,12,0,0.0,0.0,0.0,0.0
diningroom:e892807a-549e-4a8f-855b-075fa1b70c9f_LivingDiningRoom-19931,random_movement_matched_seed0,eg06_random_seed0,12,0,0.0,0.0,0.0,0.0
diningroom:e892807a-549e-4a8f-855b-075fa1b70c9f_LivingDiningRoom-19931,random_movement_matched_seed1,eg06_random_seed1,12,0,0.0,0.0,0.0,0.0
diningroom:e892807a-549e-4a8f-855b-075fa1b70c9f_LivingDiningRoom-19931,random_movement_matched_seed2,eg06_random_seed2,12,0,0.0,0.0,0.0,0.0
diningroom:e892807a-549e-4a8f-855b-075fa1b70c9f_LivingDiningRoom-19931,generic_relation_optimizer,eg06_generic_budget_matched,12,0,0.0,0.0,0.0,0.0
diningroom:e8d819e4-bfb3-406e-a683-0ea452650633_LivingDiningRoom-163914,collision_gated_floor_prior,floor_prior_max1.8_mesh_p2_close0.75_far1.6,18,0,0.0,0.0,0.0,0.0
diningroom:e8d819e4-bfb3-406e-a683-0ea452650633_LivingDiningRoom-163914,random_movement_matched_seed0,eg06_random_seed0,18,0,0.0,0.0,0.0,0.0
diningroom:e8d819e4-bfb3-406e-a683-0ea452650633_LivingDiningRoom-163914,random_movement_matched_seed1,eg06_random_seed1,18,0,0.0,0.0,0.0,0.0
diningroom:e8d819e4-bfb3-406e-a683-0ea452650633_LivingDiningRoom-163914,random_movement_matched_seed2,eg06_random_seed2,18,0,0.0,0.0,0.0,0.0
diningroom:e8d819e4-bfb3-406e-a683-0ea452650633_LivingDiningRoom-163914,generic_relation_optimizer,eg06_generic_budget_matched,18,0,0.0,0.0,0.0,0.0
diningroom:eca62dc1-f5a9-4b74-a568-420fc7e66d68_LivingDiningRoom-25714,collision_gated_floor_prior,floor_prior_max1.8_mesh_p2_close0.75_far1.6,16,0,0.0,0.0,0.0,0.0
diningroom:eca62dc1-f5a9-4b74-a568-420fc7e66d68_LivingDiningRoom-25714,random_movement_matched_seed0,eg06_random_seed0,16,0,0.0,0.0,0.0,0.0
diningroom:eca62dc1-f5a9-4b74-a568-420fc7e66d68_LivingDiningRoom-25714,random_movement_matched_seed1,eg06_random_seed1,16,0,0.0,0.0,0.0,0.0
diningroom:eca62dc1-f5a9-4b74-a568-420fc7e66d68_LivingDiningRoom-25714,random_movement_matched_seed2,eg06_random_seed2,16,0,0.0,0.0,0.0,0.0
diningroom:eca62dc1-f5a9-4b74-a568-420fc7e66d68_LivingDiningRoom-25714,generic_relation_optimizer,eg06_generic_budget_matched,16,0,0.0,0.0,0.0,0.0
diningroom:ed28807d-83d3-437e-95bd-cf1392ad21e9_DiningRoom-55572,collision_gated_floor_prior,floor_prior_max1.8_mesh_p2_close0.75_far1.6,15,0,0.0,0.0,0.0,0.0
diningroom:ed28807d-83d3-437e-95bd-cf1392ad21e9_DiningRoom-55572,random_movement_matched_seed0,eg06_random_seed0,15,0,0.0,0.0,0.0,0.0
diningroom:ed28807d-83d3-437e-95bd-cf1392ad21e9_DiningRoom-55572,random_movement_matched_seed1,eg06_random_seed1,15,0,0.0,0.0,0.0,0.0
diningroom:ed28807d-83d3-437e-95bd-cf1392ad21e9_DiningRoom-55572,random_movement_matched_seed2,eg06_random_seed2,15,0,0.0,0.0,0.0,0.0
diningroom:ed28807d-83d3-437e-95bd-cf1392ad21e9_DiningRoom-55572,generic_relation_optimizer,eg06_generic_budget_matched,15,0,0.0,0.0,0.0,0.0
diningroom:ef538119-2339-4538-94d3-06711fe4ae99_LivingDiningRoom-814,collision_gated_floor_prior,floor_prior_max1.8_mesh_p2_close0.75_far1.6,3,0,0.0,0.0,0.0,0.0
diningroom:ef538119-2339-4538-94d3-06711fe4ae99_LivingDiningRoom-814,random_movement_matched_seed0,eg06_random_seed0,3,0,0.0,0.0,0.0,0.0
diningroom:ef538119-2339-4538-94d3-06711fe4ae99_LivingDiningRoom-814,random_movement_matched_seed1,eg06_random_seed1,3,0,0.0,0.0,0.0,0.0
diningroom:ef538119-2339-4538-94d3-06711fe4ae99_LivingDiningRoom-814,random_movement_matched_seed2,eg06_random_seed2,3,0,0.0,0.0,0.0,0.0
diningroom:ef538119-2339-4538-94d3-06711fe4ae99_LivingDiningRoom-814,generic_relation_optimizer,eg06_generic_budget_matched,3,0,0.0,0.0,0.0,0.0
diningroom:f18ac5cc-b441-40b9-ac1e-a799bdb8cf15_LivingDiningRoom-64631,collision_gated_floor_prior,floor_prior_max1.8_mesh_p2_close0.75_far1.6,16,0,0.0,0.0,0.0,0.0
diningroom:f18ac5cc-b441-40b9-ac1e-a799bdb8cf15_LivingDiningRoom-64631,random_movement_matched_seed0,eg06_random_seed0,16,0,0.0,0.0,0.0,0.0
diningroom:f18ac5cc-b441-40b9-ac1e-a799bdb8cf15_LivingDiningRoom-64631,random_movement_matched_seed1,eg06_random_seed1,16,0,0.0,0.0,0.0,0.0
diningroom:f18ac5cc-b441-40b9-ac1e-a799bdb8cf15_LivingDiningRoom-64631,random_movement_matched_seed2,eg06_random_seed2,16,0,0.0,0.0,0.0,0.0
diningroom:f18ac5cc-b441-40b9-ac1e-a799bdb8cf15_LivingDiningRoom-64631,generic_relation_optimizer,eg06_generic_budget_matched,16,0,0.0,0.0,0.0,0.0
diningroom:f29cea89-70ae-49d7-8d1f-b7c1e7cada53_DiningRoom-24191,collision_gated_floor_prior,floor_prior_max1.8_mesh_p2_close0.75_far1.6,7,0,0.0,0.0,0.0,0.0
diningroom:f29cea89-70ae-49d7-8d1f-b7c1e7cada53_DiningRoom-24191,random_movement_matched_seed0,eg06_random_seed0,7,0,0.0,0.0,0.0,0.0
diningroom:f29cea89-70ae-49d7-8d1f-b7c1e7cada53_DiningRoom-24191,random_movement_matched_seed1,eg06_random_seed1,7,0,0.0,0.0,0.0,0.0
diningroom:f29cea89-70ae-49d7-8d1f-b7c1e7cada53_DiningRoom-24191,random_movement_matched_seed2,eg06_random_seed2,7,0,0.0,0.0,0.0,0.0
diningroom:f29cea89-70ae-49d7-8d1f-b7c1e7cada53_DiningRoom-24191,generic_relation_optimizer,eg06_generic_budget_matched,7,0,0.0,0.0,0.0,0.0
diningroom:f82d44c6-df98-404b-870d-b6f378d2151e_LivingDiningRoom-6060,collision_gated_floor_prior,floor_prior_max1.8_mesh_p2_close0.75_far1.6,16,0,0.0,0.0,0.0,0.0
diningroom:f82d44c6-df98-404b-870d-b6f378d2151e_LivingDiningRoom-6060,random_movement_matched_seed0,eg06_random_seed0,16,0,0.0,0.0,0.0,0.0
diningroom:f82d44c6-df98-404b-870d-b6f378d2151e_LivingDiningRoom-6060,random_movement_matched_seed1,eg06_random_seed1,16,0,0.0,0.0,0.0,0.0
diningroom:f82d44c6-df98-404b-870d-b6f378d2151e_LivingDiningRoom-6060,random_movement_matched_seed2,eg06_random_seed2,16,0,0.0,0.0,0.0,0.0
diningroom:f82d44c6-df98-404b-870d-b6f378d2151e_LivingDiningRoom-6060,generic_relation_optimizer,eg06_generic_budget_matched,16,0,0.0,0.0,0.0,0.0
diningroom:f877d2a1-678f-49a0-a90e-e99ff27134c7_DiningRoom-13034,collision_gated_floor_prior,floor_prior_max1.8_mesh_p2_close0.75_far1.6,7,0,0.0,0.0,0.0,0.0
diningroom:f877d2a1-678f-49a0-a90e-e99ff27134c7_DiningRoom-13034,random_movement_matched_seed0,eg06_random_seed0,7,0,0.0,0.0,0.0,0.0
diningroom:f877d2a1-678f-49a0-a90e-e99ff27134c7_DiningRoom-13034,random_movement_matched_seed1,eg06_random_seed1,7,0,0.0,0.0,0.0,0.0
diningroom:f877d2a1-678f-49a0-a90e-e99ff27134c7_DiningRoom-13034,random_movement_matched_seed2,eg06_random_seed2,7,0,0.0,0.0,0.0,0.0
diningroom:f877d2a1-678f-49a0-a90e-e99ff27134c7_DiningRoom-13034,generic_relation_optimizer,eg06_generic_budget_matched,7,0,0.0,0.0,0.0,0.0
diningroom:f975259e-3295-4fd2-b0b1-f300c3ed3d3d_DiningRoom-21509,collision_gated_floor_prior,floor_prior_max1.8_mesh_p2_close0.75_far1.6,11,0,0.0,0.0,0.0,0.0
diningroom:f975259e-3295-4fd2-b0b1-f300c3ed3d3d_DiningRoom-21509,random_movement_matched_seed0,eg06_random_seed0,11,0,0.0,0.0,0.0,0.0
diningroom:f975259e-3295-4fd2-b0b1-f300c3ed3d3d_DiningRoom-21509,random_movement_matched_seed1,eg06_random_seed1,11,0,0.0,0.0,0.0,0.0
diningroom:f975259e-3295-4fd2-b0b1-f300c3ed3d3d_DiningRoom-21509,random_movement_matched_seed2,eg06_random_seed2,11,0,0.0,0.0,0.0,0.0
diningroom:f975259e-3295-4fd2-b0b1-f300c3ed3d3d_DiningRoom-21509,generic_relation_optimizer,eg06_generic_budget_matched,11,0,0.0,0.0,0.0,0.0
diningroom:f9b500af-25f8-4d88-ab0d-f36dc3e765b8_LivingDiningRoom-99518,collision_gated_floor_prior,floor_prior_max1.8_mesh_p2_close0.75_far1.6,16,0,0.0,0.0,0.0,0.0
diningroom:f9b500af-25f8-4d88-ab0d-f36dc3e765b8_LivingDiningRoom-99518,random_movement_matched_seed0,eg06_random_seed0,16,0,0.0,0.0,0.0,0.0
diningroom:f9b500af-25f8-4d88-ab0d-f36dc3e765b8_LivingDiningRoom-99518,random_movement_matched_seed1,eg06_random_seed1,16,0,0.0,0.0,0.0,0.0
diningroom:f9b500af-25f8-4d88-ab0d-f36dc3e765b8_LivingDiningRoom-99518,random_movement_matched_seed2,eg06_random_seed2,16,0,0.0,0.0,0.0,0.0
diningroom:f9b500af-25f8-4d88-ab0d-f36dc3e765b8_LivingDiningRoom-99518,generic_relation_optimizer,eg06_generic_budget_matched,16,0,0.0,0.0,0.0,0.0
diningroom:fa21ce43-f02e-43a0-8f64-31f81cb339b1_DiningRoom-42541,collision_gated_floor_prior,floor_prior_max1.8_mesh_p2_close0.75_far1.6,14,0,0.0,0.0,0.0,0.0
diningroom:fa21ce43-f02e-43a0-8f64-31f81cb339b1_DiningRoom-42541,random_movement_matched_seed0,eg06_random_seed0,14,0,0.0,0.0,0.0,0.0
diningroom:fa21ce43-f02e-43a0-8f64-31f81cb339b1_DiningRoom-42541,random_movement_matched_seed1,eg06_random_seed1,14,0,0.0,0.0,0.0,0.0
diningroom:fa21ce43-f02e-43a0-8f64-31f81cb339b1_DiningRoom-42541,random_movement_matched_seed2,eg06_random_seed2,14,0,0.0,0.0,0.0,0.0
diningroom:fa21ce43-f02e-43a0-8f64-31f81cb339b1_DiningRoom-42541,generic_relation_optimizer,eg06_generic_budget_matched,14,0,0.0,0.0,0.0,0.0
diningroom:fbb124a7-d4d2-46a0-9465-fc790f714350_DiningRoom-13727,collision_gated_floor_prior,floor_prior_max1.8_mesh_p2_close0.75_far1.6,10,0,0.0,0.0,0.0,0.0
diningroom:fbb124a7-d4d2-46a0-9465-fc790f714350_DiningRoom-13727,random_movement_matched_seed0,eg06_random_seed0,10,0,0.0,0.0,0.0,0.0
diningroom:fbb124a7-d4d2-46a0-9465-fc790f714350_DiningRoom-13727,random_movement_matched_seed1,eg06_random_seed1,10,0,0.0,0.0,0.0,0.0
diningroom:fbb124a7-d4d2-46a0-9465-fc790f714350_DiningRoom-13727,random_movement_matched_seed2,eg06_random_seed2,10,0,0.0,0.0,0.0,0.0
diningroom:fbb124a7-d4d2-46a0-9465-fc790f714350_DiningRoom-13727,generic_relation_optimizer,eg06_generic_budget_matched,10,0,0.0,0.0,0.0,0.0
livingroom:0047c3ab-951b-4182-9082-b9fbf099c142_LivingDiningRoom-2065,collision_gated_floor_prior,floor_prior_max1.8_mesh_p2_close0.75_far1.6,6,0,0.0,0.0,0.0,0.0
livingroom:0047c3ab-951b-4182-9082-b9fbf099c142_LivingDiningRoom-2065,random_movement_matched_seed0,eg06_random_seed0,6,0,0.0,0.0,0.0,0.0
livingroom:0047c3ab-951b-4182-9082-b9fbf099c142_LivingDiningRoom-2065,random_movement_matched_seed1,eg06_random_seed1,6,0,0.0,0.0,0.0,0.0
livingroom:0047c3ab-951b-4182-9082-b9fbf099c142_LivingDiningRoom-2065,random_movement_matched_seed2,eg06_random_seed2,6,0,0.0,0.0,0.0,0.0
livingroom:0047c3ab-951b-4182-9082-b9fbf099c142_LivingDiningRoom-2065,generic_relation_optimizer,eg06_generic_budget_matched,6,0,0.0,0.0,0.0,0.0
livingroom:00ecd021-64bb-4bc4-b754-1796d2a12965_LivingDiningRoom-84752,collision_gated_floor_prior,floor_prior_max1.8_mesh_p2_close0.75_far1.6,11,0,0.0,0.0,0.0,0.0
livingroom:00ecd021-64bb-4bc4-b754-1796d2a12965_LivingDiningRoom-84752,random_movement_matched_seed0,eg06_random_seed0,11,0,0.0,0.0,0.0,0.0
livingroom:00ecd021-64bb-4bc4-b754-1796d2a12965_LivingDiningRoom-84752,random_movement_matched_seed1,eg06_random_seed1,11,0,0.0,0.0,0.0,0.0
livingroom:00ecd021-64bb-4bc4-b754-1796d2a12965_LivingDiningRoom-84752,random_movement_matched_seed2,eg06_random_seed2,11,0,0.0,0.0,0.0,0.0
livingroom:00ecd021-64bb-4bc4-b754-1796d2a12965_LivingDiningRoom-84752,generic_relation_optimizer,eg06_generic_budget_matched,11,0,0.0,0.0,0.0,0.0
livingroom:016e8e9e-143b-4f12-9679-3ca930a1b6d6_LivingDiningRoom-34678,collision_gated_floor_prior,floor_prior_max1.8_mesh_p2_close0.75_far1.6,15,0,0.0,0.0,0.0,0.0
livingroom:016e8e9e-143b-4f12-9679-3ca930a1b6d6_LivingDiningRoom-34678,random_movement_matched_seed0,eg06_random_seed0,15,0,0.0,0.0,0.0,0.0
livingroom:016e8e9e-143b-4f12-9679-3ca930a1b6d6_LivingDiningRoom-34678,random_movement_matched_seed1,eg06_random_seed1,15,0,0.0,0.0,0.0,0.0
livingroom:016e8e9e-143b-4f12-9679-3ca930a1b6d6_LivingDiningRoom-34678,random_movement_matched_seed2,eg06_random_seed2,15,0,0.0,0.0,0.0,0.0
livingroom:016e8e9e-143b-4f12-9679-3ca930a1b6d6_LivingDiningRoom-34678,generic_relation_optimizer,eg06_generic_budget_matched,15,0,0.0,0.0,0.0,0.0
livingroom:0220df39-8356-4ba5-8f26-4f385afa2cae_LivingRoom-37659,collision_gated_floor_prior,floor_prior_max1.8_mesh_p2_close0.75_far1.6,14,0,0.0,0.0,0.0,0.0
livingroom:0220df39-8356-4ba5-8f26-4f385afa2cae_LivingRoom-37659,random_movement_matched_seed0,eg06_random_seed0,14,0,0.0,0.0,0.0,0.0
livingroom:0220df39-8356-4ba5-8f26-4f385afa2cae_LivingRoom-37659,random_movement_matched_seed1,eg06_random_seed1,14,0,0.0,0.0,0.0,0.0
livingroom:0220df39-8356-4ba5-8f26-4f385afa2cae_LivingRoom-37659,random_movement_matched_seed2,eg06_random_seed2,14,0,0.0,0.0,0.0,0.0
livingroom:0220df39-8356-4ba5-8f26-4f385afa2cae_LivingRoom-37659,generic_relation_optimizer,eg06_generic_budget_matched,14,0,0.0,0.0,0.0,0.0
livingroom:04f0aee8-b117-434b-bcd2-a78766f49106_LivingDiningRoom-14873,collision_gated_floor_prior,floor_prior_max1.8_mesh_p2_close0.75_far1.6,12,0,0.0,0.0,0.0,0.0
livingroom:04f0aee8-b117-434b-bcd2-a78766f49106_LivingDiningRoom-14873,random_movement_matched_seed0,eg06_random_seed0,12,0,0.0,0.0,0.0,0.0
livingroom:04f0aee8-b117-434b-bcd2-a78766f49106_LivingDiningRoom-14873,random_movement_matched_seed1,eg06_random_seed1,12,0,0.0,0.0,0.0,0.0
livingroom:04f0aee8-b117-434b-bcd2-a78766f49106_LivingDiningRoom-14873,random_movement_matched_seed2,eg06_random_seed2,12,0,0.0,0.0,0.0,0.0
livingroom:04f0aee8-b117-434b-bcd2-a78766f49106_LivingDiningRoom-14873,generic_relation_optimizer,eg06_generic_budget_matched,12,0,0.0,0.0,0.0,0.0
livingroom:07ad11b9-796b-46b0-8ad5-6ff44ad7c945_LivingRoom-1520,collision_gated_floor_prior,floor_prior_max1.8_mesh_p2_close0.75_far1.6,13,0,0.0,0.0,0.0,0.0
livingroom:07ad11b9-796b-46b0-8ad5-6ff44ad7c945_LivingRoom-1520,random_movement_matched_seed0,eg06_random_seed0,13,0,0.0,0.0,0.0,0.0
livingroom:07ad11b9-796b-46b0-8ad5-6ff44ad7c945_LivingRoom-1520,random_movement_matched_seed1,eg06_random_seed1,13,0,0.0,0.0,0.0,0.0
livingroom:07ad11b9-796b-46b0-8ad5-6ff44ad7c945_LivingRoom-1520,random_movement_matched_seed2,eg06_random_seed2,13,0,0.0,0.0,0.0,0.0
livingroom:07ad11b9-796b-46b0-8ad5-6ff44ad7c945_LivingRoom-1520,generic_relation_optimizer,eg06_generic_budget_matched,13,0,0.0,0.0,0.0,0.0
livingroom:08c22a05-81e2-41f4-8e22-c707aa082bdd_LivingRoom-17951,collision_gated_floor_prior,floor_prior_max1.8_mesh_p2_close0.75_far1.6,4,0,0.0,0.0,0.0,0.0
livingroom:08c22a05-81e2-41f4-8e22-c707aa082bdd_LivingRoom-17951,random_movement_matched_seed0,eg06_random_seed0,4,0,0.0,0.0,0.0,0.0
livingroom:08c22a05-81e2-41f4-8e22-c707aa082bdd_LivingRoom-17951,random_movement_matched_seed1,eg06_random_seed1,4,0,0.0,0.0,0.0,0.0
livingroom:08c22a05-81e2-41f4-8e22-c707aa082bdd_LivingRoom-17951,random_movement_matched_seed2,eg06_random_seed2,4,0,0.0,0.0,0.0,0.0
livingroom:08c22a05-81e2-41f4-8e22-c707aa082bdd_LivingRoom-17951,generic_relation_optimizer,eg06_generic_budget_matched,4,0,0.0,0.0,0.0,0.0
livingroom:0967e330-aa37-41d5-af14-04c9e8ea820c_LivingDiningRoom-629,collision_gated_floor_prior,floor_prior_max1.8_mesh_p2_close0.75_far1.6,15,0,0.0,0.0,0.0,0.0
livingroom:0967e330-aa37-41d5-af14-04c9e8ea820c_LivingDiningRoom-629,random_movement_matched_seed0,eg06_random_seed0,15,0,0.0,0.0,0.0,0.0
livingroom:0967e330-aa37-41d5-af14-04c9e8ea820c_LivingDiningRoom-629,random_movement_matched_seed1,eg06_random_seed1,15,0,0.0,0.0,0.0,0.0
livingroom:0967e330-aa37-41d5-af14-04c9e8ea820c_LivingDiningRoom-629,random_movement_matched_seed2,eg06_random_seed2,15,0,0.0,0.0,0.0,0.0
livingroom:0967e330-aa37-41d5-af14-04c9e8ea820c_LivingDiningRoom-629,generic_relation_optimizer,eg06_generic_budget_matched,15,0,0.0,0.0,0.0,0.0
livingroom:0ab72fdf-ba1b-4df5-8df2-6efcfa7bb53a_LivingRoom-71071,collision_gated_floor_prior,floor_prior_max1.8_mesh_p2_close0.75_far1.6,19,0,0.0,0.0,0.0,0.0
livingroom:0ab72fdf-ba1b-4df5-8df2-6efcfa7bb53a_LivingRoom-71071,random_movement_matched_seed0,eg06_random_seed0,19,0,0.0,0.0,0.0,0.0
livingroom:0ab72fdf-ba1b-4df5-8df2-6efcfa7bb53a_LivingRoom-71071,random_movement_matched_seed1,eg06_random_seed1,19,0,0.0,0.0,0.0,0.0
livingroom:0ab72fdf-ba1b-4df5-8df2-6efcfa7bb53a_LivingRoom-71071,random_movement_matched_seed2,eg06_random_seed2,19,0,0.0,0.0,0.0,0.0
livingroom:0ab72fdf-ba1b-4df5-8df2-6efcfa7bb53a_LivingRoom-71071,generic_relation_optimizer,eg06_generic_budget_matched,19,0,0.0,0.0,0.0,0.0
livingroom:0b6a7b14-07ce-4276-b2e7-a17d9e0b7a9d_LivingDiningRoom-2954,collision_gated_floor_prior,floor_prior_max1.8_mesh_p2_close0.75_far1.6,9,0,0.0,0.0,0.0,0.0
livingroom:0b6a7b14-07ce-4276-b2e7-a17d9e0b7a9d_LivingDiningRoom-2954,random_movement_matched_seed0,eg06_random_seed0,9,0,0.0,0.0,0.0,0.0
livingroom:0b6a7b14-07ce-4276-b2e7-a17d9e0b7a9d_LivingDiningRoom-2954,random_movement_matched_seed1,eg06_random_seed1,9,0,0.0,0.0,0.0,0.0
livingroom:0b6a7b14-07ce-4276-b2e7-a17d9e0b7a9d_LivingDiningRoom-2954,random_movement_matched_seed2,eg06_random_seed2,9,0,0.0,0.0,0.0,0.0
livingroom:0b6a7b14-07ce-4276-b2e7-a17d9e0b7a9d_LivingDiningRoom-2954,generic_relation_optimizer,eg06_generic_budget_matched,9,0,0.0,0.0,0.0,0.0
livingroom:0be73303-6270-482d-be06-528c07da02fb_LivingDiningRoom-1701,collision_gated_floor_prior,floor_prior_max1.8_mesh_p2_close0.75_far1.6,14,0,0.0,0.0,0.0,0.0
livingroom:0be73303-6270-482d-be06-528c07da02fb_LivingDiningRoom-1701,random_movement_matched_seed0,eg06_random_seed0,14,0,0.0,0.0,0.0,0.0
livingroom:0be73303-6270-482d-be06-528c07da02fb_LivingDiningRoom-1701,random_movement_matched_seed1,eg06_random_seed1,14,0,0.0,0.0,0.0,0.0
livingroom:0be73303-6270-482d-be06-528c07da02fb_LivingDiningRoom-1701,random_movement_matched_seed2,eg06_random_seed2,14,0,0.0,0.0,0.0,0.0
livingroom:0be73303-6270-482d-be06-528c07da02fb_LivingDiningRoom-1701,generic_relation_optimizer,eg06_generic_budget_matched,14,0,0.0,0.0,0.0,0.0
livingroom:0c1f82d4-6aa2-401f-ae0d-f053a024aa3b_LivingDiningRoom-248,collision_gated_floor_prior,floor_prior_max1.8_mesh_p2_close0.75_far1.6,12,0,0.0,0.0,0.0,0.0
livingroom:0c1f82d4-6aa2-401f-ae0d-f053a024aa3b_LivingDiningRoom-248,random_movement_matched_seed0,eg06_random_seed0,12,0,0.0,0.0,0.0,0.0
livingroom:0c1f82d4-6aa2-401f-ae0d-f053a024aa3b_LivingDiningRoom-248,random_movement_matched_seed1,eg06_random_seed1,12,0,0.0,0.0,0.0,0.0
livingroom:0c1f82d4-6aa2-401f-ae0d-f053a024aa3b_LivingDiningRoom-248,random_movement_matched_seed2,eg06_random_seed2,12,0,0.0,0.0,0.0,0.0
livingroom:0c1f82d4-6aa2-401f-ae0d-f053a024aa3b_LivingDiningRoom-248,generic_relation_optimizer,eg06_generic_budget_matched,12,0,0.0,0.0,0.0,0.0
livingroom:0c537cc6-59c6-46d1-a865-f5424003bc48_LivingDiningRoom-270,collision_gated_floor_prior,floor_prior_max1.8_mesh_p2_close0.75_far1.6,9,0,0.0,0.0,0.0,0.0
livingroom:0c537cc6-59c6-46d1-a865-f5424003bc48_LivingDiningRoom-270,random_movement_matched_seed0,eg06_random_seed0,9,0,0.0,0.0,0.0,0.0
livingroom:0c537cc6-59c6-46d1-a865-f5424003bc48_LivingDiningRoom-270,random_movement_matched_seed1,eg06_random_seed1,9,0,0.0,0.0,0.0,0.0
livingroom:0c537cc6-59c6-46d1-a865-f5424003bc48_LivingDiningRoom-270,random_movement_matched_seed2,eg06_random_seed2,9,0,0.0,0.0,0.0,0.0
livingroom:0c537cc6-59c6-46d1-a865-f5424003bc48_LivingDiningRoom-270,generic_relation_optimizer,eg06_generic_budget_matched,9,0,0.0,0.0,0.0,0.0
livingroom:0eb7a684-6a4e-4e9f-807c-c0e0384deb3d_LivingDiningRoom-48663,collision_gated_floor_prior,floor_prior_max1.8_mesh_p2_close0.75_far1.6,19,0,0.0,0.0,0.0,0.0
livingroom:0eb7a684-6a4e-4e9f-807c-c0e0384deb3d_LivingDiningRoom-48663,random_movement_matched_seed0,eg06_random_seed0,19,0,0.0,0.0,0.0,0.0
livingroom:0eb7a684-6a4e-4e9f-807c-c0e0384deb3d_LivingDiningRoom-48663,random_movement_matched_seed1,eg06_random_seed1,19,0,0.0,0.0,0.0,0.0
livingroom:0eb7a684-6a4e-4e9f-807c-c0e0384deb3d_LivingDiningRoom-48663,random_movement_matched_seed2,eg06_random_seed2,19,0,0.0,0.0,0.0,0.0
livingroom:0eb7a684-6a4e-4e9f-807c-c0e0384deb3d_LivingDiningRoom-48663,generic_relation_optimizer,eg06_generic_budget_matched,19,0,0.0,0.0,0.0,0.0
livingroom:0f126d75-6db7-48fb-a514-909ecbe11964_LivingDiningRoom-21832,collision_gated_floor_prior,floor_prior_max1.8_mesh_p2_close0.75_far1.6,10,0,0.0,0.0,0.0,0.0
livingroom:0f126d75-6db7-48fb-a514-909ecbe11964_LivingDiningRoom-21832,random_movement_matched_seed0,eg06_random_seed0,10,0,0.0,0.0,0.0,0.0
livingroom:0f126d75-6db7-48fb-a514-909ecbe11964_LivingDiningRoom-21832,random_movement_matched_seed1,eg06_random_seed1,10,0,0.0,0.0,0.0,0.0
livingroom:0f126d75-6db7-48fb-a514-909ecbe11964_LivingDiningRoom-21832,random_movement_matched_seed2,eg06_random_seed2,10,0,0.0,0.0,0.0,0.0
livingroom:0f126d75-6db7-48fb-a514-909ecbe11964_LivingDiningRoom-21832,generic_relation_optimizer,eg06_generic_budget_matched,10,0,0.0,0.0,0.0,0.0
livingroom:0f2b5258-2413-47c4-bbf6-106a74c1e1da_LivingDiningRoom-9790,collision_gated_floor_prior,floor_prior_max1.8_mesh_p2_close0.75_far1.6,10,0,0.0,0.0,0.0,0.0
livingroom:0f2b5258-2413-47c4-bbf6-106a74c1e1da_LivingDiningRoom-9790,random_movement_matched_seed0,eg06_random_seed0,10,0,0.0,0.0,0.0,0.0
livingroom:0f2b5258-2413-47c4-bbf6-106a74c1e1da_LivingDiningRoom-9790,random_movement_matched_seed1,eg06_random_seed1,10,0,0.0,0.0,0.0,0.0
livingroom:0f2b5258-2413-47c4-bbf6-106a74c1e1da_LivingDiningRoom-9790,random_movement_matched_seed2,eg06_random_seed2,10,0,0.0,0.0,0.0,0.0
livingroom:0f2b5258-2413-47c4-bbf6-106a74c1e1da_LivingDiningRoom-9790,generic_relation_optimizer,eg06_generic_budget_matched,10,0,0.0,0.0,0.0,0.0
livingroom:0f5b9b03-c5f7-4172-9386-4805616025b5_LivingDiningRoom-20097,collision_gated_floor_prior,floor_prior_max1.8_mesh_p2_close0.75_far1.6,15,0,0.0,0.0,0.0,0.0
livingroom:0f5b9b03-c5f7-4172-9386-4805616025b5_LivingDiningRoom-20097,random_movement_matched_seed0,eg06_random_seed0,15,0,0.0,0.0,0.0,0.0
livingroom:0f5b9b03-c5f7-4172-9386-4805616025b5_LivingDiningRoom-20097,random_movement_matched_seed1,eg06_random_seed1,15,0,0.0,0.0,0.0,0.0
livingroom:0f5b9b03-c5f7-4172-9386-4805616025b5_LivingDiningRoom-20097,random_movement_matched_seed2,eg06_random_seed2,15,0,0.0,0.0,0.0,0.0
livingroom:0f5b9b03-c5f7-4172-9386-4805616025b5_LivingDiningRoom-20097,generic_relation_optimizer,eg06_generic_budget_matched,15,0,0.0,0.0,0.0,0.0
livingroom:113df359-12ee-4a36-ac63-b342d827e117_LivingDiningRoom-15768,collision_gated_floor_prior,floor_prior_max1.8_mesh_p2_close0.75_far1.6,16,1,1.675149802895834,1.675149802895834,1.675149802895834,1.675149802895834
livingroom:113df359-12ee-4a36-ac63-b342d827e117_LivingDiningRoom-15768,random_movement_matched_seed0,eg06_random_seed0,16,1,1.675149802895834,1.675149802895834,1.675149802895834,1.675149802895834
livingroom:113df359-12ee-4a36-ac63-b342d827e117_LivingDiningRoom-15768,random_movement_matched_seed1,eg06_random_seed1,16,1,1.675149802895834,1.675149802895834,1.675149802895834,1.675149802895834
livingroom:113df359-12ee-4a36-ac63-b342d827e117_LivingDiningRoom-15768,random_movement_matched_seed2,eg06_random_seed2,16,1,1.675149802895834,1.675149802895834,1.675149802895834,1.675149802895834
livingroom:113df359-12ee-4a36-ac63-b342d827e117_LivingDiningRoom-15768,generic_relation_optimizer,eg06_generic_budget_matched,16,0,0.0,0.0,1.675149802895834,1.675149802895834
livingroom:129c9a2a-f789-4cd0-82c0-2b6d5293c45f_LivingDiningRoom-32392,collision_gated_floor_prior,floor_prior_max1.8_mesh_p2_close0.75_far1.6,16,0,0.0,0.0,0.0,0.0
livingroom:129c9a2a-f789-4cd0-82c0-2b6d5293c45f_LivingDiningRoom-32392,random_movement_matched_seed0,eg06_random_seed0,16,0,0.0,0.0,0.0,0.0
livingroom:129c9a2a-f789-4cd0-82c0-2b6d5293c45f_LivingDiningRoom-32392,random_movement_matched_seed1,eg06_random_seed1,16,0,0.0,0.0,0.0,0.0
livingroom:129c9a2a-f789-4cd0-82c0-2b6d5293c45f_LivingDiningRoom-32392,random_movement_matched_seed2,eg06_random_seed2,16,0,0.0,0.0,0.0,0.0
livingroom:129c9a2a-f789-4cd0-82c0-2b6d5293c45f_LivingDiningRoom-32392,generic_relation_optimizer,eg06_generic_budget_matched,16,0,0.0,0.0,0.0,0.0
livingroom:12d084a8-6632-472a-af65-32e7109e5783_LivingRoom-791,collision_gated_floor_prior,floor_prior_max1.8_mesh_p2_close0.75_far1.6,13,0,0.0,0.0,0.0,0.0
livingroom:12d084a8-6632-472a-af65-32e7109e5783_LivingRoom-791,random_movement_matched_seed0,eg06_random_seed0,13,0,0.0,0.0,0.0,0.0
livingroom:12d084a8-6632-472a-af65-32e7109e5783_LivingRoom-791,random_movement_matched_seed1,eg06_random_seed1,13,0,0.0,0.0,0.0,0.0
livingroom:12d084a8-6632-472a-af65-32e7109e5783_LivingRoom-791,random_movement_matched_seed2,eg06_random_seed2,13,0,0.0,0.0,0.0,0.0
livingroom:12d084a8-6632-472a-af65-32e7109e5783_LivingRoom-791,generic_relation_optimizer,eg06_generic_budget_matched,13,0,0.0,0.0,0.0,0.0
livingroom:14e7aa9f-8774-40f4-b786-c042aecb27ff_LivingRoom-24046,collision_gated_floor_prior,floor_prior_max1.8_mesh_p2_close0.75_far1.6,6,0,0.0,0.0,0.0,0.0
livingroom:14e7aa9f-8774-40f4-b786-c042aecb27ff_LivingRoom-24046,random_movement_matched_seed0,eg06_random_seed0,6,0,0.0,0.0,0.0,0.0
livingroom:14e7aa9f-8774-40f4-b786-c042aecb27ff_LivingRoom-24046,random_movement_matched_seed1,eg06_random_seed1,6,0,0.0,0.0,0.0,0.0
livingroom:14e7aa9f-8774-40f4-b786-c042aecb27ff_LivingRoom-24046,random_movement_matched_seed2,eg06_random_seed2,6,0,0.0,0.0,0.0,0.0
livingroom:14e7aa9f-8774-40f4-b786-c042aecb27ff_LivingRoom-24046,generic_relation_optimizer,eg06_generic_budget_matched,6,0,0.0,0.0,0.0,0.0
livingroom:157620f5-804d-4fb4-ac22-bfd514951c74_LivingDiningRoom-3376,collision_gated_floor_prior,floor_prior_max1.8_mesh_p2_close0.75_far1.6,16,0,0.0,0.0,0.0,0.0
livingroom:157620f5-804d-4fb4-ac22-bfd514951c74_LivingDiningRoom-3376,random_movement_matched_seed0,eg06_random_seed0,16,0,0.0,0.0,0.0,0.0
livingroom:157620f5-804d-4fb4-ac22-bfd514951c74_LivingDiningRoom-3376,random_movement_matched_seed1,eg06_random_seed1,16,0,0.0,0.0,0.0,0.0
livingroom:157620f5-804d-4fb4-ac22-bfd514951c74_LivingDiningRoom-3376,random_movement_matched_seed2,eg06_random_seed2,16,0,0.0,0.0,0.0,0.0
livingroom:157620f5-804d-4fb4-ac22-bfd514951c74_LivingDiningRoom-3376,generic_relation_optimizer,eg06_generic_budget_matched,16,0,0.0,0.0,0.0,0.0
livingroom:16190659-dff5-4ef7-a96f-eb2b71f88a2a_LivingDiningRoom-5119,collision_gated_floor_prior,floor_prior_max1.8_mesh_p2_close0.75_far1.6,15,0,0.0,0.0,0.0,0.0
livingroom:16190659-dff5-4ef7-a96f-eb2b71f88a2a_LivingDiningRoom-5119,random_movement_matched_seed0,eg06_random_seed0,15,0,0.0,0.0,0.0,0.0
livingroom:16190659-dff5-4ef7-a96f-eb2b71f88a2a_LivingDiningRoom-5119,random_movement_matched_seed1,eg06_random_seed1,15,0,0.0,0.0,0.0,0.0
livingroom:16190659-dff5-4ef7-a96f-eb2b71f88a2a_LivingDiningRoom-5119,random_movement_matched_seed2,eg06_random_seed2,15,0,0.0,0.0,0.0,0.0
livingroom:16190659-dff5-4ef7-a96f-eb2b71f88a2a_LivingDiningRoom-5119,generic_relation_optimizer,eg06_generic_budget_matched,15,0,0.0,0.0,0.0,0.0
livingroom:168c24cf-f3fd-41bd-b5f5-348edb6358c7_LivingDiningRoom-13594,collision_gated_floor_prior,floor_prior_max1.8_mesh_p2_close0.75_far1.6,19,0,0.0,0.0,0.0,0.0
livingroom:168c24cf-f3fd-41bd-b5f5-348edb6358c7_LivingDiningRoom-13594,random_movement_matched_seed0,eg06_random_seed0,19,0,0.0,0.0,0.0,0.0
livingroom:168c24cf-f3fd-41bd-b5f5-348edb6358c7_LivingDiningRoom-13594,random_movement_matched_seed1,eg06_random_seed1,19,0,0.0,0.0,0.0,0.0
livingroom:168c24cf-f3fd-41bd-b5f5-348edb6358c7_LivingDiningRoom-13594,random_movement_matched_seed2,eg06_random_seed2,19,0,0.0,0.0,0.0,0.0
livingroom:168c24cf-f3fd-41bd-b5f5-348edb6358c7_LivingDiningRoom-13594,generic_relation_optimizer,eg06_generic_budget_matched,19,0,0.0,0.0,0.0,0.0
livingroom:173d8bac-a580-4cfc-9138-2a27aa020f52_LivingDiningRoom-14618,collision_gated_floor_prior,floor_prior_max1.8_mesh_p2_close0.75_far1.6,17,0,0.0,0.0,0.0,0.0
livingroom:173d8bac-a580-4cfc-9138-2a27aa020f52_LivingDiningRoom-14618,random_movement_matched_seed0,eg06_random_seed0,17,0,0.0,0.0,0.0,0.0
livingroom:173d8bac-a580-4cfc-9138-2a27aa020f52_LivingDiningRoom-14618,random_movement_matched_seed1,eg06_random_seed1,17,0,0.0,0.0,0.0,0.0
livingroom:173d8bac-a580-4cfc-9138-2a27aa020f52_LivingDiningRoom-14618,random_movement_matched_seed2,eg06_random_seed2,17,0,0.0,0.0,0.0,0.0
livingroom:173d8bac-a580-4cfc-9138-2a27aa020f52_LivingDiningRoom-14618,generic_relation_optimizer,eg06_generic_budget_matched,17,0,0.0,0.0,0.0,0.0
livingroom:177baa22-21a7-4d8b-91df-a6934117160c_LivingRoom-13599,collision_gated_floor_prior,floor_prior_max1.8_mesh_p2_close0.75_far1.6,8,0,0.0,0.0,0.0,0.0
livingroom:177baa22-21a7-4d8b-91df-a6934117160c_LivingRoom-13599,random_movement_matched_seed0,eg06_random_seed0,8,0,0.0,0.0,0.0,0.0
livingroom:177baa22-21a7-4d8b-91df-a6934117160c_LivingRoom-13599,random_movement_matched_seed1,eg06_random_seed1,8,0,0.0,0.0,0.0,0.0
livingroom:177baa22-21a7-4d8b-91df-a6934117160c_LivingRoom-13599,random_movement_matched_seed2,eg06_random_seed2,8,0,0.0,0.0,0.0,0.0
livingroom:177baa22-21a7-4d8b-91df-a6934117160c_LivingRoom-13599,generic_relation_optimizer,eg06_generic_budget_matched,8,0,0.0,0.0,0.0,0.0
livingroom:181ecd38-5ccd-45e9-a7ec-2c79f5b58e07_LivingDiningRoom-13945,collision_gated_floor_prior,floor_prior_max1.8_mesh_p2_close0.75_far1.6,13,0,0.0,0.0,0.0,0.0
livingroom:181ecd38-5ccd-45e9-a7ec-2c79f5b58e07_LivingDiningRoom-13945,random_movement_matched_seed0,eg06_random_seed0,13,0,0.0,0.0,0.0,0.0
livingroom:181ecd38-5ccd-45e9-a7ec-2c79f5b58e07_LivingDiningRoom-13945,random_movement_matched_seed1,eg06_random_seed1,13,0,0.0,0.0,0.0,0.0
livingroom:181ecd38-5ccd-45e9-a7ec-2c79f5b58e07_LivingDiningRoom-13945,random_movement_matched_seed2,eg06_random_seed2,13,0,0.0,0.0,0.0,0.0
livingroom:181ecd38-5ccd-45e9-a7ec-2c79f5b58e07_LivingDiningRoom-13945,generic_relation_optimizer,eg06_generic_budget_matched,13,0,0.0,0.0,0.0,0.0
livingroom:181fa1b2-dd7a-43c3-b09c-163924bb37de_LivingDiningRoom-758,collision_gated_floor_prior,floor_prior_max1.8_mesh_p2_close0.75_far1.6,15,0,0.0,0.0,0.0,0.0
livingroom:181fa1b2-dd7a-43c3-b09c-163924bb37de_LivingDiningRoom-758,random_movement_matched_seed0,eg06_random_seed0,15,0,0.0,0.0,0.0,0.0
livingroom:181fa1b2-dd7a-43c3-b09c-163924bb37de_LivingDiningRoom-758,random_movement_matched_seed1,eg06_random_seed1,15,0,0.0,0.0,0.0,0.0
livingroom:181fa1b2-dd7a-43c3-b09c-163924bb37de_LivingDiningRoom-758,random_movement_matched_seed2,eg06_random_seed2,15,0,0.0,0.0,0.0,0.0
livingroom:181fa1b2-dd7a-43c3-b09c-163924bb37de_LivingDiningRoom-758,generic_relation_optimizer,eg06_generic_budget_matched,15,0,0.0,0.0,0.0,0.0
livingroom:184286fb-3558-40bc-b090-e79e5b8e6fec_LivingDiningRoom-9995,collision_gated_floor_prior,floor_prior_max1.8_mesh_p2_close0.75_far1.6,14,1,1.0468119963400666,1.0468119963400666,1.0468119963400666,1.0468119963400666
livingroom:184286fb-3558-40bc-b090-e79e5b8e6fec_LivingDiningRoom-9995,random_movement_matched_seed0,eg06_random_seed0,14,1,1.0468119963400666,1.0468119963400666,1.0468119963400666,1.0468119963400666
livingroom:184286fb-3558-40bc-b090-e79e5b8e6fec_LivingDiningRoom-9995,random_movement_matched_seed1,eg06_random_seed1,14,1,1.0468119963400664,1.0468119963400664,1.0468119963400666,1.0468119963400666
livingroom:184286fb-3558-40bc-b090-e79e5b8e6fec_LivingDiningRoom-9995,random_movement_matched_seed2,eg06_random_seed2,14,1,1.0468119963400664,1.0468119963400664,1.0468119963400666,1.0468119963400666
livingroom:184286fb-3558-40bc-b090-e79e5b8e6fec_LivingDiningRoom-9995,generic_relation_optimizer,eg06_generic_budget_matched,14,0,0.0,0.0,1.0468119963400666,1.0468119963400666
livingroom:18abc0cb-4f4c-41fe-9faa-77bba613b781_LivingDiningRoom-698,collision_gated_floor_prior,floor_prior_max1.8_mesh_p2_close0.75_far1.6,13,1,1.6478682374799305,1.6478682374799305,1.6478682374799305,1.6478682374799305
livingroom:18abc0cb-4f4c-41fe-9faa-77bba613b781_LivingDiningRoom-698,random_movement_matched_seed0,eg06_random_seed0,13,1,1.6478682374799305,1.6478682374799305,1.6478682374799305,1.6478682374799305
livingroom:18abc0cb-4f4c-41fe-9faa-77bba613b781_LivingDiningRoom-698,random_movement_matched_seed1,eg06_random_seed1,13,1,1.6478682374799305,1.6478682374799305,1.6478682374799305,1.6478682374799305
livingroom:18abc0cb-4f4c-41fe-9faa-77bba613b781_LivingDiningRoom-698,random_movement_matched_seed2,eg06_random_seed2,13,1,1.6478682374799307,1.6478682374799307,1.6478682374799305,1.6478682374799305
livingroom:18abc0cb-4f4c-41fe-9faa-77bba613b781_LivingDiningRoom-698,generic_relation_optimizer,eg06_generic_budget_matched,13,1,0.6140924137947186,0.6140924137947186,1.6478682374799305,1.6478682374799305
livingroom:1aad0aaa-7604-45eb-91db-8482b861b803_LivingDiningRoom-20425,collision_gated_floor_prior,floor_prior_max1.8_mesh_p2_close0.75_far1.6,15,0,0.0,0.0,0.0,0.0
livingroom:1aad0aaa-7604-45eb-91db-8482b861b803_LivingDiningRoom-20425,random_movement_matched_seed0,eg06_random_seed0,15,0,0.0,0.0,0.0,0.0
livingroom:1aad0aaa-7604-45eb-91db-8482b861b803_LivingDiningRoom-20425,random_movement_matched_seed1,eg06_random_seed1,15,0,0.0,0.0,0.0,0.0
livingroom:1aad0aaa-7604-45eb-91db-8482b861b803_LivingDiningRoom-20425,random_movement_matched_seed2,eg06_random_seed2,15,0,0.0,0.0,0.0,0.0
livingroom:1aad0aaa-7604-45eb-91db-8482b861b803_LivingDiningRoom-20425,generic_relation_optimizer,eg06_generic_budget_matched,15,0,0.0,0.0,0.0,0.0
livingroom:1bd5e2a8-54f7-4f90-ade4-2ea965db13c2_LivingDiningRoom-27644,collision_gated_floor_prior,floor_prior_max1.8_mesh_p2_close0.75_far1.6,13,1,0.10049809485350068,0.10049809485350068,0.10049809485350068,0.10049809485350068
livingroom:1bd5e2a8-54f7-4f90-ade4-2ea965db13c2_LivingDiningRoom-27644,random_movement_matched_seed0,eg06_random_seed0,13,1,0.10049809485350072,0.10049809485350072,0.10049809485350068,0.10049809485350068
livingroom:1bd5e2a8-54f7-4f90-ade4-2ea965db13c2_LivingDiningRoom-27644,random_movement_matched_seed1,eg06_random_seed1,13,1,0.10049809485350064,0.10049809485350064,0.10049809485350068,0.10049809485350068
livingroom:1bd5e2a8-54f7-4f90-ade4-2ea965db13c2_LivingDiningRoom-27644,random_movement_matched_seed2,eg06_random_seed2,13,1,0.1004980948535007,0.1004980948535007,0.10049809485350068,0.10049809485350068
livingroom:1bd5e2a8-54f7-4f90-ade4-2ea965db13c2_LivingDiningRoom-27644,generic_relation_optimizer,eg06_generic_budget_matched,13,1,0.1004980948535007,0.1004980948535007,0.10049809485350068,0.10049809485350068
livingroom:1cc0fd55-1c5a-4885-a2de-f30c6d387353_LivingRoom-33324,collision_gated_floor_prior,floor_prior_max1.8_mesh_p2_close0.75_far1.6,20,1,0.49868315098554183,0.49868315098554183,0.49868315098554183,0.49868315098554183
livingroom:1cc0fd55-1c5a-4885-a2de-f30c6d387353_LivingRoom-33324,random_movement_matched_seed0,eg06_random_seed0,20,1,0.49868315098554167,0.49868315098554167,0.49868315098554183,0.49868315098554183
livingroom:1cc0fd55-1c5a-4885-a2de-f30c6d387353_LivingRoom-33324,random_movement_matched_seed1,eg06_random_seed1,20,1,0.4986831509855419,0.4986831509855419,0.49868315098554183,0.49868315098554183
livingroom:1cc0fd55-1c5a-4885-a2de-f30c6d387353_LivingRoom-33324,random_movement_matched_seed2,eg06_random_seed2,20,1,0.4986831509855418,0.4986831509855418,0.49868315098554183,0.49868315098554183
livingroom:1cc0fd55-1c5a-4885-a2de-f30c6d387353_LivingRoom-33324,generic_relation_optimizer,eg06_generic_budget_matched,20,0,0.0,0.0,0.49868315098554183,0.49868315098554183
livingroom:1d849540-8c29-45dc-a3c8-e086c1d31788_LivingRoom-30147,collision_gated_floor_prior,floor_prior_max1.8_mesh_p2_close0.75_far1.6,9,0,0.0,0.0,0.0,0.0
livingroom:1d849540-8c29-45dc-a3c8-e086c1d31788_LivingRoom-30147,random_movement_matched_seed0,eg06_random_seed0,9,0,0.0,0.0,0.0,0.0
livingroom:1d849540-8c29-45dc-a3c8-e086c1d31788_LivingRoom-30147,random_movement_matched_seed1,eg06_random_seed1,9,0,0.0,0.0,0.0,0.0
livingroom:1d849540-8c29-45dc-a3c8-e086c1d31788_LivingRoom-30147,random_movement_matched_seed2,eg06_random_seed2,9,0,0.0,0.0,0.0,0.0
livingroom:1d849540-8c29-45dc-a3c8-e086c1d31788_LivingRoom-30147,generic_relation_optimizer,eg06_generic_budget_matched,9,0,0.0,0.0,0.0,0.0
livingroom:1f5872d3-0ec8-49f7-a821-d660c794ea4a_LivingDiningRoom-11325,collision_gated_floor_prior,floor_prior_max1.8_mesh_p2_close0.75_far1.6,16,0,0.0,0.0,0.0,0.0
livingroom:1f5872d3-0ec8-49f7-a821-d660c794ea4a_LivingDiningRoom-11325,random_movement_matched_seed0,eg06_random_seed0,16,0,0.0,0.0,0.0,0.0
livingroom:1f5872d3-0ec8-49f7-a821-d660c794ea4a_LivingDiningRoom-11325,random_movement_matched_seed1,eg06_random_seed1,16,0,0.0,0.0,0.0,0.0
livingroom:1f5872d3-0ec8-49f7-a821-d660c794ea4a_LivingDiningRoom-11325,random_movement_matched_seed2,eg06_random_seed2,16,0,0.0,0.0,0.0,0.0
livingroom:1f5872d3-0ec8-49f7-a821-d660c794ea4a_LivingDiningRoom-11325,generic_relation_optimizer,eg06_generic_budget_matched,16,0,0.0,0.0,0.0,0.0
livingroom:23608ced-9c2c-4d17-b7a8-4e3656d2acca_LivingDiningRoom-21234,collision_gated_floor_prior,floor_prior_max1.8_mesh_p2_close0.75_far1.6,13,1,0.6294443779114843,0.6294443779114843,0.6294443779114843,0.6294443779114843
livingroom:23608ced-9c2c-4d17-b7a8-4e3656d2acca_LivingDiningRoom-21234,random_movement_matched_seed0,eg06_random_seed0,13,1,0.6294443779114844,0.6294443779114844,0.6294443779114843,0.6294443779114843
livingroom:23608ced-9c2c-4d17-b7a8-4e3656d2acca_LivingDiningRoom-21234,random_movement_matched_seed1,eg06_random_seed1,13,1,0.6294443779114842,0.6294443779114842,0.6294443779114843,0.6294443779114843
livingroom:23608ced-9c2c-4d17-b7a8-4e3656d2acca_LivingDiningRoom-21234,random_movement_matched_seed2,eg06_random_seed2,13,1,0.6294443779114843,0.6294443779114843,0.6294443779114843,0.6294443779114843
livingroom:23608ced-9c2c-4d17-b7a8-4e3656d2acca_LivingDiningRoom-21234,generic_relation_optimizer,eg06_generic_budget_matched,13,0,0.0,0.0,0.6294443779114843,0.6294443779114843
livingroom:23a5fa77-0aa5-45f4-8399-3265005b1def_LivingDiningRoom-106046,collision_gated_floor_prior,floor_prior_max1.8_mesh_p2_close0.75_far1.6,17,0,0.0,0.0,0.0,0.0
livingroom:23a5fa77-0aa5-45f4-8399-3265005b1def_LivingDiningRoom-106046,random_movement_matched_seed0,eg06_random_seed0,17,0,0.0,0.0,0.0,0.0
livingroom:23a5fa77-0aa5-45f4-8399-3265005b1def_LivingDiningRoom-106046,random_movement_matched_seed1,eg06_random_seed1,17,0,0.0,0.0,0.0,0.0
livingroom:23a5fa77-0aa5-45f4-8399-3265005b1def_LivingDiningRoom-106046,random_movement_matched_seed2,eg06_random_seed2,17,0,0.0,0.0,0.0,0.0
livingroom:23a5fa77-0aa5-45f4-8399-3265005b1def_LivingDiningRoom-106046,generic_relation_optimizer,eg06_generic_budget_matched,17,0,0.0,0.0,0.0,0.0
livingroom:24caaf37-afd3-4cc9-84b5-f27e9cf84d8a_LivingDiningRoom-35029,collision_gated_floor_prior,floor_prior_max1.8_mesh_p2_close0.75_far1.6,14,0,0.0,0.0,0.0,0.0
livingroom:24caaf37-afd3-4cc9-84b5-f27e9cf84d8a_LivingDiningRoom-35029,random_movement_matched_seed0,eg06_random_seed0,14,0,0.0,0.0,0.0,0.0
livingroom:24caaf37-afd3-4cc9-84b5-f27e9cf84d8a_LivingDiningRoom-35029,random_movement_matched_seed1,eg06_random_seed1,14,0,0.0,0.0,0.0,0.0
livingroom:24caaf37-afd3-4cc9-84b5-f27e9cf84d8a_LivingDiningRoom-35029,random_movement_matched_seed2,eg06_random_seed2,14,0,0.0,0.0,0.0,0.0
livingroom:24caaf37-afd3-4cc9-84b5-f27e9cf84d8a_LivingDiningRoom-35029,generic_relation_optimizer,eg06_generic_budget_matched,14,0,0.0,0.0,0.0,0.0
livingroom:258b12fb-08e1-43df-a3dd-d88793d32621_LivingDiningRoom-35273,collision_gated_floor_prior,floor_prior_max1.8_mesh_p2_close0.75_far1.6,16,0,0.0,0.0,0.0,0.0
livingroom:258b12fb-08e1-43df-a3dd-d88793d32621_LivingDiningRoom-35273,random_movement_matched_seed0,eg06_random_seed0,16,0,0.0,0.0,0.0,0.0
livingroom:258b12fb-08e1-43df-a3dd-d88793d32621_LivingDiningRoom-35273,random_movement_matched_seed1,eg06_random_seed1,16,0,0.0,0.0,0.0,0.0
livingroom:258b12fb-08e1-43df-a3dd-d88793d32621_LivingDiningRoom-35273,random_movement_matched_seed2,eg06_random_seed2,16,0,0.0,0.0,0.0,0.0
livingroom:258b12fb-08e1-43df-a3dd-d88793d32621_LivingDiningRoom-35273,generic_relation_optimizer,eg06_generic_budget_matched,16,0,0.0,0.0,0.0,0.0
livingroom:2a954c43-f0a7-446d-8f1b-769b28adfdf8_LivingDiningRoom-7363,collision_gated_floor_prior,floor_prior_max1.8_mesh_p2_close0.75_far1.6,13,1,0.9335574134848282,0.9335574134848282,0.9335574134848282,0.9335574134848282
livingroom:2a954c43-f0a7-446d-8f1b-769b28adfdf8_LivingDiningRoom-7363,random_movement_matched_seed0,eg06_random_seed0,13,1,0.9335574134848281,0.9335574134848281,0.9335574134848282,0.9335574134848282
livingroom:2a954c43-f0a7-446d-8f1b-769b28adfdf8_LivingDiningRoom-7363,random_movement_matched_seed1,eg06_random_seed1,13,1,0.9335574134848283,0.9335574134848283,0.9335574134848282,0.9335574134848282
livingroom:2a954c43-f0a7-446d-8f1b-769b28adfdf8_LivingDiningRoom-7363,random_movement_matched_seed2,eg06_random_seed2,13,1,0.9335574134848282,0.9335574134848282,0.9335574134848282,0.9335574134848282
livingroom:2a954c43-f0a7-446d-8f1b-769b28adfdf8_LivingDiningRoom-7363,generic_relation_optimizer,eg06_generic_budget_matched,13,0,0.0,0.0,0.9335574134848282,0.9335574134848282
livingroom:2aabe005-d9d1-4b73-80a2-21fa2fad8c6f_LivingRoom-29294,collision_gated_floor_prior,floor_prior_max1.8_mesh_p2_close0.75_far1.6,7,0,0.0,0.0,0.0,0.0
livingroom:2aabe005-d9d1-4b73-80a2-21fa2fad8c6f_LivingRoom-29294,random_movement_matched_seed0,eg06_random_seed0,7,0,0.0,0.0,0.0,0.0
livingroom:2aabe005-d9d1-4b73-80a2-21fa2fad8c6f_LivingRoom-29294,random_movement_matched_seed1,eg06_random_seed1,7,0,0.0,0.0,0.0,0.0
livingroom:2aabe005-d9d1-4b73-80a2-21fa2fad8c6f_LivingRoom-29294,random_movement_matched_seed2,eg06_random_seed2,7,0,0.0,0.0,0.0,0.0
livingroom:2aabe005-d9d1-4b73-80a2-21fa2fad8c6f_LivingRoom-29294,generic_relation_optimizer,eg06_generic_budget_matched,7,0,0.0,0.0,0.0,0.0
livingroom:33253f91-fb29-4a9e-aec7-42e3cf96b25a_LivingDiningRoom-107,collision_gated_floor_prior,floor_prior_max1.8_mesh_p2_close0.75_far1.6,7,0,0.0,0.0,0.0,0.0
livingroom:33253f91-fb29-4a9e-aec7-42e3cf96b25a_LivingDiningRoom-107,random_movement_matched_seed0,eg06_random_seed0,7,0,0.0,0.0,0.0,0.0
livingroom:33253f91-fb29-4a9e-aec7-42e3cf96b25a_LivingDiningRoom-107,random_movement_matched_seed1,eg06_random_seed1,7,0,0.0,0.0,0.0,0.0
livingroom:33253f91-fb29-4a9e-aec7-42e3cf96b25a_LivingDiningRoom-107,random_movement_matched_seed2,eg06_random_seed2,7,0,0.0,0.0,0.0,0.0
livingroom:33253f91-fb29-4a9e-aec7-42e3cf96b25a_LivingDiningRoom-107,generic_relation_optimizer,eg06_generic_budget_matched,7,0,0.0,0.0,0.0,0.0
livingroom:35033c21-ccdb-4e41-b701-f5df9e0d90d7_LivingDiningRoom-12058,collision_gated_floor_prior,floor_prior_max1.8_mesh_p2_close0.75_far1.6,14,0,0.0,0.0,0.0,0.0
livingroom:35033c21-ccdb-4e41-b701-f5df9e0d90d7_LivingDiningRoom-12058,random_movement_matched_seed0,eg06_random_seed0,14,0,0.0,0.0,0.0,0.0
livingroom:35033c21-ccdb-4e41-b701-f5df9e0d90d7_LivingDiningRoom-12058,random_movement_matched_seed1,eg06_random_seed1,14,0,0.0,0.0,0.0,0.0
livingroom:35033c21-ccdb-4e41-b701-f5df9e0d90d7_LivingDiningRoom-12058,random_movement_matched_seed2,eg06_random_seed2,14,0,0.0,0.0,0.0,0.0
livingroom:35033c21-ccdb-4e41-b701-f5df9e0d90d7_LivingDiningRoom-12058,generic_relation_optimizer,eg06_generic_budget_matched,14,0,0.0,0.0,0.0,0.0
livingroom:36c2c33b-73f2-47d5-881e-2fa359198b9a_LivingDiningRoom-35401,collision_gated_floor_prior,floor_prior_max1.8_mesh_p2_close0.75_far1.6,9,0,0.0,0.0,0.0,0.0
livingroom:36c2c33b-73f2-47d5-881e-2fa359198b9a_LivingDiningRoom-35401,random_movement_matched_seed0,eg06_random_seed0,9,0,0.0,0.0,0.0,0.0
livingroom:36c2c33b-73f2-47d5-881e-2fa359198b9a_LivingDiningRoom-35401,random_movement_matched_seed1,eg06_random_seed1,9,0,0.0,0.0,0.0,0.0
livingroom:36c2c33b-73f2-47d5-881e-2fa359198b9a_LivingDiningRoom-35401,random_movement_matched_seed2,eg06_random_seed2,9,0,0.0,0.0,0.0,0.0
livingroom:36c2c33b-73f2-47d5-881e-2fa359198b9a_LivingDiningRoom-35401,generic_relation_optimizer,eg06_generic_budget_matched,9,0,0.0,0.0,0.0,0.0
livingroom:3a55f775-fc7c-4c6f-ab9f-59e31c04e093_LivingRoom-35085,collision_gated_floor_prior,floor_prior_max1.8_mesh_p2_close0.75_far1.6,12,0,0.0,0.0,0.0,0.0
livingroom:3a55f775-fc7c-4c6f-ab9f-59e31c04e093_LivingRoom-35085,random_movement_matched_seed0,eg06_random_seed0,12,0,0.0,0.0,0.0,0.0
livingroom:3a55f775-fc7c-4c6f-ab9f-59e31c04e093_LivingRoom-35085,random_movement_matched_seed1,eg06_random_seed1,12,0,0.0,0.0,0.0,0.0
livingroom:3a55f775-fc7c-4c6f-ab9f-59e31c04e093_LivingRoom-35085,random_movement_matched_seed2,eg06_random_seed2,12,0,0.0,0.0,0.0,0.0
livingroom:3a55f775-fc7c-4c6f-ab9f-59e31c04e093_LivingRoom-35085,generic_relation_optimizer,eg06_generic_budget_matched,12,0,0.0,0.0,0.0,0.0
livingroom:3abf3ff3-5ba9-439d-b4c8-49a9e3c11556_LivingRoom-25582,collision_gated_floor_prior,floor_prior_max1.8_mesh_p2_close0.75_far1.6,8,0,0.0,0.0,0.0,0.0
livingroom:3abf3ff3-5ba9-439d-b4c8-49a9e3c11556_LivingRoom-25582,random_movement_matched_seed0,eg06_random_seed0,8,0,0.0,0.0,0.0,0.0
livingroom:3abf3ff3-5ba9-439d-b4c8-49a9e3c11556_LivingRoom-25582,random_movement_matched_seed1,eg06_random_seed1,8,0,0.0,0.0,0.0,0.0
livingroom:3abf3ff3-5ba9-439d-b4c8-49a9e3c11556_LivingRoom-25582,random_movement_matched_seed2,eg06_random_seed2,8,0,0.0,0.0,0.0,0.0
livingroom:3abf3ff3-5ba9-439d-b4c8-49a9e3c11556_LivingRoom-25582,generic_relation_optimizer,eg06_generic_budget_matched,8,0,0.0,0.0,0.0,0.0
livingroom:3c47589f-313d-4bac-abee-830161a278f0_LivingDiningRoom-109935,collision_gated_floor_prior,floor_prior_max1.8_mesh_p2_close0.75_far1.6,15,1,0.4546491169926168,0.4546491169926168,0.4546491169926168,0.4546491169926168
livingroom:3c47589f-313d-4bac-abee-830161a278f0_LivingDiningRoom-109935,random_movement_matched_seed0,eg06_random_seed0,15,1,0.45464911699261673,0.45464911699261673,0.4546491169926168,0.4546491169926168
livingroom:3c47589f-313d-4bac-abee-830161a278f0_LivingDiningRoom-109935,random_movement_matched_seed1,eg06_random_seed1,15,1,0.4546491169926166,0.4546491169926166,0.4546491169926168,0.4546491169926168
livingroom:3c47589f-313d-4bac-abee-830161a278f0_LivingDiningRoom-109935,random_movement_matched_seed2,eg06_random_seed2,15,1,0.4546491169926168,0.4546491169926168,0.4546491169926168,0.4546491169926168
livingroom:3c47589f-313d-4bac-abee-830161a278f0_LivingDiningRoom-109935,generic_relation_optimizer,eg06_generic_budget_matched,15,0,0.0,0.0,0.4546491169926168,0.4546491169926168
livingroom:3dc195aa-0a30-440e-bf84-5f1995ec1c3f_LivingDiningRoom-1419,collision_gated_floor_prior,floor_prior_max1.8_mesh_p2_close0.75_far1.6,15,0,0.0,0.0,0.0,0.0
livingroom:3dc195aa-0a30-440e-bf84-5f1995ec1c3f_LivingDiningRoom-1419,random_movement_matched_seed0,eg06_random_seed0,15,0,0.0,0.0,0.0,0.0
livingroom:3dc195aa-0a30-440e-bf84-5f1995ec1c3f_LivingDiningRoom-1419,random_movement_matched_seed1,eg06_random_seed1,15,0,0.0,0.0,0.0,0.0
livingroom:3dc195aa-0a30-440e-bf84-5f1995ec1c3f_LivingDiningRoom-1419,random_movement_matched_seed2,eg06_random_seed2,15,0,0.0,0.0,0.0,0.0
livingroom:3dc195aa-0a30-440e-bf84-5f1995ec1c3f_LivingDiningRoom-1419,generic_relation_optimizer,eg06_generic_budget_matched,15,0,0.0,0.0,0.0,0.0
livingroom:3ec1f433-e612-4509-9e52-8fa062b2aaa2_LivingDiningRoom-1050,collision_gated_floor_prior,floor_prior_max1.8_mesh_p2_close0.75_far1.6,13,0,0.0,0.0,0.0,0.0
livingroom:3ec1f433-e612-4509-9e52-8fa062b2aaa2_LivingDiningRoom-1050,random_movement_matched_seed0,eg06_random_seed0,13,0,0.0,0.0,0.0,0.0
livingroom:3ec1f433-e612-4509-9e52-8fa062b2aaa2_LivingDiningRoom-1050,random_movement_matched_seed1,eg06_random_seed1,13,0,0.0,0.0,0.0,0.0
livingroom:3ec1f433-e612-4509-9e52-8fa062b2aaa2_LivingDiningRoom-1050,random_movement_matched_seed2,eg06_random_seed2,13,0,0.0,0.0,0.0,0.0
livingroom:3ec1f433-e612-4509-9e52-8fa062b2aaa2_LivingDiningRoom-1050,generic_relation_optimizer,eg06_generic_budget_matched,13,0,0.0,0.0,0.0,0.0
livingroom:3fc88ba8-7ea3-4653-892f-83667812c78a_LivingDiningRoom-76396,collision_gated_floor_prior,floor_prior_max1.8_mesh_p2_close0.75_far1.6,15,0,0.0,0.0,0.0,0.0
livingroom:3fc88ba8-7ea3-4653-892f-83667812c78a_LivingDiningRoom-76396,random_movement_matched_seed0,eg06_random_seed0,15,0,0.0,0.0,0.0,0.0
livingroom:3fc88ba8-7ea3-4653-892f-83667812c78a_LivingDiningRoom-76396,random_movement_matched_seed1,eg06_random_seed1,15,0,0.0,0.0,0.0,0.0
livingroom:3fc88ba8-7ea3-4653-892f-83667812c78a_LivingDiningRoom-76396,random_movement_matched_seed2,eg06_random_seed2,15,0,0.0,0.0,0.0,0.0
livingroom:3fc88ba8-7ea3-4653-892f-83667812c78a_LivingDiningRoom-76396,generic_relation_optimizer,eg06_generic_budget_matched,15,0,0.0,0.0,0.0,0.0
livingroom:401a9c00-571c-491d-a2c6-2201b964ca79_LivingDiningRoom-18728,collision_gated_floor_prior,floor_prior_max1.8_mesh_p2_close0.75_far1.6,12,0,0.0,0.0,0.0,0.0
livingroom:401a9c00-571c-491d-a2c6-2201b964ca79_LivingDiningRoom-18728,random_movement_matched_seed0,eg06_random_seed0,12,0,0.0,0.0,0.0,0.0
livingroom:401a9c00-571c-491d-a2c6-2201b964ca79_LivingDiningRoom-18728,random_movement_matched_seed1,eg06_random_seed1,12,0,0.0,0.0,0.0,0.0
livingroom:401a9c00-571c-491d-a2c6-2201b964ca79_LivingDiningRoom-18728,random_movement_matched_seed2,eg06_random_seed2,12,0,0.0,0.0,0.0,0.0
livingroom:401a9c00-571c-491d-a2c6-2201b964ca79_LivingDiningRoom-18728,generic_relation_optimizer,eg06_generic_budget_matched,12,0,0.0,0.0,0.0,0.0
livingroom:43907bbc-4b39-4f1a-8747-3287c8bce690_LivingDiningRoom-46747,collision_gated_floor_prior,floor_prior_max1.8_mesh_p2_close0.75_far1.6,18,0,0.0,0.0,0.0,0.0
livingroom:43907bbc-4b39-4f1a-8747-3287c8bce690_LivingDiningRoom-46747,random_movement_matched_seed0,eg06_random_seed0,18,0,0.0,0.0,0.0,0.0
livingroom:43907bbc-4b39-4f1a-8747-3287c8bce690_LivingDiningRoom-46747,random_movement_matched_seed1,eg06_random_seed1,18,0,0.0,0.0,0.0,0.0
livingroom:43907bbc-4b39-4f1a-8747-3287c8bce690_LivingDiningRoom-46747,random_movement_matched_seed2,eg06_random_seed2,18,0,0.0,0.0,0.0,0.0
livingroom:43907bbc-4b39-4f1a-8747-3287c8bce690_LivingDiningRoom-46747,generic_relation_optimizer,eg06_generic_budget_matched,18,0,0.0,0.0,0.0,0.0
livingroom:47230ba1-5a12-450a-80da-80527cc31c35_LivingDiningRoom-6087,collision_gated_floor_prior,floor_prior_max1.8_mesh_p2_close0.75_far1.6,11,0,0.0,0.0,0.0,0.0
livingroom:47230ba1-5a12-450a-80da-80527cc31c35_LivingDiningRoom-6087,random_movement_matched_seed0,eg06_random_seed0,11,0,0.0,0.0,0.0,0.0
livingroom:47230ba1-5a12-450a-80da-80527cc31c35_LivingDiningRoom-6087,random_movement_matched_seed1,eg06_random_seed1,11,0,0.0,0.0,0.0,0.0
livingroom:47230ba1-5a12-450a-80da-80527cc31c35_LivingDiningRoom-6087,random_movement_matched_seed2,eg06_random_seed2,11,0,0.0,0.0,0.0,0.0
livingroom:47230ba1-5a12-450a-80da-80527cc31c35_LivingDiningRoom-6087,generic_relation_optimizer,eg06_generic_budget_matched,11,0,0.0,0.0,0.0,0.0
livingroom:48171257-b69e-42e8-8e03-8b5d0d49241f_LivingDiningRoom-18089,collision_gated_floor_prior,floor_prior_max1.8_mesh_p2_close0.75_far1.6,11,0,0.0,0.0,0.0,0.0
livingroom:48171257-b69e-42e8-8e03-8b5d0d49241f_LivingDiningRoom-18089,random_movement_matched_seed0,eg06_random_seed0,11,0,0.0,0.0,0.0,0.0
livingroom:48171257-b69e-42e8-8e03-8b5d0d49241f_LivingDiningRoom-18089,random_movement_matched_seed1,eg06_random_seed1,11,0,0.0,0.0,0.0,0.0
livingroom:48171257-b69e-42e8-8e03-8b5d0d49241f_LivingDiningRoom-18089,random_movement_matched_seed2,eg06_random_seed2,11,0,0.0,0.0,0.0,0.0
livingroom:48171257-b69e-42e8-8e03-8b5d0d49241f_LivingDiningRoom-18089,generic_relation_optimizer,eg06_generic_budget_matched,11,0,0.0,0.0,0.0,0.0
livingroom:4abcb667-c57f-4d8f-940a-d964152329d5_LivingDiningRoom-11771,collision_gated_floor_prior,floor_prior_max1.8_mesh_p2_close0.75_far1.6,17,0,0.0,0.0,0.0,0.0
livingroom:4abcb667-c57f-4d8f-940a-d964152329d5_LivingDiningRoom-11771,random_movement_matched_seed0,eg06_random_seed0,17,0,0.0,0.0,0.0,0.0
livingroom:4abcb667-c57f-4d8f-940a-d964152329d5_LivingDiningRoom-11771,random_movement_matched_seed1,eg06_random_seed1,17,0,0.0,0.0,0.0,0.0
livingroom:4abcb667-c57f-4d8f-940a-d964152329d5_LivingDiningRoom-11771,random_movement_matched_seed2,eg06_random_seed2,17,0,0.0,0.0,0.0,0.0
livingroom:4abcb667-c57f-4d8f-940a-d964152329d5_LivingDiningRoom-11771,generic_relation_optimizer,eg06_generic_budget_matched,17,0,0.0,0.0,0.0,0.0
livingroom:4b18584d-3740-40f7-b344-5fbd98858ed8_LivingRoom-88425,collision_gated_floor_prior,floor_prior_max1.8_mesh_p2_close0.75_far1.6,19,0,0.0,0.0,0.0,0.0
livingroom:4b18584d-3740-40f7-b344-5fbd98858ed8_LivingRoom-88425,random_movement_matched_seed0,eg06_random_seed0,19,0,0.0,0.0,0.0,0.0
livingroom:4b18584d-3740-40f7-b344-5fbd98858ed8_LivingRoom-88425,random_movement_matched_seed1,eg06_random_seed1,19,0,0.0,0.0,0.0,0.0
livingroom:4b18584d-3740-40f7-b344-5fbd98858ed8_LivingRoom-88425,random_movement_matched_seed2,eg06_random_seed2,19,0,0.0,0.0,0.0,0.0
livingroom:4b18584d-3740-40f7-b344-5fbd98858ed8_LivingRoom-88425,generic_relation_optimizer,eg06_generic_budget_matched,19,0,0.0,0.0,0.0,0.0
livingroom:4b54eac7-33c2-4f5a-9fa4-44bda75d881e_LivingDiningRoom-19270,collision_gated_floor_prior,floor_prior_max1.8_mesh_p2_close0.75_far1.6,17,0,0.0,0.0,0.0,0.0
livingroom:4b54eac7-33c2-4f5a-9fa4-44bda75d881e_LivingDiningRoom-19270,random_movement_matched_seed0,eg06_random_seed0,17,0,0.0,0.0,0.0,0.0
livingroom:4b54eac7-33c2-4f5a-9fa4-44bda75d881e_LivingDiningRoom-19270,random_movement_matched_seed1,eg06_random_seed1,17,0,0.0,0.0,0.0,0.0
livingroom:4b54eac7-33c2-4f5a-9fa4-44bda75d881e_LivingDiningRoom-19270,random_movement_matched_seed2,eg06_random_seed2,17,0,0.0,0.0,0.0,0.0
livingroom:4b54eac7-33c2-4f5a-9fa4-44bda75d881e_LivingDiningRoom-19270,generic_relation_optimizer,eg06_generic_budget_matched,17,0,0.0,0.0,0.0,0.0
livingroom:4d8b6b63-f624-42c9-8442-4e7bfeb7e2f9_LivingDiningRoom-20298,collision_gated_floor_prior,floor_prior_max1.8_mesh_p2_close0.75_far1.6,9,0,0.0,0.0,0.0,0.0
livingroom:4d8b6b63-f624-42c9-8442-4e7bfeb7e2f9_LivingDiningRoom-20298,random_movement_matched_seed0,eg06_random_seed0,9,0,0.0,0.0,0.0,0.0
livingroom:4d8b6b63-f624-42c9-8442-4e7bfeb7e2f9_LivingDiningRoom-20298,random_movement_matched_seed1,eg06_random_seed1,9,0,0.0,0.0,0.0,0.0
livingroom:4d8b6b63-f624-42c9-8442-4e7bfeb7e2f9_LivingDiningRoom-20298,random_movement_matched_seed2,eg06_random_seed2,9,0,0.0,0.0,0.0,0.0
livingroom:4d8b6b63-f624-42c9-8442-4e7bfeb7e2f9_LivingDiningRoom-20298,generic_relation_optimizer,eg06_generic_budget_matched,9,0,0.0,0.0,0.0,0.0
livingroom:4f2012c0-ec3b-4fff-9cd4-68c37fe42ea1_LivingDiningRoom-54384,collision_gated_floor_prior,floor_prior_max1.8_mesh_p2_close0.75_far1.6,14,0,0.0,0.0,0.0,0.0
livingroom:4f2012c0-ec3b-4fff-9cd4-68c37fe42ea1_LivingDiningRoom-54384,random_movement_matched_seed0,eg06_random_seed0,14,0,0.0,0.0,0.0,0.0
livingroom:4f2012c0-ec3b-4fff-9cd4-68c37fe42ea1_LivingDiningRoom-54384,random_movement_matched_seed1,eg06_random_seed1,14,0,0.0,0.0,0.0,0.0
livingroom:4f2012c0-ec3b-4fff-9cd4-68c37fe42ea1_LivingDiningRoom-54384,random_movement_matched_seed2,eg06_random_seed2,14,0,0.0,0.0,0.0,0.0
livingroom:4f2012c0-ec3b-4fff-9cd4-68c37fe42ea1_LivingDiningRoom-54384,generic_relation_optimizer,eg06_generic_budget_matched,14,0,0.0,0.0,0.0,0.0
livingroom:4f96ac65-dfa8-4186-bf66-48b3b01f9e6d_LivingDiningRoom-10362,collision_gated_floor_prior,floor_prior_max1.8_mesh_p2_close0.75_far1.6,11,0,0.0,0.0,0.0,0.0
livingroom:4f96ac65-dfa8-4186-bf66-48b3b01f9e6d_LivingDiningRoom-10362,random_movement_matched_seed0,eg06_random_seed0,11,0,0.0,0.0,0.0,0.0
livingroom:4f96ac65-dfa8-4186-bf66-48b3b01f9e6d_LivingDiningRoom-10362,random_movement_matched_seed1,eg06_random_seed1,11,0,0.0,0.0,0.0,0.0
livingroom:4f96ac65-dfa8-4186-bf66-48b3b01f9e6d_LivingDiningRoom-10362,random_movement_matched_seed2,eg06_random_seed2,11,0,0.0,0.0,0.0,0.0
livingroom:4f96ac65-dfa8-4186-bf66-48b3b01f9e6d_LivingDiningRoom-10362,generic_relation_optimizer,eg06_generic_budget_matched,11,0,0.0,0.0,0.0,0.0
livingroom:51e5a27e-717c-4194-b4c7-ebb8ed877c12_LivingDiningRoom-6843,collision_gated_floor_prior,floor_prior_max1.8_mesh_p2_close0.75_far1.6,15,0,0.0,0.0,0.0,0.0
livingroom:51e5a27e-717c-4194-b4c7-ebb8ed877c12_LivingDiningRoom-6843,random_movement_matched_seed0,eg06_random_seed0,15,0,0.0,0.0,0.0,0.0
livingroom:51e5a27e-717c-4194-b4c7-ebb8ed877c12_LivingDiningRoom-6843,random_movement_matched_seed1,eg06_random_seed1,15,0,0.0,0.0,0.0,0.0
livingroom:51e5a27e-717c-4194-b4c7-ebb8ed877c12_LivingDiningRoom-6843,random_movement_matched_seed2,eg06_random_seed2,15,0,0.0,0.0,0.0,0.0
livingroom:51e5a27e-717c-4194-b4c7-ebb8ed877c12_LivingDiningRoom-6843,generic_relation_optimizer,eg06_generic_budget_matched,15,0,0.0,0.0,0.0,0.0
livingroom:531c8742-d3b6-43eb-a56a-39b620e70500_LivingDiningRoom-1744,collision_gated_floor_prior,floor_prior_max1.8_mesh_p2_close0.75_far1.6,12,0,0.0,0.0,0.0,0.0
livingroom:531c8742-d3b6-43eb-a56a-39b620e70500_LivingDiningRoom-1744,random_movement_matched_seed0,eg06_random_seed0,12,0,0.0,0.0,0.0,0.0
livingroom:531c8742-d3b6-43eb-a56a-39b620e70500_LivingDiningRoom-1744,random_movement_matched_seed1,eg06_random_seed1,12,0,0.0,0.0,0.0,0.0
livingroom:531c8742-d3b6-43eb-a56a-39b620e70500_LivingDiningRoom-1744,random_movement_matched_seed2,eg06_random_seed2,12,0,0.0,0.0,0.0,0.0
livingroom:531c8742-d3b6-43eb-a56a-39b620e70500_LivingDiningRoom-1744,generic_relation_optimizer,eg06_generic_budget_matched,12,0,0.0,0.0,0.0,0.0
livingroom:5385105a-4574-4afe-a14c-4f520b27494c_LivingDiningRoom-60607,collision_gated_floor_prior,floor_prior_max1.8_mesh_p2_close0.75_far1.6,14,0,0.0,0.0,0.0,0.0
livingroom:5385105a-4574-4afe-a14c-4f520b27494c_LivingDiningRoom-60607,random_movement_matched_seed0,eg06_random_seed0,14,0,0.0,0.0,0.0,0.0
livingroom:5385105a-4574-4afe-a14c-4f520b27494c_LivingDiningRoom-60607,random_movement_matched_seed1,eg06_random_seed1,14,0,0.0,0.0,0.0,0.0
livingroom:5385105a-4574-4afe-a14c-4f520b27494c_LivingDiningRoom-60607,random_movement_matched_seed2,eg06_random_seed2,14,0,0.0,0.0,0.0,0.0
livingroom:5385105a-4574-4afe-a14c-4f520b27494c_LivingDiningRoom-60607,generic_relation_optimizer,eg06_generic_budget_matched,14,0,0.0,0.0,0.0,0.0
livingroom:53ac3d02-ed9a-4d4e-8982-e1b44dc8d5ec_LivingDiningRoom-19339,collision_gated_floor_prior,floor_prior_max1.8_mesh_p2_close0.75_far1.6,11,0,0.0,0.0,0.0,0.0
livingroom:53ac3d02-ed9a-4d4e-8982-e1b44dc8d5ec_LivingDiningRoom-19339,random_movement_matched_seed0,eg06_random_seed0,11,0,0.0,0.0,0.0,0.0
livingroom:53ac3d02-ed9a-4d4e-8982-e1b44dc8d5ec_LivingDiningRoom-19339,random_movement_matched_seed1,eg06_random_seed1,11,0,0.0,0.0,0.0,0.0
livingroom:53ac3d02-ed9a-4d4e-8982-e1b44dc8d5ec_LivingDiningRoom-19339,random_movement_matched_seed2,eg06_random_seed2,11,0,0.0,0.0,0.0,0.0
livingroom:53ac3d02-ed9a-4d4e-8982-e1b44dc8d5ec_LivingDiningRoom-19339,generic_relation_optimizer,eg06_generic_budget_matched,11,0,0.0,0.0,0.0,0.0
livingroom:5493b6a0-cd82-4236-8814-1001e9c5b9cf_LivingDiningRoom-77544,collision_gated_floor_prior,floor_prior_max1.8_mesh_p2_close0.75_far1.6,17,0,0.0,0.0,0.0,0.0
livingroom:5493b6a0-cd82-4236-8814-1001e9c5b9cf_LivingDiningRoom-77544,random_movement_matched_seed0,eg06_random_seed0,17,0,0.0,0.0,0.0,0.0
livingroom:5493b6a0-cd82-4236-8814-1001e9c5b9cf_LivingDiningRoom-77544,random_movement_matched_seed1,eg06_random_seed1,17,0,0.0,0.0,0.0,0.0
livingroom:5493b6a0-cd82-4236-8814-1001e9c5b9cf_LivingDiningRoom-77544,random_movement_matched_seed2,eg06_random_seed2,17,0,0.0,0.0,0.0,0.0
livingroom:5493b6a0-cd82-4236-8814-1001e9c5b9cf_LivingDiningRoom-77544,generic_relation_optimizer,eg06_generic_budget_matched,17,0,0.0,0.0,0.0,0.0
livingroom:54b6b469-8aa3-4d5d-a285-977f75fc4212_LivingDiningRoom-14976,collision_gated_floor_prior,floor_prior_max1.8_mesh_p2_close0.75_far1.6,17,0,0.0,0.0,0.0,0.0
livingroom:54b6b469-8aa3-4d5d-a285-977f75fc4212_LivingDiningRoom-14976,random_movement_matched_seed0,eg06_random_seed0,17,0,0.0,0.0,0.0,0.0
livingroom:54b6b469-8aa3-4d5d-a285-977f75fc4212_LivingDiningRoom-14976,random_movement_matched_seed1,eg06_random_seed1,17,0,0.0,0.0,0.0,0.0
livingroom:54b6b469-8aa3-4d5d-a285-977f75fc4212_LivingDiningRoom-14976,random_movement_matched_seed2,eg06_random_seed2,17,0,0.0,0.0,0.0,0.0
livingroom:54b6b469-8aa3-4d5d-a285-977f75fc4212_LivingDiningRoom-14976,generic_relation_optimizer,eg06_generic_budget_matched,17,0,0.0,0.0,0.0,0.0
livingroom:56ef3577-9ca2-43b9-8971-47d6c88e1008_LivingDiningRoom-35769,collision_gated_floor_prior,floor_prior_max1.8_mesh_p2_close0.75_far1.6,17,0,0.0,0.0,0.0,0.0
livingroom:56ef3577-9ca2-43b9-8971-47d6c88e1008_LivingDiningRoom-35769,random_movement_matched_seed0,eg06_random_seed0,17,0,0.0,0.0,0.0,0.0
livingroom:56ef3577-9ca2-43b9-8971-47d6c88e1008_LivingDiningRoom-35769,random_movement_matched_seed1,eg06_random_seed1,17,0,0.0,0.0,0.0,0.0
livingroom:56ef3577-9ca2-43b9-8971-47d6c88e1008_LivingDiningRoom-35769,random_movement_matched_seed2,eg06_random_seed2,17,0,0.0,0.0,0.0,0.0
livingroom:56ef3577-9ca2-43b9-8971-47d6c88e1008_LivingDiningRoom-35769,generic_relation_optimizer,eg06_generic_budget_matched,17,0,0.0,0.0,0.0,0.0
livingroom:577c772f-369a-46ae-85ed-bf392426180f_LivingRoom-1097,collision_gated_floor_prior,floor_prior_max1.8_mesh_p2_close0.75_far1.6,10,0,0.0,0.0,0.0,0.0
livingroom:577c772f-369a-46ae-85ed-bf392426180f_LivingRoom-1097,random_movement_matched_seed0,eg06_random_seed0,10,0,0.0,0.0,0.0,0.0
livingroom:577c772f-369a-46ae-85ed-bf392426180f_LivingRoom-1097,random_movement_matched_seed1,eg06_random_seed1,10,0,0.0,0.0,0.0,0.0
livingroom:577c772f-369a-46ae-85ed-bf392426180f_LivingRoom-1097,random_movement_matched_seed2,eg06_random_seed2,10,0,0.0,0.0,0.0,0.0
livingroom:577c772f-369a-46ae-85ed-bf392426180f_LivingRoom-1097,generic_relation_optimizer,eg06_generic_budget_matched,10,0,0.0,0.0,0.0,0.0
livingroom:57b535e1-49e2-46f0-a54d-a3e50fe9c413_LivingDiningRoom-2729,collision_gated_floor_prior,floor_prior_max1.8_mesh_p2_close0.75_far1.6,16,0,0.0,0.0,0.0,0.0
livingroom:57b535e1-49e2-46f0-a54d-a3e50fe9c413_LivingDiningRoom-2729,random_movement_matched_seed0,eg06_random_seed0,16,0,0.0,0.0,0.0,0.0
livingroom:57b535e1-49e2-46f0-a54d-a3e50fe9c413_LivingDiningRoom-2729,random_movement_matched_seed1,eg06_random_seed1,16,0,0.0,0.0,0.0,0.0
livingroom:57b535e1-49e2-46f0-a54d-a3e50fe9c413_LivingDiningRoom-2729,random_movement_matched_seed2,eg06_random_seed2,16,0,0.0,0.0,0.0,0.0
livingroom:57b535e1-49e2-46f0-a54d-a3e50fe9c413_LivingDiningRoom-2729,generic_relation_optimizer,eg06_generic_budget_matched,16,0,0.0,0.0,0.0,0.0
livingroom:58bc5a5b-c6b3-4228-8a1f-718788f40ecc_LivingDiningRoom-27164,collision_gated_floor_prior,floor_prior_max1.8_mesh_p2_close0.75_far1.6,12,0,0.0,0.0,0.0,0.0
livingroom:58bc5a5b-c6b3-4228-8a1f-718788f40ecc_LivingDiningRoom-27164,random_movement_matched_seed0,eg06_random_seed0,12,0,0.0,0.0,0.0,0.0
livingroom:58bc5a5b-c6b3-4228-8a1f-718788f40ecc_LivingDiningRoom-27164,random_movement_matched_seed1,eg06_random_seed1,12,0,0.0,0.0,0.0,0.0
livingroom:58bc5a5b-c6b3-4228-8a1f-718788f40ecc_LivingDiningRoom-27164,random_movement_matched_seed2,eg06_random_seed2,12,0,0.0,0.0,0.0,0.0
livingroom:58bc5a5b-c6b3-4228-8a1f-718788f40ecc_LivingDiningRoom-27164,generic_relation_optimizer,eg06_generic_budget_matched,12,0,0.0,0.0,0.0,0.0
livingroom:58c205ff-e76d-4941-80a4-44d46b10bf8e_LivingDiningRoom-262051,collision_gated_floor_prior,floor_prior_max1.8_mesh_p2_close0.75_far1.6,16,0,0.0,0.0,0.0,0.0
livingroom:58c205ff-e76d-4941-80a4-44d46b10bf8e_LivingDiningRoom-262051,random_movement_matched_seed0,eg06_random_seed0,16,0,0.0,0.0,0.0,0.0
livingroom:58c205ff-e76d-4941-80a4-44d46b10bf8e_LivingDiningRoom-262051,random_movement_matched_seed1,eg06_random_seed1,16,0,0.0,0.0,0.0,0.0
livingroom:58c205ff-e76d-4941-80a4-44d46b10bf8e_LivingDiningRoom-262051,random_movement_matched_seed2,eg06_random_seed2,16,0,0.0,0.0,0.0,0.0
livingroom:58c205ff-e76d-4941-80a4-44d46b10bf8e_LivingDiningRoom-262051,generic_relation_optimizer,eg06_generic_budget_matched,16,0,0.0,0.0,0.0,0.0
livingroom:5a70accd-61ca-45d0-86cb-ded3e35c85f3_LivingDiningRoom-19784,collision_gated_floor_prior,floor_prior_max1.8_mesh_p2_close0.75_far1.6,15,0,0.0,0.0,0.0,0.0
livingroom:5a70accd-61ca-45d0-86cb-ded3e35c85f3_LivingDiningRoom-19784,random_movement_matched_seed0,eg06_random_seed0,15,0,0.0,0.0,0.0,0.0
livingroom:5a70accd-61ca-45d0-86cb-ded3e35c85f3_LivingDiningRoom-19784,random_movement_matched_seed1,eg06_random_seed1,15,0,0.0,0.0,0.0,0.0
livingroom:5a70accd-61ca-45d0-86cb-ded3e35c85f3_LivingDiningRoom-19784,random_movement_matched_seed2,eg06_random_seed2,15,0,0.0,0.0,0.0,0.0
livingroom:5a70accd-61ca-45d0-86cb-ded3e35c85f3_LivingDiningRoom-19784,generic_relation_optimizer,eg06_generic_budget_matched,15,0,0.0,0.0,0.0,0.0
livingroom:5d522173-3fc1-4964-898d-48ab76e67f4d_LivingDiningRoom-10493,collision_gated_floor_prior,floor_prior_max1.8_mesh_p2_close0.75_far1.6,15,0,0.0,0.0,0.0,0.0
livingroom:5d522173-3fc1-4964-898d-48ab76e67f4d_LivingDiningRoom-10493,random_movement_matched_seed0,eg06_random_seed0,15,0,0.0,0.0,0.0,0.0
livingroom:5d522173-3fc1-4964-898d-48ab76e67f4d_LivingDiningRoom-10493,random_movement_matched_seed1,eg06_random_seed1,15,0,0.0,0.0,0.0,0.0
livingroom:5d522173-3fc1-4964-898d-48ab76e67f4d_LivingDiningRoom-10493,random_movement_matched_seed2,eg06_random_seed2,15,0,0.0,0.0,0.0,0.0
livingroom:5d522173-3fc1-4964-898d-48ab76e67f4d_LivingDiningRoom-10493,generic_relation_optimizer,eg06_generic_budget_matched,15,0,0.0,0.0,0.0,0.0
livingroom:5dc561df-3712-44ec-9344-5e629f2098eb_LivingDiningRoom-3484,collision_gated_floor_prior,floor_prior_max1.8_mesh_p2_close0.75_far1.6,13,0,0.0,0.0,0.0,0.0
livingroom:5dc561df-3712-44ec-9344-5e629f2098eb_LivingDiningRoom-3484,random_movement_matched_seed0,eg06_random_seed0,13,0,0.0,0.0,0.0,0.0
livingroom:5dc561df-3712-44ec-9344-5e629f2098eb_LivingDiningRoom-3484,random_movement_matched_seed1,eg06_random_seed1,13,0,0.0,0.0,0.0,0.0
livingroom:5dc561df-3712-44ec-9344-5e629f2098eb_LivingDiningRoom-3484,random_movement_matched_seed2,eg06_random_seed2,13,0,0.0,0.0,0.0,0.0
livingroom:5dc561df-3712-44ec-9344-5e629f2098eb_LivingDiningRoom-3484,generic_relation_optimizer,eg06_generic_budget_matched,13,0,0.0,0.0,0.0,0.0
livingroom:5e1cf772-2618-4b24-bf20-8670d2fea4e9_LivingRoom-23405,collision_gated_floor_prior,floor_prior_max1.8_mesh_p2_close0.75_far1.6,16,0,0.0,0.0,0.0,0.0
livingroom:5e1cf772-2618-4b24-bf20-8670d2fea4e9_LivingRoom-23405,random_movement_matched_seed0,eg06_random_seed0,16,0,0.0,0.0,0.0,0.0
livingroom:5e1cf772-2618-4b24-bf20-8670d2fea4e9_LivingRoom-23405,random_movement_matched_seed1,eg06_random_seed1,16,0,0.0,0.0,0.0,0.0
livingroom:5e1cf772-2618-4b24-bf20-8670d2fea4e9_LivingRoom-23405,random_movement_matched_seed2,eg06_random_seed2,16,0,0.0,0.0,0.0,0.0
livingroom:5e1cf772-2618-4b24-bf20-8670d2fea4e9_LivingRoom-23405,generic_relation_optimizer,eg06_generic_budget_matched,16,0,0.0,0.0,0.0,0.0
livingroom:5e44b2a9-66ec-4d5b-adf0-c87ab69cc93c_LivingRoom-3797,collision_gated_floor_prior,floor_prior_max1.8_mesh_p2_close0.75_far1.6,10,0,0.0,0.0,0.0,0.0
livingroom:5e44b2a9-66ec-4d5b-adf0-c87ab69cc93c_LivingRoom-3797,random_movement_matched_seed0,eg06_random_seed0,10,0,0.0,0.0,0.0,0.0
livingroom:5e44b2a9-66ec-4d5b-adf0-c87ab69cc93c_LivingRoom-3797,random_movement_matched_seed1,eg06_random_seed1,10,0,0.0,0.0,0.0,0.0
livingroom:5e44b2a9-66ec-4d5b-adf0-c87ab69cc93c_LivingRoom-3797,random_movement_matched_seed2,eg06_random_seed2,10,0,0.0,0.0,0.0,0.0
livingroom:5e44b2a9-66ec-4d5b-adf0-c87ab69cc93c_LivingRoom-3797,generic_relation_optimizer,eg06_generic_budget_matched,10,0,0.0,0.0,0.0,0.0
livingroom:6064cd7d-6922-4b76-bdb6-08f50aea6097_LivingRoom-50084,collision_gated_floor_prior,floor_prior_max1.8_mesh_p2_close0.75_far1.6,15,2,2.232359440964855,1.1324685891856412,2.232359440964855,1.1324685891856412
livingroom:6064cd7d-6922-4b76-bdb6-08f50aea6097_LivingRoom-50084,random_movement_matched_seed0,eg06_random_seed0,15,2,2.232359440964855,1.1324685891856412,2.232359440964855,1.1324685891856412
livingroom:6064cd7d-6922-4b76-bdb6-08f50aea6097_LivingRoom-50084,random_movement_matched_seed1,eg06_random_seed1,15,2,2.232359440964855,1.1324685891856412,2.232359440964855,1.1324685891856412
livingroom:6064cd7d-6922-4b76-bdb6-08f50aea6097_LivingRoom-50084,random_movement_matched_seed2,eg06_random_seed2,15,2,2.2323594409648546,1.132468589185641,2.232359440964855,1.1324685891856412
livingroom:6064cd7d-6922-4b76-bdb6-08f50aea6097_LivingRoom-50084,generic_relation_optimizer,eg06_generic_budget_matched,15,0,0.0,0.0,2.232359440964855,1.1324685891856412
livingroom:60e4b558-623a-4459-860e-5954f41d4b22_LivingRoom-1772,collision_gated_floor_prior,floor_prior_max1.8_mesh_p2_close0.75_far1.6,10,0,0.0,0.0,0.0,0.0
livingroom:60e4b558-623a-4459-860e-5954f41d4b22_LivingRoom-1772,random_movement_matched_seed0,eg06_random_seed0,10,0,0.0,0.0,0.0,0.0
livingroom:60e4b558-623a-4459-860e-5954f41d4b22_LivingRoom-1772,random_movement_matched_seed1,eg06_random_seed1,10,0,0.0,0.0,0.0,0.0
livingroom:60e4b558-623a-4459-860e-5954f41d4b22_LivingRoom-1772,random_movement_matched_seed2,eg06_random_seed2,10,0,0.0,0.0,0.0,0.0
livingroom:60e4b558-623a-4459-860e-5954f41d4b22_LivingRoom-1772,generic_relation_optimizer,eg06_generic_budget_matched,10,0,0.0,0.0,0.0,0.0
livingroom:613b2c63-66ba-4643-b4d3-c6a4f34d62a9_LivingRoom-30098,collision_gated_floor_prior,floor_prior_max1.8_mesh_p2_close0.75_far1.6,16,0,0.0,0.0,0.0,0.0
livingroom:613b2c63-66ba-4643-b4d3-c6a4f34d62a9_LivingRoom-30098,random_movement_matched_seed0,eg06_random_seed0,16,0,0.0,0.0,0.0,0.0
livingroom:613b2c63-66ba-4643-b4d3-c6a4f34d62a9_LivingRoom-30098,random_movement_matched_seed1,eg06_random_seed1,16,0,0.0,0.0,0.0,0.0
livingroom:613b2c63-66ba-4643-b4d3-c6a4f34d62a9_LivingRoom-30098,random_movement_matched_seed2,eg06_random_seed2,16,0,0.0,0.0,0.0,0.0
livingroom:613b2c63-66ba-4643-b4d3-c6a4f34d62a9_LivingRoom-30098,generic_relation_optimizer,eg06_generic_budget_matched,16,0,0.0,0.0,0.0,0.0
livingroom:620192ba-29c5-4d21-a924-5393d0d8f4fa_LivingRoom-3540,collision_gated_floor_prior,floor_prior_max1.8_mesh_p2_close0.75_far1.6,8,0,0.0,0.0,0.0,0.0
livingroom:620192ba-29c5-4d21-a924-5393d0d8f4fa_LivingRoom-3540,random_movement_matched_seed0,eg06_random_seed0,8,0,0.0,0.0,0.0,0.0
livingroom:620192ba-29c5-4d21-a924-5393d0d8f4fa_LivingRoom-3540,random_movement_matched_seed1,eg06_random_seed1,8,0,0.0,0.0,0.0,0.0
livingroom:620192ba-29c5-4d21-a924-5393d0d8f4fa_LivingRoom-3540,random_movement_matched_seed2,eg06_random_seed2,8,0,0.0,0.0,0.0,0.0
livingroom:620192ba-29c5-4d21-a924-5393d0d8f4fa_LivingRoom-3540,generic_relation_optimizer,eg06_generic_budget_matched,8,0,0.0,0.0,0.0,0.0
livingroom:62773068-a0a2-4ed0-b85c-84a9a353d18a_LivingDiningRoom-2583,collision_gated_floor_prior,floor_prior_max1.8_mesh_p2_close0.75_far1.6,19,0,0.0,0.0,0.0,0.0
livingroom:62773068-a0a2-4ed0-b85c-84a9a353d18a_LivingDiningRoom-2583,random_movement_matched_seed0,eg06_random_seed0,19,0,0.0,0.0,0.0,0.0
livingroom:62773068-a0a2-4ed0-b85c-84a9a353d18a_LivingDiningRoom-2583,random_movement_matched_seed1,eg06_random_seed1,19,0,0.0,0.0,0.0,0.0
livingroom:62773068-a0a2-4ed0-b85c-84a9a353d18a_LivingDiningRoom-2583,random_movement_matched_seed2,eg06_random_seed2,19,0,0.0,0.0,0.0,0.0
livingroom:62773068-a0a2-4ed0-b85c-84a9a353d18a_LivingDiningRoom-2583,generic_relation_optimizer,eg06_generic_budget_matched,19,0,0.0,0.0,0.0,0.0
livingroom:62fd38a2-1ef7-4791-9f77-86a35ca36c10_LivingRoom-68491,collision_gated_floor_prior,floor_prior_max1.8_mesh_p2_close0.75_far1.6,16,0,0.0,0.0,0.0,0.0
livingroom:62fd38a2-1ef7-4791-9f77-86a35ca36c10_LivingRoom-68491,random_movement_matched_seed0,eg06_random_seed0,16,0,0.0,0.0,0.0,0.0
livingroom:62fd38a2-1ef7-4791-9f77-86a35ca36c10_LivingRoom-68491,random_movement_matched_seed1,eg06_random_seed1,16,0,0.0,0.0,0.0,0.0
livingroom:62fd38a2-1ef7-4791-9f77-86a35ca36c10_LivingRoom-68491,random_movement_matched_seed2,eg06_random_seed2,16,0,0.0,0.0,0.0,0.0
livingroom:62fd38a2-1ef7-4791-9f77-86a35ca36c10_LivingRoom-68491,generic_relation_optimizer,eg06_generic_budget_matched,16,0,0.0,0.0,0.0,0.0
livingroom:66d24a27-e8dd-42e5-b5bb-ef4723829b54_LivingRoom-22102,collision_gated_floor_prior,floor_prior_max1.8_mesh_p2_close0.75_far1.6,13,0,0.0,0.0,0.0,0.0
livingroom:66d24a27-e8dd-42e5-b5bb-ef4723829b54_LivingRoom-22102,random_movement_matched_seed0,eg06_random_seed0,13,0,0.0,0.0,0.0,0.0
livingroom:66d24a27-e8dd-42e5-b5bb-ef4723829b54_LivingRoom-22102,random_movement_matched_seed1,eg06_random_seed1,13,0,0.0,0.0,0.0,0.0
livingroom:66d24a27-e8dd-42e5-b5bb-ef4723829b54_LivingRoom-22102,random_movement_matched_seed2,eg06_random_seed2,13,0,0.0,0.0,0.0,0.0
livingroom:66d24a27-e8dd-42e5-b5bb-ef4723829b54_LivingRoom-22102,generic_relation_optimizer,eg06_generic_budget_matched,13,0,0.0,0.0,0.0,0.0
livingroom:6b5bb08d-7e14-4206-8014-685580c674b1_LivingDiningRoom-2106,collision_gated_floor_prior,floor_prior_max1.8_mesh_p2_close0.75_far1.6,13,0,0.0,0.0,0.0,0.0
livingroom:6b5bb08d-7e14-4206-8014-685580c674b1_LivingDiningRoom-2106,random_movement_matched_seed0,eg06_random_seed0,13,0,0.0,0.0,0.0,0.0
livingroom:6b5bb08d-7e14-4206-8014-685580c674b1_LivingDiningRoom-2106,random_movement_matched_seed1,eg06_random_seed1,13,0,0.0,0.0,0.0,0.0
livingroom:6b5bb08d-7e14-4206-8014-685580c674b1_LivingDiningRoom-2106,random_movement_matched_seed2,eg06_random_seed2,13,0,0.0,0.0,0.0,0.0
livingroom:6b5bb08d-7e14-4206-8014-685580c674b1_LivingDiningRoom-2106,generic_relation_optimizer,eg06_generic_budget_matched,13,0,0.0,0.0,0.0,0.0
livingroom:6be7ef9a-98d9-4d32-8b0c-c0d2b1ca3bbe_LivingRoom-38721,collision_gated_floor_prior,floor_prior_max1.8_mesh_p2_close0.75_far1.6,12,0,0.0,0.0,0.0,0.0
livingroom:6be7ef9a-98d9-4d32-8b0c-c0d2b1ca3bbe_LivingRoom-38721,random_movement_matched_seed0,eg06_random_seed0,12,0,0.0,0.0,0.0,0.0
livingroom:6be7ef9a-98d9-4d32-8b0c-c0d2b1ca3bbe_LivingRoom-38721,random_movement_matched_seed1,eg06_random_seed1,12,0,0.0,0.0,0.0,0.0
livingroom:6be7ef9a-98d9-4d32-8b0c-c0d2b1ca3bbe_LivingRoom-38721,random_movement_matched_seed2,eg06_random_seed2,12,0,0.0,0.0,0.0,0.0
livingroom:6be7ef9a-98d9-4d32-8b0c-c0d2b1ca3bbe_LivingRoom-38721,generic_relation_optimizer,eg06_generic_budget_matched,12,0,0.0,0.0,0.0,0.0
livingroom:6e356720-39a8-4843-874d-a71efc4fb1ff_LivingRoom-2159,collision_gated_floor_prior,floor_prior_max1.8_mesh_p2_close0.75_far1.6,19,0,0.0,0.0,0.0,0.0
livingroom:6e356720-39a8-4843-874d-a71efc4fb1ff_LivingRoom-2159,random_movement_matched_seed0,eg06_random_seed0,19,0,0.0,0.0,0.0,0.0
livingroom:6e356720-39a8-4843-874d-a71efc4fb1ff_LivingRoom-2159,random_movement_matched_seed1,eg06_random_seed1,19,0,0.0,0.0,0.0,0.0
livingroom:6e356720-39a8-4843-874d-a71efc4fb1ff_LivingRoom-2159,random_movement_matched_seed2,eg06_random_seed2,19,0,0.0,0.0,0.0,0.0
livingroom:6e356720-39a8-4843-874d-a71efc4fb1ff_LivingRoom-2159,generic_relation_optimizer,eg06_generic_budget_matched,19,0,0.0,0.0,0.0,0.0
livingroom:6ee84dec-417f-4fba-ad4f-1f91d7589cf0_LivingDiningRoom-4056,collision_gated_floor_prior,floor_prior_max1.8_mesh_p2_close0.75_far1.6,9,0,0.0,0.0,0.0,0.0
livingroom:6ee84dec-417f-4fba-ad4f-1f91d7589cf0_LivingDiningRoom-4056,random_movement_matched_seed0,eg06_random_seed0,9,0,0.0,0.0,0.0,0.0
livingroom:6ee84dec-417f-4fba-ad4f-1f91d7589cf0_LivingDiningRoom-4056,random_movement_matched_seed1,eg06_random_seed1,9,0,0.0,0.0,0.0,0.0
livingroom:6ee84dec-417f-4fba-ad4f-1f91d7589cf0_LivingDiningRoom-4056,random_movement_matched_seed2,eg06_random_seed2,9,0,0.0,0.0,0.0,0.0
livingroom:6ee84dec-417f-4fba-ad4f-1f91d7589cf0_LivingDiningRoom-4056,generic_relation_optimizer,eg06_generic_budget_matched,9,0,0.0,0.0,0.0,0.0
livingroom:70441a13-34cb-4927-a0b9-e5fa771da509_LivingRoom-1618,collision_gated_floor_prior,floor_prior_max1.8_mesh_p2_close0.75_far1.6,15,0,0.0,0.0,0.0,0.0
livingroom:70441a13-34cb-4927-a0b9-e5fa771da509_LivingRoom-1618,random_movement_matched_seed0,eg06_random_seed0,15,0,0.0,0.0,0.0,0.0
livingroom:70441a13-34cb-4927-a0b9-e5fa771da509_LivingRoom-1618,random_movement_matched_seed1,eg06_random_seed1,15,0,0.0,0.0,0.0,0.0
livingroom:70441a13-34cb-4927-a0b9-e5fa771da509_LivingRoom-1618,random_movement_matched_seed2,eg06_random_seed2,15,0,0.0,0.0,0.0,0.0
livingroom:70441a13-34cb-4927-a0b9-e5fa771da509_LivingRoom-1618,generic_relation_optimizer,eg06_generic_budget_matched,15,0,0.0,0.0,0.0,0.0
livingroom:70e4c0ab-9ca2-4542-96fd-9355e048db91_LivingDiningRoom-25795,collision_gated_floor_prior,floor_prior_max1.8_mesh_p2_close0.75_far1.6,15,0,0.0,0.0,0.0,0.0
livingroom:70e4c0ab-9ca2-4542-96fd-9355e048db91_LivingDiningRoom-25795,random_movement_matched_seed0,eg06_random_seed0,15,0,0.0,0.0,0.0,0.0
livingroom:70e4c0ab-9ca2-4542-96fd-9355e048db91_LivingDiningRoom-25795,random_movement_matched_seed1,eg06_random_seed1,15,0,0.0,0.0,0.0,0.0
livingroom:70e4c0ab-9ca2-4542-96fd-9355e048db91_LivingDiningRoom-25795,random_movement_matched_seed2,eg06_random_seed2,15,0,0.0,0.0,0.0,0.0
livingroom:70e4c0ab-9ca2-4542-96fd-9355e048db91_LivingDiningRoom-25795,generic_relation_optimizer,eg06_generic_budget_matched,15,0,0.0,0.0,0.0,0.0
livingroom:71cc3390-7abf-4be5-a2e9-8673e556538a_LivingDiningRoom-5087,collision_gated_floor_prior,floor_prior_max1.8_mesh_p2_close0.75_far1.6,12,0,0.0,0.0,0.0,0.0
livingroom:71cc3390-7abf-4be5-a2e9-8673e556538a_LivingDiningRoom-5087,random_movement_matched_seed0,eg06_random_seed0,12,0,0.0,0.0,0.0,0.0
livingroom:71cc3390-7abf-4be5-a2e9-8673e556538a_LivingDiningRoom-5087,random_movement_matched_seed1,eg06_random_seed1,12,0,0.0,0.0,0.0,0.0
livingroom:71cc3390-7abf-4be5-a2e9-8673e556538a_LivingDiningRoom-5087,random_movement_matched_seed2,eg06_random_seed2,12,0,0.0,0.0,0.0,0.0
livingroom:71cc3390-7abf-4be5-a2e9-8673e556538a_LivingDiningRoom-5087,generic_relation_optimizer,eg06_generic_budget_matched,12,0,0.0,0.0,0.0,0.0
livingroom:73818192-7ca3-4161-8cf1-ca3e5e51b1ab_LivingDiningRoom-62037,collision_gated_floor_prior,floor_prior_max1.8_mesh_p2_close0.75_far1.6,14,0,0.0,0.0,0.0,0.0
livingroom:73818192-7ca3-4161-8cf1-ca3e5e51b1ab_LivingDiningRoom-62037,random_movement_matched_seed0,eg06_random_seed0,14,0,0.0,0.0,0.0,0.0
livingroom:73818192-7ca3-4161-8cf1-ca3e5e51b1ab_LivingDiningRoom-62037,random_movement_matched_seed1,eg06_random_seed1,14,0,0.0,0.0,0.0,0.0
livingroom:73818192-7ca3-4161-8cf1-ca3e5e51b1ab_LivingDiningRoom-62037,random_movement_matched_seed2,eg06_random_seed2,14,0,0.0,0.0,0.0,0.0
livingroom:73818192-7ca3-4161-8cf1-ca3e5e51b1ab_LivingDiningRoom-62037,generic_relation_optimizer,eg06_generic_budget_matched,14,0,0.0,0.0,0.0,0.0
livingroom:73ed0b77-ba5b-4c11-9bf4-a776d8290144_LivingDiningRoom-113,collision_gated_floor_prior,floor_prior_max1.8_mesh_p2_close0.75_far1.6,8,0,0.0,0.0,0.0,0.0
livingroom:73ed0b77-ba5b-4c11-9bf4-a776d8290144_LivingDiningRoom-113,random_movement_matched_seed0,eg06_random_seed0,8,0,0.0,0.0,0.0,0.0
livingroom:73ed0b77-ba5b-4c11-9bf4-a776d8290144_LivingDiningRoom-113,random_movement_matched_seed1,eg06_random_seed1,8,0,0.0,0.0,0.0,0.0
livingroom:73ed0b77-ba5b-4c11-9bf4-a776d8290144_LivingDiningRoom-113,random_movement_matched_seed2,eg06_random_seed2,8,0,0.0,0.0,0.0,0.0
livingroom:73ed0b77-ba5b-4c11-9bf4-a776d8290144_LivingDiningRoom-113,generic_relation_optimizer,eg06_generic_budget_matched,8,0,0.0,0.0,0.0,0.0
livingroom:74b36472-5e84-4950-93fa-faf2292e35a8_LivingDiningRoom-37024,collision_gated_floor_prior,floor_prior_max1.8_mesh_p2_close0.75_far1.6,15,0,0.0,0.0,0.0,0.0
livingroom:74b36472-5e84-4950-93fa-faf2292e35a8_LivingDiningRoom-37024,random_movement_matched_seed0,eg06_random_seed0,15,0,0.0,0.0,0.0,0.0
livingroom:74b36472-5e84-4950-93fa-faf2292e35a8_LivingDiningRoom-37024,random_movement_matched_seed1,eg06_random_seed1,15,0,0.0,0.0,0.0,0.0
livingroom:74b36472-5e84-4950-93fa-faf2292e35a8_LivingDiningRoom-37024,random_movement_matched_seed2,eg06_random_seed2,15,0,0.0,0.0,0.0,0.0
livingroom:74b36472-5e84-4950-93fa-faf2292e35a8_LivingDiningRoom-37024,generic_relation_optimizer,eg06_generic_budget_matched,15,0,0.0,0.0,0.0,0.0
livingroom:74ed0339-0753-45b6-9caf-d5f494122e24_LivingDiningRoom-9272,collision_gated_floor_prior,floor_prior_max1.8_mesh_p2_close0.75_far1.6,6,0,0.0,0.0,0.0,0.0
livingroom:74ed0339-0753-45b6-9caf-d5f494122e24_LivingDiningRoom-9272,random_movement_matched_seed0,eg06_random_seed0,6,0,0.0,0.0,0.0,0.0
livingroom:74ed0339-0753-45b6-9caf-d5f494122e24_LivingDiningRoom-9272,random_movement_matched_seed1,eg06_random_seed1,6,0,0.0,0.0,0.0,0.0
livingroom:74ed0339-0753-45b6-9caf-d5f494122e24_LivingDiningRoom-9272,random_movement_matched_seed2,eg06_random_seed2,6,0,0.0,0.0,0.0,0.0
livingroom:74ed0339-0753-45b6-9caf-d5f494122e24_LivingDiningRoom-9272,generic_relation_optimizer,eg06_generic_budget_matched,6,0,0.0,0.0,0.0,0.0
livingroom:7511f0b9-0076-44e5-9d86-1100ce3ddf14_LivingDiningRoom-134680,collision_gated_floor_prior,floor_prior_max1.8_mesh_p2_close0.75_far1.6,14,0,0.0,0.0,0.0,0.0
livingroom:7511f0b9-0076-44e5-9d86-1100ce3ddf14_LivingDiningRoom-134680,random_movement_matched_seed0,eg06_random_seed0,14,0,0.0,0.0,0.0,0.0
livingroom:7511f0b9-0076-44e5-9d86-1100ce3ddf14_LivingDiningRoom-134680,random_movement_matched_seed1,eg06_random_seed1,14,0,0.0,0.0,0.0,0.0
livingroom:7511f0b9-0076-44e5-9d86-1100ce3ddf14_LivingDiningRoom-134680,random_movement_matched_seed2,eg06_random_seed2,14,0,0.0,0.0,0.0,0.0
livingroom:7511f0b9-0076-44e5-9d86-1100ce3ddf14_LivingDiningRoom-134680,generic_relation_optimizer,eg06_generic_budget_matched,14,0,0.0,0.0,0.0,0.0
livingroom:78f54b4e-5031-4aa4-bd58-6a287cd64dc3_LivingDiningRoom-17657,collision_gated_floor_prior,floor_prior_max1.8_mesh_p2_close0.75_far1.6,11,0,0.0,0.0,0.0,0.0
livingroom:78f54b4e-5031-4aa4-bd58-6a287cd64dc3_LivingDiningRoom-17657,random_movement_matched_seed0,eg06_random_seed0,11,0,0.0,0.0,0.0,0.0
livingroom:78f54b4e-5031-4aa4-bd58-6a287cd64dc3_LivingDiningRoom-17657,random_movement_matched_seed1,eg06_random_seed1,11,0,0.0,0.0,0.0,0.0
livingroom:78f54b4e-5031-4aa4-bd58-6a287cd64dc3_LivingDiningRoom-17657,random_movement_matched_seed2,eg06_random_seed2,11,0,0.0,0.0,0.0,0.0
livingroom:78f54b4e-5031-4aa4-bd58-6a287cd64dc3_LivingDiningRoom-17657,generic_relation_optimizer,eg06_generic_budget_matched,11,0,0.0,0.0,0.0,0.0
livingroom:79090604-70df-47d2-98e7-62087f358e6e_LivingDiningRoom-15199,collision_gated_floor_prior,floor_prior_max1.8_mesh_p2_close0.75_far1.6,13,0,0.0,0.0,0.0,0.0
livingroom:79090604-70df-47d2-98e7-62087f358e6e_LivingDiningRoom-15199,random_movement_matched_seed0,eg06_random_seed0,13,0,0.0,0.0,0.0,0.0
livingroom:79090604-70df-47d2-98e7-62087f358e6e_LivingDiningRoom-15199,random_movement_matched_seed1,eg06_random_seed1,13,0,0.0,0.0,0.0,0.0
livingroom:79090604-70df-47d2-98e7-62087f358e6e_LivingDiningRoom-15199,random_movement_matched_seed2,eg06_random_seed2,13,0,0.0,0.0,0.0,0.0
livingroom:79090604-70df-47d2-98e7-62087f358e6e_LivingDiningRoom-15199,generic_relation_optimizer,eg06_generic_budget_matched,13,0,0.0,0.0,0.0,0.0
livingroom:7ab9613a-1489-4fd4-8bb5-cdef94c6ca1b_LivingRoom-11224,collision_gated_floor_prior,floor_prior_max1.8_mesh_p2_close0.75_far1.6,10,0,0.0,0.0,0.0,0.0
livingroom:7ab9613a-1489-4fd4-8bb5-cdef94c6ca1b_LivingRoom-11224,random_movement_matched_seed0,eg06_random_seed0,10,0,0.0,0.0,0.0,0.0
livingroom:7ab9613a-1489-4fd4-8bb5-cdef94c6ca1b_LivingRoom-11224,random_movement_matched_seed1,eg06_random_seed1,10,0,0.0,0.0,0.0,0.0
livingroom:7ab9613a-1489-4fd4-8bb5-cdef94c6ca1b_LivingRoom-11224,random_movement_matched_seed2,eg06_random_seed2,10,0,0.0,0.0,0.0,0.0
livingroom:7ab9613a-1489-4fd4-8bb5-cdef94c6ca1b_LivingRoom-11224,generic_relation_optimizer,eg06_generic_budget_matched,10,0,0.0,0.0,0.0,0.0
livingroom:7cb2b1ac-1751-4ed8-95af-588764071f9e_LivingRoom-13136,collision_gated_floor_prior,floor_prior_max1.8_mesh_p2_close0.75_far1.6,10,0,0.0,0.0,0.0,0.0
livingroom:7cb2b1ac-1751-4ed8-95af-588764071f9e_LivingRoom-13136,random_movement_matched_seed0,eg06_random_seed0,10,0,0.0,0.0,0.0,0.0
livingroom:7cb2b1ac-1751-4ed8-95af-588764071f9e_LivingRoom-13136,random_movement_matched_seed1,eg06_random_seed1,10,0,0.0,0.0,0.0,0.0
livingroom:7cb2b1ac-1751-4ed8-95af-588764071f9e_LivingRoom-13136,random_movement_matched_seed2,eg06_random_seed2,10,0,0.0,0.0,0.0,0.0
livingroom:7cb2b1ac-1751-4ed8-95af-588764071f9e_LivingRoom-13136,generic_relation_optimizer,eg06_generic_budget_matched,10,0,0.0,0.0,0.0,0.0
livingroom:7cbabe0c-5239-4e90-95cb-5c79adb0ede6_LivingDiningRoom-76216,collision_gated_floor_prior,floor_prior_max1.8_mesh_p2_close0.75_far1.6,16,0,0.0,0.0,0.0,0.0
livingroom:7cbabe0c-5239-4e90-95cb-5c79adb0ede6_LivingDiningRoom-76216,random_movement_matched_seed0,eg06_random_seed0,16,0,0.0,0.0,0.0,0.0
livingroom:7cbabe0c-5239-4e90-95cb-5c79adb0ede6_LivingDiningRoom-76216,random_movement_matched_seed1,eg06_random_seed1,16,0,0.0,0.0,0.0,0.0
livingroom:7cbabe0c-5239-4e90-95cb-5c79adb0ede6_LivingDiningRoom-76216,random_movement_matched_seed2,eg06_random_seed2,16,0,0.0,0.0,0.0,0.0
livingroom:7cbabe0c-5239-4e90-95cb-5c79adb0ede6_LivingDiningRoom-76216,generic_relation_optimizer,eg06_generic_budget_matched,16,0,0.0,0.0,0.0,0.0
livingroom:80261497-c204-4078-8155-a0a435138c70_LivingDiningRoom-9530,collision_gated_floor_prior,floor_prior_max1.8_mesh_p2_close0.75_far1.6,16,0,0.0,0.0,0.0,0.0
livingroom:80261497-c204-4078-8155-a0a435138c70_LivingDiningRoom-9530,random_movement_matched_seed0,eg06_random_seed0,16,0,0.0,0.0,0.0,0.0
livingroom:80261497-c204-4078-8155-a0a435138c70_LivingDiningRoom-9530,random_movement_matched_seed1,eg06_random_seed1,16,0,0.0,0.0,0.0,0.0
livingroom:80261497-c204-4078-8155-a0a435138c70_LivingDiningRoom-9530,random_movement_matched_seed2,eg06_random_seed2,16,0,0.0,0.0,0.0,0.0
livingroom:80261497-c204-4078-8155-a0a435138c70_LivingDiningRoom-9530,generic_relation_optimizer,eg06_generic_budget_matched,16,0,0.0,0.0,0.0,0.0
livingroom:82d13473-977b-457d-9e8a-6604dfe72c89_LivingDiningRoom-8375,collision_gated_floor_prior,floor_prior_max1.8_mesh_p2_close0.75_far1.6,9,0,0.0,0.0,0.0,0.0
livingroom:82d13473-977b-457d-9e8a-6604dfe72c89_LivingDiningRoom-8375,random_movement_matched_seed0,eg06_random_seed0,9,0,0.0,0.0,0.0,0.0
livingroom:82d13473-977b-457d-9e8a-6604dfe72c89_LivingDiningRoom-8375,random_movement_matched_seed1,eg06_random_seed1,9,0,0.0,0.0,0.0,0.0
livingroom:82d13473-977b-457d-9e8a-6604dfe72c89_LivingDiningRoom-8375,random_movement_matched_seed2,eg06_random_seed2,9,0,0.0,0.0,0.0,0.0
livingroom:82d13473-977b-457d-9e8a-6604dfe72c89_LivingDiningRoom-8375,generic_relation_optimizer,eg06_generic_budget_matched,9,0,0.0,0.0,0.0,0.0
livingroom:86b16b1f-1846-46bf-959b-1c7ae05b4ed6_LivingRoom-40975,collision_gated_floor_prior,floor_prior_max1.8_mesh_p2_close0.75_far1.6,12,0,0.0,0.0,0.0,0.0
livingroom:86b16b1f-1846-46bf-959b-1c7ae05b4ed6_LivingRoom-40975,random_movement_matched_seed0,eg06_random_seed0,12,0,0.0,0.0,0.0,0.0
livingroom:86b16b1f-1846-46bf-959b-1c7ae05b4ed6_LivingRoom-40975,random_movement_matched_seed1,eg06_random_seed1,12,0,0.0,0.0,0.0,0.0
livingroom:86b16b1f-1846-46bf-959b-1c7ae05b4ed6_LivingRoom-40975,random_movement_matched_seed2,eg06_random_seed2,12,0,0.0,0.0,0.0,0.0
livingroom:86b16b1f-1846-46bf-959b-1c7ae05b4ed6_LivingRoom-40975,generic_relation_optimizer,eg06_generic_budget_matched,12,0,0.0,0.0,0.0,0.0
livingroom:873270b6-6e93-44e8-8745-ef3076b4ba5a_LivingDiningRoom-13071,collision_gated_floor_prior,floor_prior_max1.8_mesh_p2_close0.75_far1.6,13,0,0.0,0.0,0.0,0.0
livingroom:873270b6-6e93-44e8-8745-ef3076b4ba5a_LivingDiningRoom-13071,random_movement_matched_seed0,eg06_random_seed0,13,0,0.0,0.0,0.0,0.0
livingroom:873270b6-6e93-44e8-8745-ef3076b4ba5a_LivingDiningRoom-13071,random_movement_matched_seed1,eg06_random_seed1,13,0,0.0,0.0,0.0,0.0
livingroom:873270b6-6e93-44e8-8745-ef3076b4ba5a_LivingDiningRoom-13071,random_movement_matched_seed2,eg06_random_seed2,13,0,0.0,0.0,0.0,0.0
livingroom:873270b6-6e93-44e8-8745-ef3076b4ba5a_LivingDiningRoom-13071,generic_relation_optimizer,eg06_generic_budget_matched,13,0,0.0,0.0,0.0,0.0
livingroom:876631f3-8f59-4a3b-bae1-8da99beff4c5_LivingRoom-6045,collision_gated_floor_prior,floor_prior_max1.8_mesh_p2_close0.75_far1.6,12,0,0.0,0.0,0.0,0.0
livingroom:876631f3-8f59-4a3b-bae1-8da99beff4c5_LivingRoom-6045,random_movement_matched_seed0,eg06_random_seed0,12,0,0.0,0.0,0.0,0.0
livingroom:876631f3-8f59-4a3b-bae1-8da99beff4c5_LivingRoom-6045,random_movement_matched_seed1,eg06_random_seed1,12,0,0.0,0.0,0.0,0.0
livingroom:876631f3-8f59-4a3b-bae1-8da99beff4c5_LivingRoom-6045,random_movement_matched_seed2,eg06_random_seed2,12,0,0.0,0.0,0.0,0.0
livingroom:876631f3-8f59-4a3b-bae1-8da99beff4c5_LivingRoom-6045,generic_relation_optimizer,eg06_generic_budget_matched,12,0,0.0,0.0,0.0,0.0
livingroom:878a346d-66ea-4807-8ee1-ce1bcc9080fa_LivingDiningRoom-7050,collision_gated_floor_prior,floor_prior_max1.8_mesh_p2_close0.75_far1.6,9,0,0.0,0.0,0.0,0.0
livingroom:878a346d-66ea-4807-8ee1-ce1bcc9080fa_LivingDiningRoom-7050,random_movement_matched_seed0,eg06_random_seed0,9,0,0.0,0.0,0.0,0.0
livingroom:878a346d-66ea-4807-8ee1-ce1bcc9080fa_LivingDiningRoom-7050,random_movement_matched_seed1,eg06_random_seed1,9,0,0.0,0.0,0.0,0.0
livingroom:878a346d-66ea-4807-8ee1-ce1bcc9080fa_LivingDiningRoom-7050,random_movement_matched_seed2,eg06_random_seed2,9,0,0.0,0.0,0.0,0.0
livingroom:878a346d-66ea-4807-8ee1-ce1bcc9080fa_LivingDiningRoom-7050,generic_relation_optimizer,eg06_generic_budget_matched,9,0,0.0,0.0,0.0,0.0
livingroom:882b0669-0498-4ec9-8baf-2932c5c7112a_LivingRoom-2050,collision_gated_floor_prior,floor_prior_max1.8_mesh_p2_close0.75_far1.6,6,0,0.0,0.0,0.0,0.0
livingroom:882b0669-0498-4ec9-8baf-2932c5c7112a_LivingRoom-2050,random_movement_matched_seed0,eg06_random_seed0,6,0,0.0,0.0,0.0,0.0
livingroom:882b0669-0498-4ec9-8baf-2932c5c7112a_LivingRoom-2050,random_movement_matched_seed1,eg06_random_seed1,6,0,0.0,0.0,0.0,0.0
livingroom:882b0669-0498-4ec9-8baf-2932c5c7112a_LivingRoom-2050,random_movement_matched_seed2,eg06_random_seed2,6,0,0.0,0.0,0.0,0.0
livingroom:882b0669-0498-4ec9-8baf-2932c5c7112a_LivingRoom-2050,generic_relation_optimizer,eg06_generic_budget_matched,6,0,0.0,0.0,0.0,0.0
livingroom:886fb316-5f1a-4050-9c7c-b001409a5b5b_LivingDiningRoom-491,collision_gated_floor_prior,floor_prior_max1.8_mesh_p2_close0.75_far1.6,17,0,0.0,0.0,0.0,0.0
livingroom:886fb316-5f1a-4050-9c7c-b001409a5b5b_LivingDiningRoom-491,random_movement_matched_seed0,eg06_random_seed0,17,0,0.0,0.0,0.0,0.0
livingroom:886fb316-5f1a-4050-9c7c-b001409a5b5b_LivingDiningRoom-491,random_movement_matched_seed1,eg06_random_seed1,17,0,0.0,0.0,0.0,0.0
livingroom:886fb316-5f1a-4050-9c7c-b001409a5b5b_LivingDiningRoom-491,random_movement_matched_seed2,eg06_random_seed2,17,0,0.0,0.0,0.0,0.0
livingroom:886fb316-5f1a-4050-9c7c-b001409a5b5b_LivingDiningRoom-491,generic_relation_optimizer,eg06_generic_budget_matched,17,0,0.0,0.0,0.0,0.0
livingroom:8ab6793a-646c-494a-9cb1-b149d3e09cd7_LivingDiningRoom-3999,collision_gated_floor_prior,floor_prior_max1.8_mesh_p2_close0.75_far1.6,15,0,0.0,0.0,0.0,0.0
livingroom:8ab6793a-646c-494a-9cb1-b149d3e09cd7_LivingDiningRoom-3999,random_movement_matched_seed0,eg06_random_seed0,15,0,0.0,0.0,0.0,0.0
livingroom:8ab6793a-646c-494a-9cb1-b149d3e09cd7_LivingDiningRoom-3999,random_movement_matched_seed1,eg06_random_seed1,15,0,0.0,0.0,0.0,0.0
livingroom:8ab6793a-646c-494a-9cb1-b149d3e09cd7_LivingDiningRoom-3999,random_movement_matched_seed2,eg06_random_seed2,15,0,0.0,0.0,0.0,0.0
livingroom:8ab6793a-646c-494a-9cb1-b149d3e09cd7_LivingDiningRoom-3999,generic_relation_optimizer,eg06_generic_budget_matched,15,0,0.0,0.0,0.0,0.0
livingroom:8ac826bb-0229-443a-a9fc-fdc6ce7af073_LivingDiningRoom-13451,collision_gated_floor_prior,floor_prior_max1.8_mesh_p2_close0.75_far1.6,13,0,0.0,0.0,0.0,0.0
livingroom:8ac826bb-0229-443a-a9fc-fdc6ce7af073_LivingDiningRoom-13451,random_movement_matched_seed0,eg06_random_seed0,13,0,0.0,0.0,0.0,0.0
livingroom:8ac826bb-0229-443a-a9fc-fdc6ce7af073_LivingDiningRoom-13451,random_movement_matched_seed1,eg06_random_seed1,13,0,0.0,0.0,0.0,0.0
livingroom:8ac826bb-0229-443a-a9fc-fdc6ce7af073_LivingDiningRoom-13451,random_movement_matched_seed2,eg06_random_seed2,13,0,0.0,0.0,0.0,0.0
livingroom:8ac826bb-0229-443a-a9fc-fdc6ce7af073_LivingDiningRoom-13451,generic_relation_optimizer,eg06_generic_budget_matched,13,0,0.0,0.0,0.0,0.0
livingroom:8ad8bd52-f739-4021-8ad9-9e02f2cb7456_LivingDiningRoom-1625,collision_gated_floor_prior,floor_prior_max1.8_mesh_p2_close0.75_far1.6,17,0,0.0,0.0,0.0,0.0
livingroom:8ad8bd52-f739-4021-8ad9-9e02f2cb7456_LivingDiningRoom-1625,random_movement_matched_seed0,eg06_random_seed0,17,0,0.0,0.0,0.0,0.0
livingroom:8ad8bd52-f739-4021-8ad9-9e02f2cb7456_LivingDiningRoom-1625,random_movement_matched_seed1,eg06_random_seed1,17,0,0.0,0.0,0.0,0.0
livingroom:8ad8bd52-f739-4021-8ad9-9e02f2cb7456_LivingDiningRoom-1625,random_movement_matched_seed2,eg06_random_seed2,17,0,0.0,0.0,0.0,0.0
livingroom:8ad8bd52-f739-4021-8ad9-9e02f2cb7456_LivingDiningRoom-1625,generic_relation_optimizer,eg06_generic_budget_matched,17,0,0.0,0.0,0.0,0.0
livingroom:8c57175b-106d-4aca-aed5-be16cf15d7e7_LivingDiningRoom-42284,collision_gated_floor_prior,floor_prior_max1.8_mesh_p2_close0.75_far1.6,16,0,0.0,0.0,0.0,0.0
livingroom:8c57175b-106d-4aca-aed5-be16cf15d7e7_LivingDiningRoom-42284,random_movement_matched_seed0,eg06_random_seed0,16,0,0.0,0.0,0.0,0.0
livingroom:8c57175b-106d-4aca-aed5-be16cf15d7e7_LivingDiningRoom-42284,random_movement_matched_seed1,eg06_random_seed1,16,0,0.0,0.0,0.0,0.0
livingroom:8c57175b-106d-4aca-aed5-be16cf15d7e7_LivingDiningRoom-42284,random_movement_matched_seed2,eg06_random_seed2,16,0,0.0,0.0,0.0,0.0
livingroom:8c57175b-106d-4aca-aed5-be16cf15d7e7_LivingDiningRoom-42284,generic_relation_optimizer,eg06_generic_budget_matched,16,0,0.0,0.0,0.0,0.0
livingroom:8f39ace2-169e-4949-8fa0-08b22342f58d_LivingRoom-12271,collision_gated_floor_prior,floor_prior_max1.8_mesh_p2_close0.75_far1.6,6,0,0.0,0.0,0.0,0.0
livingroom:8f39ace2-169e-4949-8fa0-08b22342f58d_LivingRoom-12271,random_movement_matched_seed0,eg06_random_seed0,6,0,0.0,0.0,0.0,0.0
livingroom:8f39ace2-169e-4949-8fa0-08b22342f58d_LivingRoom-12271,random_movement_matched_seed1,eg06_random_seed1,6,0,0.0,0.0,0.0,0.0
livingroom:8f39ace2-169e-4949-8fa0-08b22342f58d_LivingRoom-12271,random_movement_matched_seed2,eg06_random_seed2,6,0,0.0,0.0,0.0,0.0
livingroom:8f39ace2-169e-4949-8fa0-08b22342f58d_LivingRoom-12271,generic_relation_optimizer,eg06_generic_budget_matched,6,0,0.0,0.0,0.0,0.0
livingroom:905ccf24-697b-4bb5-8c53-def619d16327_LivingDiningRoom-6844,collision_gated_floor_prior,floor_prior_max1.8_mesh_p2_close0.75_far1.6,10,0,0.0,0.0,0.0,0.0
livingroom:905ccf24-697b-4bb5-8c53-def619d16327_LivingDiningRoom-6844,random_movement_matched_seed0,eg06_random_seed0,10,0,0.0,0.0,0.0,0.0
livingroom:905ccf24-697b-4bb5-8c53-def619d16327_LivingDiningRoom-6844,random_movement_matched_seed1,eg06_random_seed1,10,0,0.0,0.0,0.0,0.0
livingroom:905ccf24-697b-4bb5-8c53-def619d16327_LivingDiningRoom-6844,random_movement_matched_seed2,eg06_random_seed2,10,0,0.0,0.0,0.0,0.0
livingroom:905ccf24-697b-4bb5-8c53-def619d16327_LivingDiningRoom-6844,generic_relation_optimizer,eg06_generic_budget_matched,10,0,0.0,0.0,0.0,0.0
livingroom:93f02a56-0d3b-41cc-b0f8-fbc572bf2869_LivingDiningRoom-52564,collision_gated_floor_prior,floor_prior_max1.8_mesh_p2_close0.75_far1.6,15,0,0.0,0.0,0.0,0.0
livingroom:93f02a56-0d3b-41cc-b0f8-fbc572bf2869_LivingDiningRoom-52564,random_movement_matched_seed0,eg06_random_seed0,15,0,0.0,0.0,0.0,0.0
livingroom:93f02a56-0d3b-41cc-b0f8-fbc572bf2869_LivingDiningRoom-52564,random_movement_matched_seed1,eg06_random_seed1,15,0,0.0,0.0,0.0,0.0
livingroom:93f02a56-0d3b-41cc-b0f8-fbc572bf2869_LivingDiningRoom-52564,random_movement_matched_seed2,eg06_random_seed2,15,0,0.0,0.0,0.0,0.0
livingroom:93f02a56-0d3b-41cc-b0f8-fbc572bf2869_LivingDiningRoom-52564,generic_relation_optimizer,eg06_generic_budget_matched,15,0,0.0,0.0,0.0,0.0
livingroom:959d7224-db8a-4ce0-8dd6-8e17adbe719f_LivingRoom-423,collision_gated_floor_prior,floor_prior_max1.8_mesh_p2_close0.75_far1.6,15,0,0.0,0.0,0.0,0.0
livingroom:959d7224-db8a-4ce0-8dd6-8e17adbe719f_LivingRoom-423,random_movement_matched_seed0,eg06_random_seed0,15,0,0.0,0.0,0.0,0.0
livingroom:959d7224-db8a-4ce0-8dd6-8e17adbe719f_LivingRoom-423,random_movement_matched_seed1,eg06_random_seed1,15,0,0.0,0.0,0.0,0.0
livingroom:959d7224-db8a-4ce0-8dd6-8e17adbe719f_LivingRoom-423,random_movement_matched_seed2,eg06_random_seed2,15,0,0.0,0.0,0.0,0.0
livingroom:959d7224-db8a-4ce0-8dd6-8e17adbe719f_LivingRoom-423,generic_relation_optimizer,eg06_generic_budget_matched,15,0,0.0,0.0,0.0,0.0
livingroom:96bc1382-7f9a-42ff-8937-f0175468d63f_LivingRoom-34874,collision_gated_floor_prior,floor_prior_max1.8_mesh_p2_close0.75_far1.6,17,0,0.0,0.0,0.0,0.0
livingroom:96bc1382-7f9a-42ff-8937-f0175468d63f_LivingRoom-34874,random_movement_matched_seed0,eg06_random_seed0,17,0,0.0,0.0,0.0,0.0
livingroom:96bc1382-7f9a-42ff-8937-f0175468d63f_LivingRoom-34874,random_movement_matched_seed1,eg06_random_seed1,17,0,0.0,0.0,0.0,0.0
livingroom:96bc1382-7f9a-42ff-8937-f0175468d63f_LivingRoom-34874,random_movement_matched_seed2,eg06_random_seed2,17,0,0.0,0.0,0.0,0.0
livingroom:96bc1382-7f9a-42ff-8937-f0175468d63f_LivingRoom-34874,generic_relation_optimizer,eg06_generic_budget_matched,17,0,0.0,0.0,0.0,0.0
livingroom:97089e6f-2c65-4a2a-96cf-6841c0a238f5_LivingDiningRoom-65030,collision_gated_floor_prior,floor_prior_max1.8_mesh_p2_close0.75_far1.6,14,0,0.0,0.0,0.0,0.0
livingroom:97089e6f-2c65-4a2a-96cf-6841c0a238f5_LivingDiningRoom-65030,random_movement_matched_seed0,eg06_random_seed0,14,0,0.0,0.0,0.0,0.0
livingroom:97089e6f-2c65-4a2a-96cf-6841c0a238f5_LivingDiningRoom-65030,random_movement_matched_seed1,eg06_random_seed1,14,0,0.0,0.0,0.0,0.0
livingroom:97089e6f-2c65-4a2a-96cf-6841c0a238f5_LivingDiningRoom-65030,random_movement_matched_seed2,eg06_random_seed2,14,0,0.0,0.0,0.0,0.0
livingroom:97089e6f-2c65-4a2a-96cf-6841c0a238f5_LivingDiningRoom-65030,generic_relation_optimizer,eg06_generic_budget_matched,14,0,0.0,0.0,0.0,0.0
livingroom:9a0486c5-58e8-4a77-99de-9c4ea78d39d3_LivingDiningRoom-9632,collision_gated_floor_prior,floor_prior_max1.8_mesh_p2_close0.75_far1.6,9,0,0.0,0.0,0.0,0.0
livingroom:9a0486c5-58e8-4a77-99de-9c4ea78d39d3_LivingDiningRoom-9632,random_movement_matched_seed0,eg06_random_seed0,9,0,0.0,0.0,0.0,0.0
livingroom:9a0486c5-58e8-4a77-99de-9c4ea78d39d3_LivingDiningRoom-9632,random_movement_matched_seed1,eg06_random_seed1,9,0,0.0,0.0,0.0,0.0
livingroom:9a0486c5-58e8-4a77-99de-9c4ea78d39d3_LivingDiningRoom-9632,random_movement_matched_seed2,eg06_random_seed2,9,0,0.0,0.0,0.0,0.0
livingroom:9a0486c5-58e8-4a77-99de-9c4ea78d39d3_LivingDiningRoom-9632,generic_relation_optimizer,eg06_generic_budget_matched,9,0,0.0,0.0,0.0,0.0
livingroom:9ac55129-3ec1-48eb-b7e1-0ad34ce5dd22_LivingRoom-860,collision_gated_floor_prior,floor_prior_max1.8_mesh_p2_close0.75_far1.6,11,0,0.0,0.0,0.0,0.0
livingroom:9ac55129-3ec1-48eb-b7e1-0ad34ce5dd22_LivingRoom-860,random_movement_matched_seed0,eg06_random_seed0,11,0,0.0,0.0,0.0,0.0
livingroom:9ac55129-3ec1-48eb-b7e1-0ad34ce5dd22_LivingRoom-860,random_movement_matched_seed1,eg06_random_seed1,11,0,0.0,0.0,0.0,0.0
livingroom:9ac55129-3ec1-48eb-b7e1-0ad34ce5dd22_LivingRoom-860,random_movement_matched_seed2,eg06_random_seed2,11,0,0.0,0.0,0.0,0.0
livingroom:9ac55129-3ec1-48eb-b7e1-0ad34ce5dd22_LivingRoom-860,generic_relation_optimizer,eg06_generic_budget_matched,11,0,0.0,0.0,0.0,0.0
livingroom:9c164b35-f1f3-4ae5-bbfa-5003672ac1d8_LivingDiningRoom-8304,collision_gated_floor_prior,floor_prior_max1.8_mesh_p2_close0.75_far1.6,16,0,0.0,0.0,0.0,0.0
livingroom:9c164b35-f1f3-4ae5-bbfa-5003672ac1d8_LivingDiningRoom-8304,random_movement_matched_seed0,eg06_random_seed0,16,0,0.0,0.0,0.0,0.0
livingroom:9c164b35-f1f3-4ae5-bbfa-5003672ac1d8_LivingDiningRoom-8304,random_movement_matched_seed1,eg06_random_seed1,16,0,0.0,0.0,0.0,0.0
livingroom:9c164b35-f1f3-4ae5-bbfa-5003672ac1d8_LivingDiningRoom-8304,random_movement_matched_seed2,eg06_random_seed2,16,0,0.0,0.0,0.0,0.0
livingroom:9c164b35-f1f3-4ae5-bbfa-5003672ac1d8_LivingDiningRoom-8304,generic_relation_optimizer,eg06_generic_budget_matched,16,0,0.0,0.0,0.0,0.0
livingroom:9c20cc98-5aca-45b2-be1f-880f6959e5b2_LivingDiningRoom-4131,collision_gated_floor_prior,floor_prior_max1.8_mesh_p2_close0.75_far1.6,11,0,0.0,0.0,0.0,0.0
livingroom:9c20cc98-5aca-45b2-be1f-880f6959e5b2_LivingDiningRoom-4131,random_movement_matched_seed0,eg06_random_seed0,11,0,0.0,0.0,0.0,0.0
livingroom:9c20cc98-5aca-45b2-be1f-880f6959e5b2_LivingDiningRoom-4131,random_movement_matched_seed1,eg06_random_seed1,11,0,0.0,0.0,0.0,0.0
livingroom:9c20cc98-5aca-45b2-be1f-880f6959e5b2_LivingDiningRoom-4131,random_movement_matched_seed2,eg06_random_seed2,11,0,0.0,0.0,0.0,0.0
livingroom:9c20cc98-5aca-45b2-be1f-880f6959e5b2_LivingDiningRoom-4131,generic_relation_optimizer,eg06_generic_budget_matched,11,0,0.0,0.0,0.0,0.0
livingroom:9ec57030-6db6-4eb0-a0e1-5d1478906827_LivingDiningRoom-13962,collision_gated_floor_prior,floor_prior_max1.8_mesh_p2_close0.75_far1.6,12,0,0.0,0.0,0.0,0.0
livingroom:9ec57030-6db6-4eb0-a0e1-5d1478906827_LivingDiningRoom-13962,random_movement_matched_seed0,eg06_random_seed0,12,0,0.0,0.0,0.0,0.0
livingroom:9ec57030-6db6-4eb0-a0e1-5d1478906827_LivingDiningRoom-13962,random_movement_matched_seed1,eg06_random_seed1,12,0,0.0,0.0,0.0,0.0
livingroom:9ec57030-6db6-4eb0-a0e1-5d1478906827_LivingDiningRoom-13962,random_movement_matched_seed2,eg06_random_seed2,12,0,0.0,0.0,0.0,0.0
livingroom:9ec57030-6db6-4eb0-a0e1-5d1478906827_LivingDiningRoom-13962,generic_relation_optimizer,eg06_generic_budget_matched,12,0,0.0,0.0,0.0,0.0
livingroom:a1d2b052-006c-402c-809f-269aa27fd81f_LivingDiningRoom-17672,collision_gated_floor_prior,floor_prior_max1.8_mesh_p2_close0.75_far1.6,15,0,0.0,0.0,0.0,0.0
livingroom:a1d2b052-006c-402c-809f-269aa27fd81f_LivingDiningRoom-17672,random_movement_matched_seed0,eg06_random_seed0,15,0,0.0,0.0,0.0,0.0
livingroom:a1d2b052-006c-402c-809f-269aa27fd81f_LivingDiningRoom-17672,random_movement_matched_seed1,eg06_random_seed1,15,0,0.0,0.0,0.0,0.0
livingroom:a1d2b052-006c-402c-809f-269aa27fd81f_LivingDiningRoom-17672,random_movement_matched_seed2,eg06_random_seed2,15,0,0.0,0.0,0.0,0.0
livingroom:a1d2b052-006c-402c-809f-269aa27fd81f_LivingDiningRoom-17672,generic_relation_optimizer,eg06_generic_budget_matched,15,0,0.0,0.0,0.0,0.0
livingroom:a327b51f-5b13-410f-8acb-b2b564612600_LivingDiningRoom-77579,collision_gated_floor_prior,floor_prior_max1.8_mesh_p2_close0.75_far1.6,17,0,0.0,0.0,0.0,0.0
livingroom:a327b51f-5b13-410f-8acb-b2b564612600_LivingDiningRoom-77579,random_movement_matched_seed0,eg06_random_seed0,17,0,0.0,0.0,0.0,0.0
livingroom:a327b51f-5b13-410f-8acb-b2b564612600_LivingDiningRoom-77579,random_movement_matched_seed1,eg06_random_seed1,17,0,0.0,0.0,0.0,0.0
livingroom:a327b51f-5b13-410f-8acb-b2b564612600_LivingDiningRoom-77579,random_movement_matched_seed2,eg06_random_seed2,17,0,0.0,0.0,0.0,0.0
livingroom:a327b51f-5b13-410f-8acb-b2b564612600_LivingDiningRoom-77579,generic_relation_optimizer,eg06_generic_budget_matched,17,0,0.0,0.0,0.0,0.0
livingroom:a4824c35-ccb2-4e70-89c7-eda575054197_LivingDiningRoom-1538,collision_gated_floor_prior,floor_prior_max1.8_mesh_p2_close0.75_far1.6,14,0,0.0,0.0,0.0,0.0
livingroom:a4824c35-ccb2-4e70-89c7-eda575054197_LivingDiningRoom-1538,random_movement_matched_seed0,eg06_random_seed0,14,0,0.0,0.0,0.0,0.0
livingroom:a4824c35-ccb2-4e70-89c7-eda575054197_LivingDiningRoom-1538,random_movement_matched_seed1,eg06_random_seed1,14,0,0.0,0.0,0.0,0.0
livingroom:a4824c35-ccb2-4e70-89c7-eda575054197_LivingDiningRoom-1538,random_movement_matched_seed2,eg06_random_seed2,14,0,0.0,0.0,0.0,0.0
livingroom:a4824c35-ccb2-4e70-89c7-eda575054197_LivingDiningRoom-1538,generic_relation_optimizer,eg06_generic_budget_matched,14,0,0.0,0.0,0.0,0.0
livingroom:a6aa92c3-577b-4425-bad9-e9e01da85658_LivingRoom-41893,collision_gated_floor_prior,floor_prior_max1.8_mesh_p2_close0.75_far1.6,14,0,0.0,0.0,0.0,0.0
livingroom:a6aa92c3-577b-4425-bad9-e9e01da85658_LivingRoom-41893,random_movement_matched_seed0,eg06_random_seed0,14,0,0.0,0.0,0.0,0.0
livingroom:a6aa92c3-577b-4425-bad9-e9e01da85658_LivingRoom-41893,random_movement_matched_seed1,eg06_random_seed1,14,0,0.0,0.0,0.0,0.0
livingroom:a6aa92c3-577b-4425-bad9-e9e01da85658_LivingRoom-41893,random_movement_matched_seed2,eg06_random_seed2,14,0,0.0,0.0,0.0,0.0
livingroom:a6aa92c3-577b-4425-bad9-e9e01da85658_LivingRoom-41893,generic_relation_optimizer,eg06_generic_budget_matched,14,0,0.0,0.0,0.0,0.0
livingroom:a7f64d89-c953-4ba9-bbd4-6f74eb69710b_LivingRoom-18042,collision_gated_floor_prior,floor_prior_max1.8_mesh_p2_close0.75_far1.6,7,0,0.0,0.0,0.0,0.0
livingroom:a7f64d89-c953-4ba9-bbd4-6f74eb69710b_LivingRoom-18042,random_movement_matched_seed0,eg06_random_seed0,7,0,0.0,0.0,0.0,0.0
livingroom:a7f64d89-c953-4ba9-bbd4-6f74eb69710b_LivingRoom-18042,random_movement_matched_seed1,eg06_random_seed1,7,0,0.0,0.0,0.0,0.0
livingroom:a7f64d89-c953-4ba9-bbd4-6f74eb69710b_LivingRoom-18042,random_movement_matched_seed2,eg06_random_seed2,7,0,0.0,0.0,0.0,0.0
livingroom:a7f64d89-c953-4ba9-bbd4-6f74eb69710b_LivingRoom-18042,generic_relation_optimizer,eg06_generic_budget_matched,7,0,0.0,0.0,0.0,0.0
livingroom:a9f95562-fcfa-4da6-bd23-d537e751d8b5_LivingDiningRoom-1201,collision_gated_floor_prior,floor_prior_max1.8_mesh_p2_close0.75_far1.6,9,0,0.0,0.0,0.0,0.0
livingroom:a9f95562-fcfa-4da6-bd23-d537e751d8b5_LivingDiningRoom-1201,random_movement_matched_seed0,eg06_random_seed0,9,0,0.0,0.0,0.0,0.0
livingroom:a9f95562-fcfa-4da6-bd23-d537e751d8b5_LivingDiningRoom-1201,random_movement_matched_seed1,eg06_random_seed1,9,0,0.0,0.0,0.0,0.0
livingroom:a9f95562-fcfa-4da6-bd23-d537e751d8b5_LivingDiningRoom-1201,random_movement_matched_seed2,eg06_random_seed2,9,0,0.0,0.0,0.0,0.0
livingroom:a9f95562-fcfa-4da6-bd23-d537e751d8b5_LivingDiningRoom-1201,generic_relation_optimizer,eg06_generic_budget_matched,9,0,0.0,0.0,0.0,0.0
livingroom:aba20980-69fd-436b-917a-5f1324e22852_LivingDiningRoom-26816,collision_gated_floor_prior,floor_prior_max1.8_mesh_p2_close0.75_far1.6,15,0,0.0,0.0,0.0,0.0
livingroom:aba20980-69fd-436b-917a-5f1324e22852_LivingDiningRoom-26816,random_movement_matched_seed0,eg06_random_seed0,15,0,0.0,0.0,0.0,0.0
livingroom:aba20980-69fd-436b-917a-5f1324e22852_LivingDiningRoom-26816,random_movement_matched_seed1,eg06_random_seed1,15,0,0.0,0.0,0.0,0.0
livingroom:aba20980-69fd-436b-917a-5f1324e22852_LivingDiningRoom-26816,random_movement_matched_seed2,eg06_random_seed2,15,0,0.0,0.0,0.0,0.0
livingroom:aba20980-69fd-436b-917a-5f1324e22852_LivingDiningRoom-26816,generic_relation_optimizer,eg06_generic_budget_matched,15,0,0.0,0.0,0.0,0.0
livingroom:ad0426db-a9e3-4428-989f-c2c38e1157c9_LivingDiningRoom-326,collision_gated_floor_prior,floor_prior_max1.8_mesh_p2_close0.75_far1.6,12,1,0.23304718979763933,0.23304718979763933,0.23304718979763933,0.23304718979763933
livingroom:ad0426db-a9e3-4428-989f-c2c38e1157c9_LivingDiningRoom-326,random_movement_matched_seed0,eg06_random_seed0,12,1,0.2330471897976394,0.2330471897976394,0.23304718979763933,0.23304718979763933
livingroom:ad0426db-a9e3-4428-989f-c2c38e1157c9_LivingDiningRoom-326,random_movement_matched_seed1,eg06_random_seed1,12,1,0.23304718979763933,0.23304718979763933,0.23304718979763933,0.23304718979763933
livingroom:ad0426db-a9e3-4428-989f-c2c38e1157c9_LivingDiningRoom-326,random_movement_matched_seed2,eg06_random_seed2,12,1,0.2330471897976393,0.2330471897976393,0.23304718979763933,0.23304718979763933
livingroom:ad0426db-a9e3-4428-989f-c2c38e1157c9_LivingDiningRoom-326,generic_relation_optimizer,eg06_generic_budget_matched,12,0,0.0,0.0,0.23304718979763933,0.23304718979763933
livingroom:af43eb53-423d-4ef3-8498-d208d22b15de_LivingDiningRoom-128962,collision_gated_floor_prior,floor_prior_max1.8_mesh_p2_close0.75_far1.6,16,0,0.0,0.0,0.0,0.0
livingroom:af43eb53-423d-4ef3-8498-d208d22b15de_LivingDiningRoom-128962,random_movement_matched_seed0,eg06_random_seed0,16,0,0.0,0.0,0.0,0.0
livingroom:af43eb53-423d-4ef3-8498-d208d22b15de_LivingDiningRoom-128962,random_movement_matched_seed1,eg06_random_seed1,16,0,0.0,0.0,0.0,0.0
livingroom:af43eb53-423d-4ef3-8498-d208d22b15de_LivingDiningRoom-128962,random_movement_matched_seed2,eg06_random_seed2,16,0,0.0,0.0,0.0,0.0
livingroom:af43eb53-423d-4ef3-8498-d208d22b15de_LivingDiningRoom-128962,generic_relation_optimizer,eg06_generic_budget_matched,16,0,0.0,0.0,0.0,0.0
livingroom:b0a8d6bf-9a2a-4a9f-bdeb-a08fcc6bea11_LivingDiningRoom-57219,collision_gated_floor_prior,floor_prior_max1.8_mesh_p2_close0.75_far1.6,15,0,0.0,0.0,0.0,0.0
livingroom:b0a8d6bf-9a2a-4a9f-bdeb-a08fcc6bea11_LivingDiningRoom-57219,random_movement_matched_seed0,eg06_random_seed0,15,0,0.0,0.0,0.0,0.0
livingroom:b0a8d6bf-9a2a-4a9f-bdeb-a08fcc6bea11_LivingDiningRoom-57219,random_movement_matched_seed1,eg06_random_seed1,15,0,0.0,0.0,0.0,0.0
livingroom:b0a8d6bf-9a2a-4a9f-bdeb-a08fcc6bea11_LivingDiningRoom-57219,random_movement_matched_seed2,eg06_random_seed2,15,0,0.0,0.0,0.0,0.0
livingroom:b0a8d6bf-9a2a-4a9f-bdeb-a08fcc6bea11_LivingDiningRoom-57219,generic_relation_optimizer,eg06_generic_budget_matched,15,0,0.0,0.0,0.0,0.0
livingroom:b2e0b670-b308-4817-b3b6-2a8b7312c18f_LivingDiningRoom-7096,collision_gated_floor_prior,floor_prior_max1.8_mesh_p2_close0.75_far1.6,12,0,0.0,0.0,0.0,0.0
livingroom:b2e0b670-b308-4817-b3b6-2a8b7312c18f_LivingDiningRoom-7096,random_movement_matched_seed0,eg06_random_seed0,12,0,0.0,0.0,0.0,0.0
livingroom:b2e0b670-b308-4817-b3b6-2a8b7312c18f_LivingDiningRoom-7096,random_movement_matched_seed1,eg06_random_seed1,12,0,0.0,0.0,0.0,0.0
livingroom:b2e0b670-b308-4817-b3b6-2a8b7312c18f_LivingDiningRoom-7096,random_movement_matched_seed2,eg06_random_seed2,12,0,0.0,0.0,0.0,0.0
livingroom:b2e0b670-b308-4817-b3b6-2a8b7312c18f_LivingDiningRoom-7096,generic_relation_optimizer,eg06_generic_budget_matched,12,0,0.0,0.0,0.0,0.0
livingroom:b3a256df-54e0-40c1-b04e-5ace4cccaddb_LivingDiningRoom-2917,collision_gated_floor_prior,floor_prior_max1.8_mesh_p2_close0.75_far1.6,16,0,0.0,0.0,0.0,0.0
livingroom:b3a256df-54e0-40c1-b04e-5ace4cccaddb_LivingDiningRoom-2917,random_movement_matched_seed0,eg06_random_seed0,16,0,0.0,0.0,0.0,0.0
livingroom:b3a256df-54e0-40c1-b04e-5ace4cccaddb_LivingDiningRoom-2917,random_movement_matched_seed1,eg06_random_seed1,16,0,0.0,0.0,0.0,0.0
livingroom:b3a256df-54e0-40c1-b04e-5ace4cccaddb_LivingDiningRoom-2917,random_movement_matched_seed2,eg06_random_seed2,16,0,0.0,0.0,0.0,0.0
livingroom:b3a256df-54e0-40c1-b04e-5ace4cccaddb_LivingDiningRoom-2917,generic_relation_optimizer,eg06_generic_budget_matched,16,0,0.0,0.0,0.0,0.0
livingroom:b49f4f6e-cd07-43d7-aee0-3ded49597acb_LivingDiningRoom-43067,collision_gated_floor_prior,floor_prior_max1.8_mesh_p2_close0.75_far1.6,19,0,0.0,0.0,0.0,0.0
livingroom:b49f4f6e-cd07-43d7-aee0-3ded49597acb_LivingDiningRoom-43067,random_movement_matched_seed0,eg06_random_seed0,19,0,0.0,0.0,0.0,0.0
livingroom:b49f4f6e-cd07-43d7-aee0-3ded49597acb_LivingDiningRoom-43067,random_movement_matched_seed1,eg06_random_seed1,19,0,0.0,0.0,0.0,0.0
livingroom:b49f4f6e-cd07-43d7-aee0-3ded49597acb_LivingDiningRoom-43067,random_movement_matched_seed2,eg06_random_seed2,19,0,0.0,0.0,0.0,0.0
livingroom:b49f4f6e-cd07-43d7-aee0-3ded49597acb_LivingDiningRoom-43067,generic_relation_optimizer,eg06_generic_budget_matched,19,0,0.0,0.0,0.0,0.0
livingroom:b51e3da5-5d31-4511-882a-e841de457404_LivingDiningRoom-3428,collision_gated_floor_prior,floor_prior_max1.8_mesh_p2_close0.75_far1.6,16,0,0.0,0.0,0.0,0.0
livingroom:b51e3da5-5d31-4511-882a-e841de457404_LivingDiningRoom-3428,random_movement_matched_seed0,eg06_random_seed0,16,0,0.0,0.0,0.0,0.0
livingroom:b51e3da5-5d31-4511-882a-e841de457404_LivingDiningRoom-3428,random_movement_matched_seed1,eg06_random_seed1,16,0,0.0,0.0,0.0,0.0
livingroom:b51e3da5-5d31-4511-882a-e841de457404_LivingDiningRoom-3428,random_movement_matched_seed2,eg06_random_seed2,16,0,0.0,0.0,0.0,0.0
livingroom:b51e3da5-5d31-4511-882a-e841de457404_LivingDiningRoom-3428,generic_relation_optimizer,eg06_generic_budget_matched,16,0,0.0,0.0,0.0,0.0
livingroom:b580bfcb-0110-439d-b83b-bfd9caa431a2_LivingDiningRoom-535,collision_gated_floor_prior,floor_prior_max1.8_mesh_p2_close0.75_far1.6,17,0,0.0,0.0,0.0,0.0
livingroom:b580bfcb-0110-439d-b83b-bfd9caa431a2_LivingDiningRoom-535,random_movement_matched_seed0,eg06_random_seed0,17,0,0.0,0.0,0.0,0.0
livingroom:b580bfcb-0110-439d-b83b-bfd9caa431a2_LivingDiningRoom-535,random_movement_matched_seed1,eg06_random_seed1,17,0,0.0,0.0,0.0,0.0
livingroom:b580bfcb-0110-439d-b83b-bfd9caa431a2_LivingDiningRoom-535,random_movement_matched_seed2,eg06_random_seed2,17,0,0.0,0.0,0.0,0.0
livingroom:b580bfcb-0110-439d-b83b-bfd9caa431a2_LivingDiningRoom-535,generic_relation_optimizer,eg06_generic_budget_matched,17,0,0.0,0.0,0.0,0.0
livingroom:b68b868f-5ed9-4917-b922-4d58ca68ed7d_LivingDiningRoom-45001,collision_gated_floor_prior,floor_prior_max1.8_mesh_p2_close0.75_far1.6,14,0,0.0,0.0,0.0,0.0
livingroom:b68b868f-5ed9-4917-b922-4d58ca68ed7d_LivingDiningRoom-45001,random_movement_matched_seed0,eg06_random_seed0,14,0,0.0,0.0,0.0,0.0
livingroom:b68b868f-5ed9-4917-b922-4d58ca68ed7d_LivingDiningRoom-45001,random_movement_matched_seed1,eg06_random_seed1,14,0,0.0,0.0,0.0,0.0
livingroom:b68b868f-5ed9-4917-b922-4d58ca68ed7d_LivingDiningRoom-45001,random_movement_matched_seed2,eg06_random_seed2,14,0,0.0,0.0,0.0,0.0
livingroom:b68b868f-5ed9-4917-b922-4d58ca68ed7d_LivingDiningRoom-45001,generic_relation_optimizer,eg06_generic_budget_matched,14,0,0.0,0.0,0.0,0.0
livingroom:b6fbd17c-7013-4fed-802f-e7075cce8329_LivingDiningRoom-56789,collision_gated_floor_prior,floor_prior_max1.8_mesh_p2_close0.75_far1.6,14,1,1.3293558798046692,1.3293558798046692,1.3293558798046692,1.3293558798046692
livingroom:b6fbd17c-7013-4fed-802f-e7075cce8329_LivingDiningRoom-56789,random_movement_matched_seed0,eg06_random_seed0,14,1,1.3293558798046692,1.3293558798046692,1.3293558798046692,1.3293558798046692
livingroom:b6fbd17c-7013-4fed-802f-e7075cce8329_LivingDiningRoom-56789,random_movement_matched_seed1,eg06_random_seed1,14,1,1.3293558798046692,1.3293558798046692,1.3293558798046692,1.3293558798046692
livingroom:b6fbd17c-7013-4fed-802f-e7075cce8329_LivingDiningRoom-56789,random_movement_matched_seed2,eg06_random_seed2,14,1,1.329355879804669,1.329355879804669,1.3293558798046692,1.3293558798046692
livingroom:b6fbd17c-7013-4fed-802f-e7075cce8329_LivingDiningRoom-56789,generic_relation_optimizer,eg06_generic_budget_matched,14,1,1.307824286085557,1.307824286085557,1.3293558798046692,1.3293558798046692
livingroom:b741b776-33dc-43b0-b33a-2a488c920045_LivingDiningRoom-50574,collision_gated_floor_prior,floor_prior_max1.8_mesh_p2_close0.75_far1.6,16,0,0.0,0.0,0.0,0.0
livingroom:b741b776-33dc-43b0-b33a-2a488c920045_LivingDiningRoom-50574,random_movement_matched_seed0,eg06_random_seed0,16,0,0.0,0.0,0.0,0.0
livingroom:b741b776-33dc-43b0-b33a-2a488c920045_LivingDiningRoom-50574,random_movement_matched_seed1,eg06_random_seed1,16,0,0.0,0.0,0.0,0.0
livingroom:b741b776-33dc-43b0-b33a-2a488c920045_LivingDiningRoom-50574,random_movement_matched_seed2,eg06_random_seed2,16,0,0.0,0.0,0.0,0.0
livingroom:b741b776-33dc-43b0-b33a-2a488c920045_LivingDiningRoom-50574,generic_relation_optimizer,eg06_generic_budget_matched,16,0,0.0,0.0,0.0,0.0
livingroom:b9d17d23-66f0-445d-acb7-f11887cc4f7f_LivingDiningRoom-192367,collision_gated_floor_prior,floor_prior_max1.8_mesh_p2_close0.75_far1.6,13,0,0.0,0.0,0.0,0.0
livingroom:b9d17d23-66f0-445d-acb7-f11887cc4f7f_LivingDiningRoom-192367,random_movement_matched_seed0,eg06_random_seed0,13,0,0.0,0.0,0.0,0.0
livingroom:b9d17d23-66f0-445d-acb7-f11887cc4f7f_LivingDiningRoom-192367,random_movement_matched_seed1,eg06_random_seed1,13,0,0.0,0.0,0.0,0.0
livingroom:b9d17d23-66f0-445d-acb7-f11887cc4f7f_LivingDiningRoom-192367,random_movement_matched_seed2,eg06_random_seed2,13,0,0.0,0.0,0.0,0.0
livingroom:b9d17d23-66f0-445d-acb7-f11887cc4f7f_LivingDiningRoom-192367,generic_relation_optimizer,eg06_generic_budget_matched,13,0,0.0,0.0,0.0,0.0
livingroom:bc3508cf-b422-480f-baa2-80fd11a6a11d_LivingDiningRoom-17385,collision_gated_floor_prior,floor_prior_max1.8_mesh_p2_close0.75_far1.6,14,0,0.0,0.0,0.0,0.0
livingroom:bc3508cf-b422-480f-baa2-80fd11a6a11d_LivingDiningRoom-17385,random_movement_matched_seed0,eg06_random_seed0,14,0,0.0,0.0,0.0,0.0
livingroom:bc3508cf-b422-480f-baa2-80fd11a6a11d_LivingDiningRoom-17385,random_movement_matched_seed1,eg06_random_seed1,14,0,0.0,0.0,0.0,0.0
livingroom:bc3508cf-b422-480f-baa2-80fd11a6a11d_LivingDiningRoom-17385,random_movement_matched_seed2,eg06_random_seed2,14,0,0.0,0.0,0.0,0.0
livingroom:bc3508cf-b422-480f-baa2-80fd11a6a11d_LivingDiningRoom-17385,generic_relation_optimizer,eg06_generic_budget_matched,14,0,0.0,0.0,0.0,0.0
livingroom:bc51f3c3-2ed0-45da-9b28-18b6f6dfe677_LivingDiningRoom-2508,collision_gated_floor_prior,floor_prior_max1.8_mesh_p2_close0.75_far1.6,15,0,0.0,0.0,0.0,0.0
livingroom:bc51f3c3-2ed0-45da-9b28-18b6f6dfe677_LivingDiningRoom-2508,random_movement_matched_seed0,eg06_random_seed0,15,0,0.0,0.0,0.0,0.0
livingroom:bc51f3c3-2ed0-45da-9b28-18b6f6dfe677_LivingDiningRoom-2508,random_movement_matched_seed1,eg06_random_seed1,15,0,0.0,0.0,0.0,0.0
livingroom:bc51f3c3-2ed0-45da-9b28-18b6f6dfe677_LivingDiningRoom-2508,random_movement_matched_seed2,eg06_random_seed2,15,0,0.0,0.0,0.0,0.0
livingroom:bc51f3c3-2ed0-45da-9b28-18b6f6dfe677_LivingDiningRoom-2508,generic_relation_optimizer,eg06_generic_budget_matched,15,0,0.0,0.0,0.0,0.0
livingroom:bd786a9b-f4dc-4b95-8ec1-14f100ea8fa9_LivingDiningRoom-24540,collision_gated_floor_prior,floor_prior_max1.8_mesh_p2_close0.75_far1.6,15,1,0.34039338131532737,0.34039338131532737,0.34039338131532737,0.34039338131532737
livingroom:bd786a9b-f4dc-4b95-8ec1-14f100ea8fa9_LivingDiningRoom-24540,random_movement_matched_seed0,eg06_random_seed0,15,1,0.3403933813153274,0.3403933813153274,0.34039338131532737,0.34039338131532737
livingroom:bd786a9b-f4dc-4b95-8ec1-14f100ea8fa9_LivingDiningRoom-24540,random_movement_matched_seed1,eg06_random_seed1,15,1,0.34039338131532754,0.34039338131532754,0.34039338131532737,0.34039338131532737
livingroom:bd786a9b-f4dc-4b95-8ec1-14f100ea8fa9_LivingDiningRoom-24540,random_movement_matched_seed2,eg06_random_seed2,15,1,0.3403933813153274,0.3403933813153274,0.34039338131532737,0.34039338131532737
livingroom:bd786a9b-f4dc-4b95-8ec1-14f100ea8fa9_LivingDiningRoom-24540,generic_relation_optimizer,eg06_generic_budget_matched,15,0,0.0,0.0,0.34039338131532737,0.34039338131532737
livingroom:be37ae8e-a3aa-4202-a812-9be187c941b5_LivingRoom-31397,collision_gated_floor_prior,floor_prior_max1.8_mesh_p2_close0.75_far1.6,20,0,0.0,0.0,0.0,0.0
livingroom:be37ae8e-a3aa-4202-a812-9be187c941b5_LivingRoom-31397,random_movement_matched_seed0,eg06_random_seed0,20,0,0.0,0.0,0.0,0.0
livingroom:be37ae8e-a3aa-4202-a812-9be187c941b5_LivingRoom-31397,random_movement_matched_seed1,eg06_random_seed1,20,0,0.0,0.0,0.0,0.0
livingroom:be37ae8e-a3aa-4202-a812-9be187c941b5_LivingRoom-31397,random_movement_matched_seed2,eg06_random_seed2,20,0,0.0,0.0,0.0,0.0
livingroom:be37ae8e-a3aa-4202-a812-9be187c941b5_LivingRoom-31397,generic_relation_optimizer,eg06_generic_budget_matched,20,0,0.0,0.0,0.0,0.0
livingroom:bfdec636-7f20-41f6-94c2-b110479f7123_LivingDiningRoom-65070,collision_gated_floor_prior,floor_prior_max1.8_mesh_p2_close0.75_far1.6,16,0,0.0,0.0,0.0,0.0
livingroom:bfdec636-7f20-41f6-94c2-b110479f7123_LivingDiningRoom-65070,random_movement_matched_seed0,eg06_random_seed0,16,0,0.0,0.0,0.0,0.0
livingroom:bfdec636-7f20-41f6-94c2-b110479f7123_LivingDiningRoom-65070,random_movement_matched_seed1,eg06_random_seed1,16,0,0.0,0.0,0.0,0.0
livingroom:bfdec636-7f20-41f6-94c2-b110479f7123_LivingDiningRoom-65070,random_movement_matched_seed2,eg06_random_seed2,16,0,0.0,0.0,0.0,0.0
livingroom:bfdec636-7f20-41f6-94c2-b110479f7123_LivingDiningRoom-65070,generic_relation_optimizer,eg06_generic_budget_matched,16,0,0.0,0.0,0.0,0.0
livingroom:c05880a2-1426-4f4f-947a-cb0c2b43b913_LivingDiningRoom-14432,collision_gated_floor_prior,floor_prior_max1.8_mesh_p2_close0.75_far1.6,16,0,0.0,0.0,0.0,0.0
livingroom:c05880a2-1426-4f4f-947a-cb0c2b43b913_LivingDiningRoom-14432,random_movement_matched_seed0,eg06_random_seed0,16,0,0.0,0.0,0.0,0.0
livingroom:c05880a2-1426-4f4f-947a-cb0c2b43b913_LivingDiningRoom-14432,random_movement_matched_seed1,eg06_random_seed1,16,0,0.0,0.0,0.0,0.0
livingroom:c05880a2-1426-4f4f-947a-cb0c2b43b913_LivingDiningRoom-14432,random_movement_matched_seed2,eg06_random_seed2,16,0,0.0,0.0,0.0,0.0
livingroom:c05880a2-1426-4f4f-947a-cb0c2b43b913_LivingDiningRoom-14432,generic_relation_optimizer,eg06_generic_budget_matched,16,0,0.0,0.0,0.0,0.0
livingroom:c080c532-92bb-4d9e-a266-8556c7a06731_LivingDiningRoom-16314,collision_gated_floor_prior,floor_prior_max1.8_mesh_p2_close0.75_far1.6,16,1,1.2011390200382521,1.2011390200382521,1.2011390200382521,1.2011390200382521
livingroom:c080c532-92bb-4d9e-a266-8556c7a06731_LivingDiningRoom-16314,random_movement_matched_seed0,eg06_random_seed0,16,1,1.2011390200382521,1.2011390200382521,1.2011390200382521,1.2011390200382521
livingroom:c080c532-92bb-4d9e-a266-8556c7a06731_LivingDiningRoom-16314,random_movement_matched_seed1,eg06_random_seed1,16,1,1.201139020038252,1.201139020038252,1.2011390200382521,1.2011390200382521
livingroom:c080c532-92bb-4d9e-a266-8556c7a06731_LivingDiningRoom-16314,random_movement_matched_seed2,eg06_random_seed2,16,1,1.2011390200382521,1.2011390200382521,1.2011390200382521,1.2011390200382521
livingroom:c080c532-92bb-4d9e-a266-8556c7a06731_LivingDiningRoom-16314,generic_relation_optimizer,eg06_generic_budget_matched,16,1,0.06861419916001738,0.06861419916001738,1.2011390200382521,1.2011390200382521
livingroom:c0de5219-e186-4e77-9b84-394940d6460b_LivingRoom-5361,collision_gated_floor_prior,floor_prior_max1.8_mesh_p2_close0.75_far1.6,10,0,0.0,0.0,0.0,0.0
livingroom:c0de5219-e186-4e77-9b84-394940d6460b_LivingRoom-5361,random_movement_matched_seed0,eg06_random_seed0,10,0,0.0,0.0,0.0,0.0
livingroom:c0de5219-e186-4e77-9b84-394940d6460b_LivingRoom-5361,random_movement_matched_seed1,eg06_random_seed1,10,0,0.0,0.0,0.0,0.0
livingroom:c0de5219-e186-4e77-9b84-394940d6460b_LivingRoom-5361,random_movement_matched_seed2,eg06_random_seed2,10,0,0.0,0.0,0.0,0.0
livingroom:c0de5219-e186-4e77-9b84-394940d6460b_LivingRoom-5361,generic_relation_optimizer,eg06_generic_budget_matched,10,0,0.0,0.0,0.0,0.0
livingroom:c13a4e1c-5ff3-4a9f-8f83-ba07d5b1a79f_LivingDiningRoom-12564,collision_gated_floor_prior,floor_prior_max1.8_mesh_p2_close0.75_far1.6,12,0,0.0,0.0,0.0,0.0
livingroom:c13a4e1c-5ff3-4a9f-8f83-ba07d5b1a79f_LivingDiningRoom-12564,random_movement_matched_seed0,eg06_random_seed0,12,0,0.0,0.0,0.0,0.0
livingroom:c13a4e1c-5ff3-4a9f-8f83-ba07d5b1a79f_LivingDiningRoom-12564,random_movement_matched_seed1,eg06_random_seed1,12,0,0.0,0.0,0.0,0.0
livingroom:c13a4e1c-5ff3-4a9f-8f83-ba07d5b1a79f_LivingDiningRoom-12564,random_movement_matched_seed2,eg06_random_seed2,12,0,0.0,0.0,0.0,0.0
livingroom:c13a4e1c-5ff3-4a9f-8f83-ba07d5b1a79f_LivingDiningRoom-12564,generic_relation_optimizer,eg06_generic_budget_matched,12,0,0.0,0.0,0.0,0.0
livingroom:c14818d6-0797-4cb1-8218-432f76c8955d_LivingRoom-5655,collision_gated_floor_prior,floor_prior_max1.8_mesh_p2_close0.75_far1.6,13,0,0.0,0.0,0.0,0.0
livingroom:c14818d6-0797-4cb1-8218-432f76c8955d_LivingRoom-5655,random_movement_matched_seed0,eg06_random_seed0,13,0,0.0,0.0,0.0,0.0
livingroom:c14818d6-0797-4cb1-8218-432f76c8955d_LivingRoom-5655,random_movement_matched_seed1,eg06_random_seed1,13,0,0.0,0.0,0.0,0.0
livingroom:c14818d6-0797-4cb1-8218-432f76c8955d_LivingRoom-5655,random_movement_matched_seed2,eg06_random_seed2,13,0,0.0,0.0,0.0,0.0
livingroom:c14818d6-0797-4cb1-8218-432f76c8955d_LivingRoom-5655,generic_relation_optimizer,eg06_generic_budget_matched,13,0,0.0,0.0,0.0,0.0
livingroom:c1c65ebb-faa1-4a74-abd5-05959bc4e8d5_LivingDiningRoom-13047,collision_gated_floor_prior,floor_prior_max1.8_mesh_p2_close0.75_far1.6,12,0,0.0,0.0,0.0,0.0
livingroom:c1c65ebb-faa1-4a74-abd5-05959bc4e8d5_LivingDiningRoom-13047,random_movement_matched_seed0,eg06_random_seed0,12,0,0.0,0.0,0.0,0.0
livingroom:c1c65ebb-faa1-4a74-abd5-05959bc4e8d5_LivingDiningRoom-13047,random_movement_matched_seed1,eg06_random_seed1,12,0,0.0,0.0,0.0,0.0
livingroom:c1c65ebb-faa1-4a74-abd5-05959bc4e8d5_LivingDiningRoom-13047,random_movement_matched_seed2,eg06_random_seed2,12,0,0.0,0.0,0.0,0.0
livingroom:c1c65ebb-faa1-4a74-abd5-05959bc4e8d5_LivingDiningRoom-13047,generic_relation_optimizer,eg06_generic_budget_matched,12,0,0.0,0.0,0.0,0.0
livingroom:c75712a9-38a0-4ae9-b5dc-7404e3b34fd5_LivingRoom-55,collision_gated_floor_prior,floor_prior_max1.8_mesh_p2_close0.75_far1.6,8,0,0.0,0.0,0.0,0.0
livingroom:c75712a9-38a0-4ae9-b5dc-7404e3b34fd5_LivingRoom-55,random_movement_matched_seed0,eg06_random_seed0,8,0,0.0,0.0,0.0,0.0
livingroom:c75712a9-38a0-4ae9-b5dc-7404e3b34fd5_LivingRoom-55,random_movement_matched_seed1,eg06_random_seed1,8,0,0.0,0.0,0.0,0.0
livingroom:c75712a9-38a0-4ae9-b5dc-7404e3b34fd5_LivingRoom-55,random_movement_matched_seed2,eg06_random_seed2,8,0,0.0,0.0,0.0,0.0
livingroom:c75712a9-38a0-4ae9-b5dc-7404e3b34fd5_LivingRoom-55,generic_relation_optimizer,eg06_generic_budget_matched,8,0,0.0,0.0,0.0,0.0
livingroom:c9f70be8-2021-4fb1-b599-da3b4e184543_LivingDiningRoom-941,collision_gated_floor_prior,floor_prior_max1.8_mesh_p2_close0.75_far1.6,19,0,0.0,0.0,0.0,0.0
livingroom:c9f70be8-2021-4fb1-b599-da3b4e184543_LivingDiningRoom-941,random_movement_matched_seed0,eg06_random_seed0,19,0,0.0,0.0,0.0,0.0
livingroom:c9f70be8-2021-4fb1-b599-da3b4e184543_LivingDiningRoom-941,random_movement_matched_seed1,eg06_random_seed1,19,0,0.0,0.0,0.0,0.0
livingroom:c9f70be8-2021-4fb1-b599-da3b4e184543_LivingDiningRoom-941,random_movement_matched_seed2,eg06_random_seed2,19,0,0.0,0.0,0.0,0.0
livingroom:c9f70be8-2021-4fb1-b599-da3b4e184543_LivingDiningRoom-941,generic_relation_optimizer,eg06_generic_budget_matched,19,0,0.0,0.0,0.0,0.0
livingroom:cb0886aa-598e-4acb-a5f9-5740e098c7e3_LivingDiningRoom-32393,collision_gated_floor_prior,floor_prior_max1.8_mesh_p2_close0.75_far1.6,14,0,0.0,0.0,0.0,0.0
livingroom:cb0886aa-598e-4acb-a5f9-5740e098c7e3_LivingDiningRoom-32393,random_movement_matched_seed0,eg06_random_seed0,14,0,0.0,0.0,0.0,0.0
livingroom:cb0886aa-598e-4acb-a5f9-5740e098c7e3_LivingDiningRoom-32393,random_movement_matched_seed1,eg06_random_seed1,14,0,0.0,0.0,0.0,0.0
livingroom:cb0886aa-598e-4acb-a5f9-5740e098c7e3_LivingDiningRoom-32393,random_movement_matched_seed2,eg06_random_seed2,14,0,0.0,0.0,0.0,0.0
livingroom:cb0886aa-598e-4acb-a5f9-5740e098c7e3_LivingDiningRoom-32393,generic_relation_optimizer,eg06_generic_budget_matched,14,0,0.0,0.0,0.0,0.0
livingroom:cb7d522c-c582-4d16-a005-1f2e4636453e_LivingDiningRoom-8271,collision_gated_floor_prior,floor_prior_max1.8_mesh_p2_close0.75_far1.6,9,0,0.0,0.0,0.0,0.0
livingroom:cb7d522c-c582-4d16-a005-1f2e4636453e_LivingDiningRoom-8271,random_movement_matched_seed0,eg06_random_seed0,9,0,0.0,0.0,0.0,0.0
livingroom:cb7d522c-c582-4d16-a005-1f2e4636453e_LivingDiningRoom-8271,random_movement_matched_seed1,eg06_random_seed1,9,0,0.0,0.0,0.0,0.0
livingroom:cb7d522c-c582-4d16-a005-1f2e4636453e_LivingDiningRoom-8271,random_movement_matched_seed2,eg06_random_seed2,9,0,0.0,0.0,0.0,0.0
livingroom:cb7d522c-c582-4d16-a005-1f2e4636453e_LivingDiningRoom-8271,generic_relation_optimizer,eg06_generic_budget_matched,9,0,0.0,0.0,0.0,0.0
livingroom:cbb1452c-db03-4283-b18e-a6ed577d4bd7_LivingRoom-2715,collision_gated_floor_prior,floor_prior_max1.8_mesh_p2_close0.75_far1.6,11,0,0.0,0.0,0.0,0.0
livingroom:cbb1452c-db03-4283-b18e-a6ed577d4bd7_LivingRoom-2715,random_movement_matched_seed0,eg06_random_seed0,11,0,0.0,0.0,0.0,0.0
livingroom:cbb1452c-db03-4283-b18e-a6ed577d4bd7_LivingRoom-2715,random_movement_matched_seed1,eg06_random_seed1,11,0,0.0,0.0,0.0,0.0
livingroom:cbb1452c-db03-4283-b18e-a6ed577d4bd7_LivingRoom-2715,random_movement_matched_seed2,eg06_random_seed2,11,0,0.0,0.0,0.0,0.0
livingroom:cbb1452c-db03-4283-b18e-a6ed577d4bd7_LivingRoom-2715,generic_relation_optimizer,eg06_generic_budget_matched,11,0,0.0,0.0,0.0,0.0
livingroom:cbd4a8a0-be44-4629-a271-0518654ab3d9_LivingDiningRoom-8843,collision_gated_floor_prior,floor_prior_max1.8_mesh_p2_close0.75_far1.6,14,3,4.049986344660099,1.5793775262120062,4.049986344660099,1.5793775262120062
livingroom:cbd4a8a0-be44-4629-a271-0518654ab3d9_LivingDiningRoom-8843,random_movement_matched_seed0,eg06_random_seed0,14,3,4.049986344660099,1.5793775262120062,4.049986344660099,1.5793775262120062
livingroom:cbd4a8a0-be44-4629-a271-0518654ab3d9_LivingDiningRoom-8843,random_movement_matched_seed1,eg06_random_seed1,14,3,4.049986344660099,1.5793775262120062,4.049986344660099,1.5793775262120062
livingroom:cbd4a8a0-be44-4629-a271-0518654ab3d9_LivingDiningRoom-8843,random_movement_matched_seed2,eg06_random_seed2,14,3,4.049986344660099,1.5793775262120064,4.049986344660099,1.5793775262120062
livingroom:cbd4a8a0-be44-4629-a271-0518654ab3d9_LivingDiningRoom-8843,generic_relation_optimizer,eg06_generic_budget_matched,14,1,0.35172150836768057,0.35172150836768057,4.049986344660099,1.5793775262120062
livingroom:cc630582-147a-4713-8a41-16912ec0af41_LivingDiningRoom-10201,collision_gated_floor_prior,floor_prior_max1.8_mesh_p2_close0.75_far1.6,12,0,0.0,0.0,0.0,0.0
livingroom:cc630582-147a-4713-8a41-16912ec0af41_LivingDiningRoom-10201,random_movement_matched_seed0,eg06_random_seed0,12,0,0.0,0.0,0.0,0.0
livingroom:cc630582-147a-4713-8a41-16912ec0af41_LivingDiningRoom-10201,random_movement_matched_seed1,eg06_random_seed1,12,0,0.0,0.0,0.0,0.0
livingroom:cc630582-147a-4713-8a41-16912ec0af41_LivingDiningRoom-10201,random_movement_matched_seed2,eg06_random_seed2,12,0,0.0,0.0,0.0,0.0
livingroom:cc630582-147a-4713-8a41-16912ec0af41_LivingDiningRoom-10201,generic_relation_optimizer,eg06_generic_budget_matched,12,0,0.0,0.0,0.0,0.0
livingroom:ce377776-581d-4b4c-807f-e63f7473e9b3_LivingDiningRoom-276836,collision_gated_floor_prior,floor_prior_max1.8_mesh_p2_close0.75_far1.6,13,0,0.0,0.0,0.0,0.0
livingroom:ce377776-581d-4b4c-807f-e63f7473e9b3_LivingDiningRoom-276836,random_movement_matched_seed0,eg06_random_seed0,13,0,0.0,0.0,0.0,0.0
livingroom:ce377776-581d-4b4c-807f-e63f7473e9b3_LivingDiningRoom-276836,random_movement_matched_seed1,eg06_random_seed1,13,0,0.0,0.0,0.0,0.0
livingroom:ce377776-581d-4b4c-807f-e63f7473e9b3_LivingDiningRoom-276836,random_movement_matched_seed2,eg06_random_seed2,13,0,0.0,0.0,0.0,0.0
livingroom:ce377776-581d-4b4c-807f-e63f7473e9b3_LivingDiningRoom-276836,generic_relation_optimizer,eg06_generic_budget_matched,13,0,0.0,0.0,0.0,0.0
livingroom:ce3aa96b-a6f4-455d-8a83-2a61253c6fec_LivingDiningRoom-2432,collision_gated_floor_prior,floor_prior_max1.8_mesh_p2_close0.75_far1.6,17,0,0.0,0.0,0.0,0.0
livingroom:ce3aa96b-a6f4-455d-8a83-2a61253c6fec_LivingDiningRoom-2432,random_movement_matched_seed0,eg06_random_seed0,17,0,0.0,0.0,0.0,0.0
livingroom:ce3aa96b-a6f4-455d-8a83-2a61253c6fec_LivingDiningRoom-2432,random_movement_matched_seed1,eg06_random_seed1,17,0,0.0,0.0,0.0,0.0
livingroom:ce3aa96b-a6f4-455d-8a83-2a61253c6fec_LivingDiningRoom-2432,random_movement_matched_seed2,eg06_random_seed2,17,0,0.0,0.0,0.0,0.0
livingroom:ce3aa96b-a6f4-455d-8a83-2a61253c6fec_LivingDiningRoom-2432,generic_relation_optimizer,eg06_generic_budget_matched,17,0,0.0,0.0,0.0,0.0
livingroom:d145b098-8ec8-4ea2-891b-f7deaf3edbb1_LivingDiningRoom-8886,collision_gated_floor_prior,floor_prior_max1.8_mesh_p2_close0.75_far1.6,14,0,0.0,0.0,0.0,0.0
livingroom:d145b098-8ec8-4ea2-891b-f7deaf3edbb1_LivingDiningRoom-8886,random_movement_matched_seed0,eg06_random_seed0,14,0,0.0,0.0,0.0,0.0
livingroom:d145b098-8ec8-4ea2-891b-f7deaf3edbb1_LivingDiningRoom-8886,random_movement_matched_seed1,eg06_random_seed1,14,0,0.0,0.0,0.0,0.0
livingroom:d145b098-8ec8-4ea2-891b-f7deaf3edbb1_LivingDiningRoom-8886,random_movement_matched_seed2,eg06_random_seed2,14,0,0.0,0.0,0.0,0.0
livingroom:d145b098-8ec8-4ea2-891b-f7deaf3edbb1_LivingDiningRoom-8886,generic_relation_optimizer,eg06_generic_budget_matched,14,0,0.0,0.0,0.0,0.0
livingroom:d4016070-45f4-45f1-800c-b6147def05b4_LivingDiningRoom-3483,collision_gated_floor_prior,floor_prior_max1.8_mesh_p2_close0.75_far1.6,16,0,0.0,0.0,0.0,0.0
livingroom:d4016070-45f4-45f1-800c-b6147def05b4_LivingDiningRoom-3483,random_movement_matched_seed0,eg06_random_seed0,16,0,0.0,0.0,0.0,0.0
livingroom:d4016070-45f4-45f1-800c-b6147def05b4_LivingDiningRoom-3483,random_movement_matched_seed1,eg06_random_seed1,16,0,0.0,0.0,0.0,0.0
livingroom:d4016070-45f4-45f1-800c-b6147def05b4_LivingDiningRoom-3483,random_movement_matched_seed2,eg06_random_seed2,16,0,0.0,0.0,0.0,0.0
livingroom:d4016070-45f4-45f1-800c-b6147def05b4_LivingDiningRoom-3483,generic_relation_optimizer,eg06_generic_budget_matched,16,0,0.0,0.0,0.0,0.0
livingroom:d5514ff3-afae-4ce4-b98e-5f83bf4172eb_LivingDiningRoom-19612,collision_gated_floor_prior,floor_prior_max1.8_mesh_p2_close0.75_far1.6,15,0,0.0,0.0,0.0,0.0
livingroom:d5514ff3-afae-4ce4-b98e-5f83bf4172eb_LivingDiningRoom-19612,random_movement_matched_seed0,eg06_random_seed0,15,0,0.0,0.0,0.0,0.0
livingroom:d5514ff3-afae-4ce4-b98e-5f83bf4172eb_LivingDiningRoom-19612,random_movement_matched_seed1,eg06_random_seed1,15,0,0.0,0.0,0.0,0.0
livingroom:d5514ff3-afae-4ce4-b98e-5f83bf4172eb_LivingDiningRoom-19612,random_movement_matched_seed2,eg06_random_seed2,15,0,0.0,0.0,0.0,0.0
livingroom:d5514ff3-afae-4ce4-b98e-5f83bf4172eb_LivingDiningRoom-19612,generic_relation_optimizer,eg06_generic_budget_matched,15,0,0.0,0.0,0.0,0.0
livingroom:d86d22b5-a808-4dfb-acf4-a7a5bfc9457c_LivingRoom-24701,collision_gated_floor_prior,floor_prior_max1.8_mesh_p2_close0.75_far1.6,18,0,0.0,0.0,0.0,0.0
livingroom:d86d22b5-a808-4dfb-acf4-a7a5bfc9457c_LivingRoom-24701,random_movement_matched_seed0,eg06_random_seed0,18,0,0.0,0.0,0.0,0.0
livingroom:d86d22b5-a808-4dfb-acf4-a7a5bfc9457c_LivingRoom-24701,random_movement_matched_seed1,eg06_random_seed1,18,0,0.0,0.0,0.0,0.0
livingroom:d86d22b5-a808-4dfb-acf4-a7a5bfc9457c_LivingRoom-24701,random_movement_matched_seed2,eg06_random_seed2,18,0,0.0,0.0,0.0,0.0
livingroom:d86d22b5-a808-4dfb-acf4-a7a5bfc9457c_LivingRoom-24701,generic_relation_optimizer,eg06_generic_budget_matched,18,0,0.0,0.0,0.0,0.0
livingroom:d97a1fd8-ec70-438d-a7fd-a7badea1eda3_LivingDiningRoom-11440,collision_gated_floor_prior,floor_prior_max1.8_mesh_p2_close0.75_far1.6,15,0,0.0,0.0,0.0,0.0
livingroom:d97a1fd8-ec70-438d-a7fd-a7badea1eda3_LivingDiningRoom-11440,random_movement_matched_seed0,eg06_random_seed0,15,0,0.0,0.0,0.0,0.0
livingroom:d97a1fd8-ec70-438d-a7fd-a7badea1eda3_LivingDiningRoom-11440,random_movement_matched_seed1,eg06_random_seed1,15,0,0.0,0.0,0.0,0.0
livingroom:d97a1fd8-ec70-438d-a7fd-a7badea1eda3_LivingDiningRoom-11440,random_movement_matched_seed2,eg06_random_seed2,15,0,0.0,0.0,0.0,0.0
livingroom:d97a1fd8-ec70-438d-a7fd-a7badea1eda3_LivingDiningRoom-11440,generic_relation_optimizer,eg06_generic_budget_matched,15,0,0.0,0.0,0.0,0.0
livingroom:da41c0e0-e010-4fd4-a54b-e884e29d8e18_LivingDiningRoom-476,collision_gated_floor_prior,floor_prior_max1.8_mesh_p2_close0.75_far1.6,11,0,0.0,0.0,0.0,0.0
livingroom:da41c0e0-e010-4fd4-a54b-e884e29d8e18_LivingDiningRoom-476,random_movement_matched_seed0,eg06_random_seed0,11,0,0.0,0.0,0.0,0.0
livingroom:da41c0e0-e010-4fd4-a54b-e884e29d8e18_LivingDiningRoom-476,random_movement_matched_seed1,eg06_random_seed1,11,0,0.0,0.0,0.0,0.0
livingroom:da41c0e0-e010-4fd4-a54b-e884e29d8e18_LivingDiningRoom-476,random_movement_matched_seed2,eg06_random_seed2,11,0,0.0,0.0,0.0,0.0
livingroom:da41c0e0-e010-4fd4-a54b-e884e29d8e18_LivingDiningRoom-476,generic_relation_optimizer,eg06_generic_budget_matched,11,0,0.0,0.0,0.0,0.0
livingroom:dc44410d-8a89-4099-ab84-4444b9ebbcd6_LivingRoom-37001,collision_gated_floor_prior,floor_prior_max1.8_mesh_p2_close0.75_far1.6,12,0,0.0,0.0,0.0,0.0
livingroom:dc44410d-8a89-4099-ab84-4444b9ebbcd6_LivingRoom-37001,random_movement_matched_seed0,eg06_random_seed0,12,0,0.0,0.0,0.0,0.0
livingroom:dc44410d-8a89-4099-ab84-4444b9ebbcd6_LivingRoom-37001,random_movement_matched_seed1,eg06_random_seed1,12,0,0.0,0.0,0.0,0.0
livingroom:dc44410d-8a89-4099-ab84-4444b9ebbcd6_LivingRoom-37001,random_movement_matched_seed2,eg06_random_seed2,12,0,0.0,0.0,0.0,0.0
livingroom:dc44410d-8a89-4099-ab84-4444b9ebbcd6_LivingRoom-37001,generic_relation_optimizer,eg06_generic_budget_matched,12,0,0.0,0.0,0.0,0.0
livingroom:dd7856a2-52c4-4b27-bd7c-7ba5df36d181_LivingRoom-1255,collision_gated_floor_prior,floor_prior_max1.8_mesh_p2_close0.75_far1.6,16,0,0.0,0.0,0.0,0.0
livingroom:dd7856a2-52c4-4b27-bd7c-7ba5df36d181_LivingRoom-1255,random_movement_matched_seed0,eg06_random_seed0,16,0,0.0,0.0,0.0,0.0
livingroom:dd7856a2-52c4-4b27-bd7c-7ba5df36d181_LivingRoom-1255,random_movement_matched_seed1,eg06_random_seed1,16,0,0.0,0.0,0.0,0.0
livingroom:dd7856a2-52c4-4b27-bd7c-7ba5df36d181_LivingRoom-1255,random_movement_matched_seed2,eg06_random_seed2,16,0,0.0,0.0,0.0,0.0
livingroom:dd7856a2-52c4-4b27-bd7c-7ba5df36d181_LivingRoom-1255,generic_relation_optimizer,eg06_generic_budget_matched,16,0,0.0,0.0,0.0,0.0
livingroom:ddb2ee64-0253-4541-8df3-49d8652aeaf2_LivingRoom-3168,collision_gated_floor_prior,floor_prior_max1.8_mesh_p2_close0.75_far1.6,16,0,0.0,0.0,0.0,0.0
livingroom:ddb2ee64-0253-4541-8df3-49d8652aeaf2_LivingRoom-3168,random_movement_matched_seed0,eg06_random_seed0,16,0,0.0,0.0,0.0,0.0
livingroom:ddb2ee64-0253-4541-8df3-49d8652aeaf2_LivingRoom-3168,random_movement_matched_seed1,eg06_random_seed1,16,0,0.0,0.0,0.0,0.0
livingroom:ddb2ee64-0253-4541-8df3-49d8652aeaf2_LivingRoom-3168,random_movement_matched_seed2,eg06_random_seed2,16,0,0.0,0.0,0.0,0.0
livingroom:ddb2ee64-0253-4541-8df3-49d8652aeaf2_LivingRoom-3168,generic_relation_optimizer,eg06_generic_budget_matched,16,0,0.0,0.0,0.0,0.0
livingroom:de7f5810-bcd8-4eae-889c-ea51d11640a2_LivingDiningRoom-21284,collision_gated_floor_prior,floor_prior_max1.8_mesh_p2_close0.75_far1.6,12,0,0.0,0.0,0.0,0.0
livingroom:de7f5810-bcd8-4eae-889c-ea51d11640a2_LivingDiningRoom-21284,random_movement_matched_seed0,eg06_random_seed0,12,0,0.0,0.0,0.0,0.0
livingroom:de7f5810-bcd8-4eae-889c-ea51d11640a2_LivingDiningRoom-21284,random_movement_matched_seed1,eg06_random_seed1,12,0,0.0,0.0,0.0,0.0
livingroom:de7f5810-bcd8-4eae-889c-ea51d11640a2_LivingDiningRoom-21284,random_movement_matched_seed2,eg06_random_seed2,12,0,0.0,0.0,0.0,0.0
livingroom:de7f5810-bcd8-4eae-889c-ea51d11640a2_LivingDiningRoom-21284,generic_relation_optimizer,eg06_generic_budget_matched,12,0,0.0,0.0,0.0,0.0
livingroom:deebcfd8-9f7e-49be-8c50-2edb11abb8d9_LivingRoom-26286,collision_gated_floor_prior,floor_prior_max1.8_mesh_p2_close0.75_far1.6,14,0,0.0,0.0,0.0,0.0
livingroom:deebcfd8-9f7e-49be-8c50-2edb11abb8d9_LivingRoom-26286,random_movement_matched_seed0,eg06_random_seed0,14,0,0.0,0.0,0.0,0.0
livingroom:deebcfd8-9f7e-49be-8c50-2edb11abb8d9_LivingRoom-26286,random_movement_matched_seed1,eg06_random_seed1,14,0,0.0,0.0,0.0,0.0
livingroom:deebcfd8-9f7e-49be-8c50-2edb11abb8d9_LivingRoom-26286,random_movement_matched_seed2,eg06_random_seed2,14,0,0.0,0.0,0.0,0.0
livingroom:deebcfd8-9f7e-49be-8c50-2edb11abb8d9_LivingRoom-26286,generic_relation_optimizer,eg06_generic_budget_matched,14,0,0.0,0.0,0.0,0.0
livingroom:df17ede9-742d-4283-b77e-8482e260c71e_LivingDiningRoom-15419,collision_gated_floor_prior,floor_prior_max1.8_mesh_p2_close0.75_far1.6,15,0,0.0,0.0,0.0,0.0
livingroom:df17ede9-742d-4283-b77e-8482e260c71e_LivingDiningRoom-15419,random_movement_matched_seed0,eg06_random_seed0,15,0,0.0,0.0,0.0,0.0
livingroom:df17ede9-742d-4283-b77e-8482e260c71e_LivingDiningRoom-15419,random_movement_matched_seed1,eg06_random_seed1,15,0,0.0,0.0,0.0,0.0
livingroom:df17ede9-742d-4283-b77e-8482e260c71e_LivingDiningRoom-15419,random_movement_matched_seed2,eg06_random_seed2,15,0,0.0,0.0,0.0,0.0
livingroom:df17ede9-742d-4283-b77e-8482e260c71e_LivingDiningRoom-15419,generic_relation_optimizer,eg06_generic_budget_matched,15,0,0.0,0.0,0.0,0.0
livingroom:df5e8b99-2ccc-4d27-89d8-094cf83706f9_LivingDiningRoom-838,collision_gated_floor_prior,floor_prior_max1.8_mesh_p2_close0.75_far1.6,11,0,0.0,0.0,0.0,0.0
livingroom:df5e8b99-2ccc-4d27-89d8-094cf83706f9_LivingDiningRoom-838,random_movement_matched_seed0,eg06_random_seed0,11,0,0.0,0.0,0.0,0.0
livingroom:df5e8b99-2ccc-4d27-89d8-094cf83706f9_LivingDiningRoom-838,random_movement_matched_seed1,eg06_random_seed1,11,0,0.0,0.0,0.0,0.0
livingroom:df5e8b99-2ccc-4d27-89d8-094cf83706f9_LivingDiningRoom-838,random_movement_matched_seed2,eg06_random_seed2,11,0,0.0,0.0,0.0,0.0
livingroom:df5e8b99-2ccc-4d27-89d8-094cf83706f9_LivingDiningRoom-838,generic_relation_optimizer,eg06_generic_budget_matched,11,0,0.0,0.0,0.0,0.0
livingroom:e35cbb00-27a3-442b-8cf6-bf8651e54db1_LivingRoom-4960,collision_gated_floor_prior,floor_prior_max1.8_mesh_p2_close0.75_far1.6,15,0,0.0,0.0,0.0,0.0
livingroom:e35cbb00-27a3-442b-8cf6-bf8651e54db1_LivingRoom-4960,random_movement_matched_seed0,eg06_random_seed0,15,0,0.0,0.0,0.0,0.0
livingroom:e35cbb00-27a3-442b-8cf6-bf8651e54db1_LivingRoom-4960,random_movement_matched_seed1,eg06_random_seed1,15,0,0.0,0.0,0.0,0.0
livingroom:e35cbb00-27a3-442b-8cf6-bf8651e54db1_LivingRoom-4960,random_movement_matched_seed2,eg06_random_seed2,15,0,0.0,0.0,0.0,0.0
livingroom:e35cbb00-27a3-442b-8cf6-bf8651e54db1_LivingRoom-4960,generic_relation_optimizer,eg06_generic_budget_matched,15,0,0.0,0.0,0.0,0.0
livingroom:e387ce2f-183d-40a7-b4bf-814181fbea82_LivingDiningRoom-1407,collision_gated_floor_prior,floor_prior_max1.8_mesh_p2_close0.75_far1.6,8,0,0.0,0.0,0.0,0.0
livingroom:e387ce2f-183d-40a7-b4bf-814181fbea82_LivingDiningRoom-1407,random_movement_matched_seed0,eg06_random_seed0,8,0,0.0,0.0,0.0,0.0
livingroom:e387ce2f-183d-40a7-b4bf-814181fbea82_LivingDiningRoom-1407,random_movement_matched_seed1,eg06_random_seed1,8,0,0.0,0.0,0.0,0.0
livingroom:e387ce2f-183d-40a7-b4bf-814181fbea82_LivingDiningRoom-1407,random_movement_matched_seed2,eg06_random_seed2,8,0,0.0,0.0,0.0,0.0
livingroom:e387ce2f-183d-40a7-b4bf-814181fbea82_LivingDiningRoom-1407,generic_relation_optimizer,eg06_generic_budget_matched,8,0,0.0,0.0,0.0,0.0
livingroom:e52eb1b0-a8fb-4b1c-873d-5d962259a904_LivingRoom-2410,collision_gated_floor_prior,floor_prior_max1.8_mesh_p2_close0.75_far1.6,16,0,0.0,0.0,0.0,0.0
livingroom:e52eb1b0-a8fb-4b1c-873d-5d962259a904_LivingRoom-2410,random_movement_matched_seed0,eg06_random_seed0,16,0,0.0,0.0,0.0,0.0
livingroom:e52eb1b0-a8fb-4b1c-873d-5d962259a904_LivingRoom-2410,random_movement_matched_seed1,eg06_random_seed1,16,0,0.0,0.0,0.0,0.0
livingroom:e52eb1b0-a8fb-4b1c-873d-5d962259a904_LivingRoom-2410,random_movement_matched_seed2,eg06_random_seed2,16,0,0.0,0.0,0.0,0.0
livingroom:e52eb1b0-a8fb-4b1c-873d-5d962259a904_LivingRoom-2410,generic_relation_optimizer,eg06_generic_budget_matched,16,0,0.0,0.0,0.0,0.0
livingroom:e5a744d6-d36d-4682-877f-fea6e9614c94_LivingDiningRoom-17836,collision_gated_floor_prior,floor_prior_max1.8_mesh_p2_close0.75_far1.6,13,0,0.0,0.0,0.0,0.0
livingroom:e5a744d6-d36d-4682-877f-fea6e9614c94_LivingDiningRoom-17836,random_movement_matched_seed0,eg06_random_seed0,13,0,0.0,0.0,0.0,0.0
livingroom:e5a744d6-d36d-4682-877f-fea6e9614c94_LivingDiningRoom-17836,random_movement_matched_seed1,eg06_random_seed1,13,0,0.0,0.0,0.0,0.0
livingroom:e5a744d6-d36d-4682-877f-fea6e9614c94_LivingDiningRoom-17836,random_movement_matched_seed2,eg06_random_seed2,13,0,0.0,0.0,0.0,0.0
livingroom:e5a744d6-d36d-4682-877f-fea6e9614c94_LivingDiningRoom-17836,generic_relation_optimizer,eg06_generic_budget_matched,13,0,0.0,0.0,0.0,0.0
livingroom:e75e3c07-5b75-4a26-8933-cb6050aa6678_LivingDiningRoom-11555,collision_gated_floor_prior,floor_prior_max1.8_mesh_p2_close0.75_far1.6,13,0,0.0,0.0,0.0,0.0
livingroom:e75e3c07-5b75-4a26-8933-cb6050aa6678_LivingDiningRoom-11555,random_movement_matched_seed0,eg06_random_seed0,13,0,0.0,0.0,0.0,0.0
livingroom:e75e3c07-5b75-4a26-8933-cb6050aa6678_LivingDiningRoom-11555,random_movement_matched_seed1,eg06_random_seed1,13,0,0.0,0.0,0.0,0.0
livingroom:e75e3c07-5b75-4a26-8933-cb6050aa6678_LivingDiningRoom-11555,random_movement_matched_seed2,eg06_random_seed2,13,0,0.0,0.0,0.0,0.0
livingroom:e75e3c07-5b75-4a26-8933-cb6050aa6678_LivingDiningRoom-11555,generic_relation_optimizer,eg06_generic_budget_matched,13,0,0.0,0.0,0.0,0.0
livingroom:e7cc0ba0-e5d7-4b0b-9708-07e7a18a0fd8_LivingRoom-52289,collision_gated_floor_prior,floor_prior_max1.8_mesh_p2_close0.75_far1.6,14,1,0.9383806805636017,0.9383806805636017,0.9383806805636017,0.9383806805636017
livingroom:e7cc0ba0-e5d7-4b0b-9708-07e7a18a0fd8_LivingRoom-52289,random_movement_matched_seed0,eg06_random_seed0,14,1,0.9383806805636017,0.9383806805636017,0.9383806805636017,0.9383806805636017
livingroom:e7cc0ba0-e5d7-4b0b-9708-07e7a18a0fd8_LivingRoom-52289,random_movement_matched_seed1,eg06_random_seed1,14,1,0.9383806805636017,0.9383806805636017,0.9383806805636017,0.9383806805636017
livingroom:e7cc0ba0-e5d7-4b0b-9708-07e7a18a0fd8_LivingRoom-52289,random_movement_matched_seed2,eg06_random_seed2,14,1,0.9383806805636017,0.9383806805636017,0.9383806805636017,0.9383806805636017
livingroom:e7cc0ba0-e5d7-4b0b-9708-07e7a18a0fd8_LivingRoom-52289,generic_relation_optimizer,eg06_generic_budget_matched,14,0,0.0,0.0,0.9383806805636017,0.9383806805636017
livingroom:e892807a-549e-4a8f-855b-075fa1b70c9f_LivingDiningRoom-19931,collision_gated_floor_prior,floor_prior_max1.8_mesh_p2_close0.75_far1.6,18,1,1.417743191633324,1.417743191633324,1.417743191633324,1.417743191633324
livingroom:e892807a-549e-4a8f-855b-075fa1b70c9f_LivingDiningRoom-19931,random_movement_matched_seed0,eg06_random_seed0,18,1,1.417743191633324,1.417743191633324,1.417743191633324,1.417743191633324
livingroom:e892807a-549e-4a8f-855b-075fa1b70c9f_LivingDiningRoom-19931,random_movement_matched_seed1,eg06_random_seed1,18,1,1.417743191633324,1.417743191633324,1.417743191633324,1.417743191633324
livingroom:e892807a-549e-4a8f-855b-075fa1b70c9f_LivingDiningRoom-19931,random_movement_matched_seed2,eg06_random_seed2,18,1,1.417743191633324,1.417743191633324,1.417743191633324,1.417743191633324
livingroom:e892807a-549e-4a8f-855b-075fa1b70c9f_LivingDiningRoom-19931,generic_relation_optimizer,eg06_generic_budget_matched,18,0,0.0,0.0,1.417743191633324,1.417743191633324
livingroom:ea497775-7cb7-4f4d-ad49-eeae6970961d_LivingRoom-4789,collision_gated_floor_prior,floor_prior_max1.8_mesh_p2_close0.75_far1.6,16,0,0.0,0.0,0.0,0.0
livingroom:ea497775-7cb7-4f4d-ad49-eeae6970961d_LivingRoom-4789,random_movement_matched_seed0,eg06_random_seed0,16,0,0.0,0.0,0.0,0.0
livingroom:ea497775-7cb7-4f4d-ad49-eeae6970961d_LivingRoom-4789,random_movement_matched_seed1,eg06_random_seed1,16,0,0.0,0.0,0.0,0.0
livingroom:ea497775-7cb7-4f4d-ad49-eeae6970961d_LivingRoom-4789,random_movement_matched_seed2,eg06_random_seed2,16,0,0.0,0.0,0.0,0.0
livingroom:ea497775-7cb7-4f4d-ad49-eeae6970961d_LivingRoom-4789,generic_relation_optimizer,eg06_generic_budget_matched,16,0,0.0,0.0,0.0,0.0
livingroom:ef538119-2339-4538-94d3-06711fe4ae99_LivingDiningRoom-814,collision_gated_floor_prior,floor_prior_max1.8_mesh_p2_close0.75_far1.6,3,0,0.0,0.0,0.0,0.0
livingroom:ef538119-2339-4538-94d3-06711fe4ae99_LivingDiningRoom-814,random_movement_matched_seed0,eg06_random_seed0,3,0,0.0,0.0,0.0,0.0
livingroom:ef538119-2339-4538-94d3-06711fe4ae99_LivingDiningRoom-814,random_movement_matched_seed1,eg06_random_seed1,3,0,0.0,0.0,0.0,0.0
livingroom:ef538119-2339-4538-94d3-06711fe4ae99_LivingDiningRoom-814,random_movement_matched_seed2,eg06_random_seed2,3,0,0.0,0.0,0.0,0.0
livingroom:ef538119-2339-4538-94d3-06711fe4ae99_LivingDiningRoom-814,generic_relation_optimizer,eg06_generic_budget_matched,3,0,0.0,0.0,0.0,0.0
livingroom:ef543f0b-22b8-463f-9def-0bfa6cae51ea_LivingDiningRoom-79295,collision_gated_floor_prior,floor_prior_max1.8_mesh_p2_close0.75_far1.6,13,0,0.0,0.0,0.0,0.0
livingroom:ef543f0b-22b8-463f-9def-0bfa6cae51ea_LivingDiningRoom-79295,random_movement_matched_seed0,eg06_random_seed0,13,0,0.0,0.0,0.0,0.0
livingroom:ef543f0b-22b8-463f-9def-0bfa6cae51ea_LivingDiningRoom-79295,random_movement_matched_seed1,eg06_random_seed1,13,0,0.0,0.0,0.0,0.0
livingroom:ef543f0b-22b8-463f-9def-0bfa6cae51ea_LivingDiningRoom-79295,random_movement_matched_seed2,eg06_random_seed2,13,0,0.0,0.0,0.0,0.0
livingroom:ef543f0b-22b8-463f-9def-0bfa6cae51ea_LivingDiningRoom-79295,generic_relation_optimizer,eg06_generic_budget_matched,13,0,0.0,0.0,0.0,0.0
livingroom:ef5860ab-d989-4605-93b1-5127126696c6_LivingDiningRoom-70961,collision_gated_floor_prior,floor_prior_max1.8_mesh_p2_close0.75_far1.6,15,0,0.0,0.0,0.0,0.0
livingroom:ef5860ab-d989-4605-93b1-5127126696c6_LivingDiningRoom-70961,random_movement_matched_seed0,eg06_random_seed0,15,0,0.0,0.0,0.0,0.0
livingroom:ef5860ab-d989-4605-93b1-5127126696c6_LivingDiningRoom-70961,random_movement_matched_seed1,eg06_random_seed1,15,0,0.0,0.0,0.0,0.0
livingroom:ef5860ab-d989-4605-93b1-5127126696c6_LivingDiningRoom-70961,random_movement_matched_seed2,eg06_random_seed2,15,0,0.0,0.0,0.0,0.0
livingroom:ef5860ab-d989-4605-93b1-5127126696c6_LivingDiningRoom-70961,generic_relation_optimizer,eg06_generic_budget_matched,15,0,0.0,0.0,0.0,0.0
livingroom:f01d52ec-ff3e-4157-b0bc-9c29e849f03c_LivingDiningRoom-24470,collision_gated_floor_prior,floor_prior_max1.8_mesh_p2_close0.75_far1.6,16,0,0.0,0.0,0.0,0.0
livingroom:f01d52ec-ff3e-4157-b0bc-9c29e849f03c_LivingDiningRoom-24470,random_movement_matched_seed0,eg06_random_seed0,16,0,0.0,0.0,0.0,0.0
livingroom:f01d52ec-ff3e-4157-b0bc-9c29e849f03c_LivingDiningRoom-24470,random_movement_matched_seed1,eg06_random_seed1,16,0,0.0,0.0,0.0,0.0
livingroom:f01d52ec-ff3e-4157-b0bc-9c29e849f03c_LivingDiningRoom-24470,random_movement_matched_seed2,eg06_random_seed2,16,0,0.0,0.0,0.0,0.0
livingroom:f01d52ec-ff3e-4157-b0bc-9c29e849f03c_LivingDiningRoom-24470,generic_relation_optimizer,eg06_generic_budget_matched,16,0,0.0,0.0,0.0,0.0
livingroom:f086151e-64f0-4fad-b373-22c20dfc2fce_LivingDiningRoom-5082,collision_gated_floor_prior,floor_prior_max1.8_mesh_p2_close0.75_far1.6,16,0,0.0,0.0,0.0,0.0
livingroom:f086151e-64f0-4fad-b373-22c20dfc2fce_LivingDiningRoom-5082,random_movement_matched_seed0,eg06_random_seed0,16,0,0.0,0.0,0.0,0.0
livingroom:f086151e-64f0-4fad-b373-22c20dfc2fce_LivingDiningRoom-5082,random_movement_matched_seed1,eg06_random_seed1,16,0,0.0,0.0,0.0,0.0
livingroom:f086151e-64f0-4fad-b373-22c20dfc2fce_LivingDiningRoom-5082,random_movement_matched_seed2,eg06_random_seed2,16,0,0.0,0.0,0.0,0.0
livingroom:f086151e-64f0-4fad-b373-22c20dfc2fce_LivingDiningRoom-5082,generic_relation_optimizer,eg06_generic_budget_matched,16,0,0.0,0.0,0.0,0.0
livingroom:f80fbd68-006f-4118-a5b2-01678baef76b_LivingDiningRoom-45329,collision_gated_floor_prior,floor_prior_max1.8_mesh_p2_close0.75_far1.6,7,0,0.0,0.0,0.0,0.0
livingroom:f80fbd68-006f-4118-a5b2-01678baef76b_LivingDiningRoom-45329,random_movement_matched_seed0,eg06_random_seed0,7,0,0.0,0.0,0.0,0.0
livingroom:f80fbd68-006f-4118-a5b2-01678baef76b_LivingDiningRoom-45329,random_movement_matched_seed1,eg06_random_seed1,7,0,0.0,0.0,0.0,0.0
livingroom:f80fbd68-006f-4118-a5b2-01678baef76b_LivingDiningRoom-45329,random_movement_matched_seed2,eg06_random_seed2,7,0,0.0,0.0,0.0,0.0
livingroom:f80fbd68-006f-4118-a5b2-01678baef76b_LivingDiningRoom-45329,generic_relation_optimizer,eg06_generic_budget_matched,7,0,0.0,0.0,0.0,0.0
livingroom:f89c8def-be8d-4a45-948e-714938ca5550_LivingDiningRoom-16828,collision_gated_floor_prior,floor_prior_max1.8_mesh_p2_close0.75_far1.6,17,1,0.4574453059972262,0.4574453059972262,0.4574453059972262,0.4574453059972262
livingroom:f89c8def-be8d-4a45-948e-714938ca5550_LivingDiningRoom-16828,random_movement_matched_seed0,eg06_random_seed0,17,1,0.4574453059972262,0.4574453059972262,0.4574453059972262,0.4574453059972262
livingroom:f89c8def-be8d-4a45-948e-714938ca5550_LivingDiningRoom-16828,random_movement_matched_seed1,eg06_random_seed1,17,1,0.4574453059972262,0.4574453059972262,0.4574453059972262,0.4574453059972262
livingroom:f89c8def-be8d-4a45-948e-714938ca5550_LivingDiningRoom-16828,random_movement_matched_seed2,eg06_random_seed2,17,1,0.4574453059972263,0.4574453059972263,0.4574453059972262,0.4574453059972262
livingroom:f89c8def-be8d-4a45-948e-714938ca5550_LivingDiningRoom-16828,generic_relation_optimizer,eg06_generic_budget_matched,17,0,0.0,0.0,0.4574453059972262,0.4574453059972262
livingroom:fb76c361-48d1-4450-a4a3-0b9bea32fb8e_LivingRoom-35461,collision_gated_floor_prior,floor_prior_max1.8_mesh_p2_close0.75_far1.6,18,0,0.0,0.0,0.0,0.0
livingroom:fb76c361-48d1-4450-a4a3-0b9bea32fb8e_LivingRoom-35461,random_movement_matched_seed0,eg06_random_seed0,18,0,0.0,0.0,0.0,0.0
livingroom:fb76c361-48d1-4450-a4a3-0b9bea32fb8e_LivingRoom-35461,random_movement_matched_seed1,eg06_random_seed1,18,0,0.0,0.0,0.0,0.0
livingroom:fb76c361-48d1-4450-a4a3-0b9bea32fb8e_LivingRoom-35461,random_movement_matched_seed2,eg06_random_seed2,18,0,0.0,0.0,0.0,0.0
livingroom:fb76c361-48d1-4450-a4a3-0b9bea32fb8e_LivingRoom-35461,generic_relation_optimizer,eg06_generic_budget_matched,18,0,0.0,0.0,0.0,0.0
livingroom:ffd98024-7200-429e-8b9a-1234a5937826_LivingRoom-360,collision_gated_floor_prior,floor_prior_max1.8_mesh_p2_close0.75_far1.6,7,0,0.0,0.0,0.0,0.0
livingroom:ffd98024-7200-429e-8b9a-1234a5937826_LivingRoom-360,random_movement_matched_seed0,eg06_random_seed0,7,0,0.0,0.0,0.0,0.0
livingroom:ffd98024-7200-429e-8b9a-1234a5937826_LivingRoom-360,random_movement_matched_seed1,eg06_random_seed1,7,0,0.0,0.0,0.0,0.0
livingroom:ffd98024-7200-429e-8b9a-1234a5937826_LivingRoom-360,random_movement_matched_seed2,eg06_random_seed2,7,0,0.0,0.0,0.0,0.0
livingroom:ffd98024-7200-429e-8b9a-1234a5937826_LivingRoom-360,generic_relation_optimizer,eg06_generic_budget_matched,7,0,0.0,0.0,0.0,0.0
