room,scene_uid,target_total,horizontal_total,before_all_acc_simple,after_all_acc_simple,before_horizontal_acc_simple,after_horizontal_acc_simple,edits,final_movement,score_before,score_after,overlap_area_before,overlap_area_after,oob_before,oob_after,text
bedroom,015ed8e0-35dc-41ab-9a9e-b3dbba4ec64a_MasterBedroom-33296,1,1,1.0,1.0,1.0,1.0,0,0.0,0.5940916447170085,0.5940916447170085,0.0,0.0,0.0,0.0,Put a grey double bed with headboard and pillows to the left of a nightstand.
bedroom,04684207-3d45-4d33-bd9d-0f66c9a45402_MasterBedroom-9404,2,2,0.5,1.0,0.5,1.0,1,1.9127659251512057,2.3714282573302303,0.6786308818753098,0.041353916976542476,0.03480642142213228,0.0,0.0,Add a double bed left of a gray nightstand with drawers. Place a gray nightstand with drawers to the right of a gray wardrobe with shelves and drawers.
bedroom,04f7a09d-08be-4e6f-965d-b655e0f654fe_SecondBedroom-30034,1,1,0.0,1.0,0.0,1.0,1,3.0856933475483026,3.0919116353243714,0.3914538264557965,0.30677640787599997,0.046201784999999954,0.0,0.0,Position a black and white circular pendant lamp behind a black and silver nightstand with a drawer.
bedroom,0b4abd30-b157-4ecf-a077-989285598cf2_SecondBedroom-6482,1,1,1.0,1.0,1.0,1.0,0,0.0,0.18797410343973797,0.18797410343973797,0.03235887468359516,0.03235887468359516,0.0,0.0,Place a wooden wardrobe with doors to the right of a black and white nightstand with a drawer.
bedroom,0bb3d53a-d91c-4f86-afb3-0fbf0e35d1d5_SecondBedroom-11167,1,1,0.0,1.0,0.0,1.0,1,3.0138166657180965,3.0054616377329415,0.3666579998861718,0.0,0.0,0.0,0.0,Add a pendant lamp behind a dressing table with mirror.
bedroom,0d7be408-9e3d-4f68-8422-5aa2069ccdb2_MasterBedroom-27127,2,2,1.0,1.0,1.0,1.0,0,0.0,0.6505138737391739,0.6505138737391739,0.06202067209800004,0.06202067209800004,0.0,0.0,Put a gray wardrobe with doors and a drawer to the left of a grey double bed with pillows. Add a gray wardrobe with doors and a drawer to the left of a grey double bed with pillows.
bedroom,0f401f03-d3c7-413b-b9ff-bfb6fdbb416d_MasterBedroom-75552,1,1,1.0,1.0,1.0,1.0,0,0.0,0.636590868701795,0.636590868701795,0.09008041795599997,0.09008041795599997,0.0,0.0,Put a wardrobe with doors and drawers in front of a black octagonal tray ceiling lamp with a lid.
bedroom,0f7d04b8-9de9-4e07-9a44-0cdb8b2703f4_SecondBedroom-19119,2,2,1.0,1.0,1.0,1.0,0,0.0,0.35610101365850905,0.35610101365850905,0.18120133207025005,0.18120133207025005,0.0,0.0,"Add a wooden wardrobe with drawers behind a brown and black double bed. Additionally, install a pendant lamp in front of a wooden wardrobe with drawers."
bedroom,0fc4d063-6145-456f-8fe1-1180d3eeeb3f_Bedroom-2719,2,2,0.5,1.0,0.5,1.0,1,2.975103290503583,1.4358806094358454,0.6071019394238796,0.0,0.0,0.0,0.0,"Add a grey stool with black legs behind a wooden bookshelf with shelves. Then, set up a bookshelf left of a black and white double bed."
bedroom,10a1f583-7755-4afd-98b2-3f7df16bc930_Bedroom-430,1,1,0.0,1.0,0.0,1.0,1,3.2370754537172295,3.1229423001856214,0.4247308237344175,0.27475103772815773,0.08937648368099999,0.0,0.0,Add a corner side table with a round top to the left of a black and silver pendant lamp with lights.
bedroom,12329142-9d6e-4957-8592-4d156a454bab_MasterBedroom-18415,2,2,0.5,1.0,0.5,1.0,1,1.8164606887895087,1.6187221969491175,0.7315601665852239,0.03367438403999997,0.04229982626014422,0.0,0.0,"Place a black and grey double bed in front of a wardrobe. Then, arrange a black and white square nightstand in front of a black wardrobe with hanging clothes."
bedroom,12f93edf-43d1-4009-9639-92b3b604b352_SecondBedroom-1145,2,2,0.5,1.0,0.5,1.0,1,4.033594249691657,4.813815016682752,1.2065528044896987,0.40522260355149964,0.40522260355149964,0.0,0.0,Add a nightstand with drawers left of a nightstand with drawers. And install a pendant lamp with metal rods in front of a nightstand with drawers.
bedroom,13626eb3-bcc1-455a-a889-78b6c92dfbb6_SecondBedroom-2787,2,2,0.5,0.5,0.5,0.5,0,0.0,5.595597646271281,5.595597646271281,0.03367438403999997,0.03367438403999997,0.0,0.0,Hang a ceiling lamp to the right of a nightstand. And arrange a black nightstand with a shelf left of a black and brown desk with a black handle.
bedroom,14125793-35c5-4ab8-be6e-3089eaa45bc1_Bedroom-87322,1,1,0.0,1.0,0.0,1.0,1,1.2916347009557536,1.9435683008231694,0.7992111065385276,0.0039213405998721265,0.0,0.0,0.0,Set up a blue pillow and black frame stool behind a ceiling lamp.
bedroom,15d07e45-2761-43ed-8dfc-f9d4ef58041d_Bedroom-68718,2,1,0.5,1.0,0.0,1.0,1,1.4526833983461314,1.3750079974008276,0.2620059175102859,0.23623974202499984,0.23623974202499984,0.0,0.0,Add a black wooden wardrobe with doors and shelves in front of a black and white nightstand with a silver handle. Set up a double bed with canopy and pillows below a black pendant lamp with crystals.
bedroom,15de4a4c-2258-4015-9cc3-f2ebbb9d61e5_SecondBedroom-35821,1,0,1.0,1.0,0.0,0.0,0,0.0,0.03301431222599999,0.03301431222599999,0.09432660635999997,0.09432660635999997,0.0,0.0,Arrange a green and gray double bed below a pendant lamp.
bedroom,185d02b3-ca3f-40a9-a981-71ecb7944538_Bedroom-18055,2,2,0.5,1.0,0.5,1.0,1,2.7981228392105653,3.3551549857845897,0.9201670284011771,0.0853612845139938,0.04370170598948597,0.0,0.0,Position a wardrobe right of a pendant lamp. And add a black and brown double bed with a cover behind a black rattan pendant lamp.
bedroom,189b1d9b-894e-43b5-87be-c1b76cba3df4_SecondBedroom-19262,2,2,0.0,1.0,0.0,1.0,1,2.10430661639863,1.6609258293514553,0.5213350229350491,0.0,0.0,0.0,0.0,"Put a gray wardrobe with doors and shelves right of a black and grey tv stand with drawers. Next, arrange a gray wardrobe with doors and shelves right of a grey single bed with a pillow."
bedroom,198eb9ec-9059-4e26-958e-dc8fb8187713_Bedroom-12864,1,1,0.0,0.0,0.0,0.0,0,0.0,5.0263391781996,5.0263391781996,0.075254794856,0.075254794856,0.0,0.0,Add a nightstand with a lamp in front of a red and black coffee table with two metal bowls.
bedroom,19c91c8f-02fc-44d9-b275-84c32f0572ad_SecondBedroom-266050,2,2,0.5,1.0,0.5,1.0,1,1.4134767864085458,1.4305143228950274,0.649334868660138,0.011462086317025427,0.011462086317025427,0.0,0.0,"Position a black and brown double bed with a cover in front of a grey nightstand with three drawers. Next, arrange a black chaise longue sofa with a blanket right of a grey nightstand with three drawers."
bedroom,1aa91215-cba7-4c40-8b37-6b21584b5924_MasterBedroom-12352,2,2,0.5,1.0,0.5,1.0,1,2.7251453597381468,3.2096993702659313,0.5082171457557969,0.0,0.0,0.0,0.0,"Place a wooden nightstand with drawers in front of a wooden nightstand with drawers. Finnally, set up a double bed to the right of a nightstand."
bedroom,1e16532d-1ec8-42c6-a66f-ef21e31c22c1_MasterBedroom-7894,2,1,1.0,1.0,1.0,1.0,0,0.0,0.406194116475662,0.406194116475662,0.048496390946249975,0.048496390946249975,0.0,0.0,Add a black and grey double bed in front of a black wardrobe with doors and drawers. And place a double bed below a black pendant lamp with a handle.
bedroom,1e4c1b89-895e-4663-9469-f2e837fb39fd_MasterBedroom-118594,2,2,0.5,1.0,0.5,1.0,1,2.5820198135197736,2.8984918326615228,0.43468734875327597,0.07159135374999996,0.019149096388421705,0.0,0.0,"Set up a double bed to the right of a decorative wardrobe. Finnally, set up a bookshelf with shelves in front of a gray double bed with sheets and blankets."
bedroom,205197ab-2552-4466-aa07-fdb2beb1f7ab_MasterBedroom-6399,2,1,0.5,1.0,0.0,1.0,1,1.6340358945234337,1.1139624275049078,0.20108430734281205,0.05123605557999988,0.0,0.0,0.0,"Position a brown and black double bed with bedding below a circular wooden ceiling lamp. Additionally, install a circular wooden ceiling lamp right of a stool."
bedroom,217a37c6-075b-4f4c-a0ab-196e07bb5f3d_SecondBedroom-52584,1,1,0.0,0.0,0.0,0.0,3,0.8746974939962974,1.6494424190076762,1.2547047113300107,0.042770728369504955,0.008069201982215031,0.0,0.0,Arrange a black and white pendant lamp with hanging balls left of a black corner side table with a vase.
bedroom,21a2b6a2-7126-4727-bf72-68e5f6b57c6b_SecondBedroom-860,1,1,0.0,1.0,0.0,1.0,1,2.77060749850599,2.6448353685937045,0.3534501476603893,0.04564927954191573,0.04564927954191573,0.0,0.0,Arrange a nightstand with books and a bird behind a pendant lamp with six hanging shades.
bedroom,22de98d5-60fc-4c5f-92e3-d589af0c57df_MasterBedroom-514,2,1,0.5,1.0,0.0,1.0,1,2.8892356253346665,2.8153715898892897,0.36881889086808556,0.07159592485048491,0.04888747379407321,0.0,0.0,"Put a grey and black striped double bed right of a black and white pendant lamp with a metal base. Finnally, position a black and white pendant lamp with a metal base above a nightstand with drawers."
bedroom,23332f94-e456-4e6e-b308-aa13e69b9c47_SecondBedroom-11204,2,2,1.0,1.0,1.0,1.0,0,0.0,0.9088636641685937,0.9088636641685937,0.06807868909077607,0.06807868909077607,0.0,0.0,"Position a dressing table right of a plaid double bed. Additionally, arrange a dressing chair right of a plaid double bed."
bedroom,23f42f25-fdc1-4897-8905-c60a4545e404_MasterBedroom-4089,2,2,0.5,0.5,0.5,0.5,0,0.0,3.397461075257464,3.397461075257464,0.04849639094624999,0.04849639094624999,0.0,0.0,Put a double bed right of a nightstand. Place a black and white square nightstand right of a black and grey double bed.
bedroom,2463f2a4-6b9d-4410-9d93-a2415fdffd86_MasterBedroom-21684,2,1,0.5,1.0,0.0,1.0,1,0.7322450359862287,0.836224416846167,0.14688892304328066,0.27990925496605384,0.1543414820712377,0.0,0.0,Position a wardrobe with doors to the left of a black pendant lamp with six lights. And arrange a grey double bed with headboard and pillows below a black pendant lamp with six lights.
bedroom,249bbe46-04df-4781-ad1a-dd7a60bfccb0_SecondBedroom-8497,2,2,0.5,0.5,0.5,0.5,0,0.0,3.3992908954309202,3.3992908954309202,0.0,0.0,0.0,0.0,Put a black nightstand with two drawers in front of a grey double bed with sheets and pillows. And add a grey double bed with sheets and pillows in front of a black nightstand with two drawers.
bedroom,25235b9f-c9cc-4dca-ac4c-69614e46e9a9_MasterBedroom-196,1,1,1.0,1.0,1.0,1.0,0,0.0,0.32568433651218737,0.32568433651218737,0.0,0.0,0.0,0.0,Put a black and brown nightstand to the left of a double bed.
bedroom,261774c0-9480-40b3-a85a-4804c96ea443_MasterBedroom-132469,2,1,1.0,1.0,1.0,1.0,0,0.0,0.16470862014954274,0.16470862014954274,0.08255576698774522,0.08255576698774522,0.0,0.0,"Position a black ceiling lamp with a round top in front of a wardrobe. Finnally, position a ceiling lamp above a green and grey double bed."
bedroom,28d8d63b-95bb-4993-bdf1-e1da13115118_MasterBedroom-104323,1,1,0.0,1.0,0.0,1.0,1,2.987713385908685,3.066642612547373,0.38494867185754217,0.31110891632765925,0.061208758709999936,0.0,0.0,Position a pendant lamp in front of a modern nightstand with two drawers.
bedroom,29aa7167-1c46-4ce0-8c58-3cfb7a7d15af_SecondBedroom-69556,2,2,1.0,1.0,1.0,1.0,0,0.0,0.8039991281022859,0.8039991281022859,0.05258476068899999,0.05258476068899999,0.0,0.0,"Set up a wardrobe with a door and drawers in front of a gray double bed with sheets and pillows. Finnally, add a black corner side table with a round top in front of a gray double bed with sheets and pillows."
bedroom,29f92b53-a723-41c9-992c-1d146ce542a7_Bedroom-6993,2,2,1.0,1.0,1.0,1.0,0,0.0,0.2817117425755948,0.2817117425755948,0.048496390946249975,0.048496390946249975,0.0,0.0,Add a black and grey double bed in front of a black wardrobe with hanging clothes. Add a black pendant lamp with a handle in front of a wardrobe.
bedroom,2b2d0238-534a-46bd-95f6-2e45a098de5e_MasterBedroom-935,2,1,0.5,1.0,0.0,1.0,1,1.6101740563388816,1.6589752439829901,0.20029621504125572,0.1239750357292613,0.005929509373114083,0.0,0.0,"Put a black and white circular pendant lamp above a black desk with drawers. Then, put a black and white double bed in front of a pendant lamp."
bedroom,2c213709-c572-4f58-92c8-d2a42199314a_SecondBedroom-2311,2,2,0.5,1.0,0.5,1.0,1,2.4077369341549195,2.6884455981859476,0.4154412998228403,0.005851420701276168,0.014042466416276322,0.0,0.0,"Place a blue single bed with cover and pillows in front of a black and brown wall mounted bookshelf. Additionally, place a blue single bed with cover and pillows to the left of a pendant lamp."
bedroom,305d3251-8f1e-4cca-9227-011187146d89_SecondBedroom-69136,2,2,1.0,1.0,1.0,1.0,0,0.0,0.5863597837997506,0.5863597837997506,0.0,0.0,0.0,0.0,"Add a wooden tv stand with two doors behind a patterned ceiling lamp. Then, put a black and white double bed to the right of a black and white wardrobe with drawers."
bedroom,30c0c5d6-30c7-43fc-95b1-e7424df97d77_Bedroom-47437,2,2,0.5,0.5,0.5,0.5,0,0.0,3.384154677388535,3.384154677388535,0.0,0.0,0.0,0.0,"Arrange a green and gray single bed in front of a nightstand. Then, add a nightstand with a lamp in front of a green and gray single bed."
bedroom,312c3afe-ae86-4823-b67e-292660fc85f8_SecondBedroom-739,1,1,0.0,0.0,0.0,0.0,0,0.0,5.007735556375785,5.007735556375785,0.022101589645099822,0.022101589645099822,0.0,0.0,Put a corner side table with a book on top left of a black circular pendant lamp with a metal frame.
bedroom,337b9770-f524-48fb-914c-89dd9f2d927e_MasterBedroom-6351,1,1,1.0,1.0,1.0,1.0,0,0.0,0.4076622281277843,0.4076622281277843,0.061968260763000015,0.061968260763000015,0.0,0.0,Arrange a nightstand behind a pendant lamp.
bedroom,38330463-78e6-4d25-bd89-9daf92d0cfb9_SecondBedroom-22370,1,1,0.0,1.0,0.0,1.0,1,3.0138908344752062,2.9466186293098695,0.38323610920873724,0.11519523319999997,0.04734059734774998,0.0,0.0,Set up a grey nightstand with a drawer to the left of a black and white circular pendant lamp.
bedroom,38e3cf4a-a67b-42d8-b467-2d1a3e5407a8_SecondBedroom-15551,1,1,1.0,1.0,1.0,1.0,0,0.0,0.2875846565617466,0.2875846565617466,0.09131457007103773,0.09131457007103773,0.0,0.0,Position a double bed with pillows and a blanket in front of a black and grey nightstand cabinet.
bedroom,39ea30b1-4302-4a07-885b-bd498facd30d_MasterBedroom-13100,1,1,1.0,1.0,1.0,1.0,0,0.0,0.19404537198808997,0.19404537198808997,0.1224999999999999,0.1224999999999999,0.0,0.0,Set up a black ceiling lamp with a lid in front of a black wardrobe with two doors.
bedroom,3b349315-8f84-4027-b654-f8ecd6d3cf67_SecondBedroom-13841,2,2,1.0,1.0,1.0,1.0,0,0.0,0.40557773327647734,0.40557773327647734,0.11351121173749998,0.11351121173749998,0.0,0.0,"Put a black and white pendant lamp with a metal frame to the right of a sliding door wardrobe. Then, add a black and white pendant lamp with a metal frame to the right of a sliding door wardrobe."
bedroom,3bf54310-1dd3-45a3-b6ce-e192f4d8ff43_Bedroom-18,2,2,0.5,1.0,0.5,1.0,2,3.7728318255897237,2.3433221839381195,0.8754227825755432,0.12012670603448493,0.12012670603448493,0.0,0.0,"Position a nightstand behind a blue double bed with blankets and pillows. Then, place a nightstand with two drawers to the right of a nightstand with two drawers."
bedroom,3bf54310-1dd3-45a3-b6ce-e192f4d8ff43_MasterBedroom-10364,2,2,0.5,1.0,0.5,1.0,1,2.877092427230062,2.8604516166435934,0.4613405765756295,0.16961465664899994,0.16961465664899994,0.0,0.0,"Put a single bed to the right of a black metal-framed wardrobe with a door. Then, set up a blue and white single bed to the right of a nightstand with a drawer."
bedroom,3e40b128-6291-41ff-89aa-0ae707a594c6_SecondBedroom-11303,1,1,0.0,1.0,0.0,1.0,1,1.1472546498257012,1.000466454413635,0.15958027202775912,0.04831346871049991,0.04831346871049991,0.0,0.0,Place a grey wardrobe with drawers behind a nightstand.
bedroom,3ec24496-80f4-4ea1-b889-b3cb902d2a47_MasterBedroom-1362,1,0,1.0,1.0,0.0,0.0,0,0.0,0.023417259303550035,0.023417259303550035,0.0669064551530001,0.0669064551530001,0.0,0.0,Arrange a ceiling lamp above a green double bed with a metal frame.
bedroom,3f60d6b9-49ba-45d9-bf03-966069127e75_SecondBedroom-34317,1,1,0.0,1.0,0.0,1.0,1,3.252632789698523,3.105098488880614,0.42503821702549255,0.08492080646191372,0.08492080646191372,0.0,0.0,Add a wooden nightstand to the left of a wooden ceiling lamp with squares.
bedroom,40415a21-d863-4c54-a088-c078346ba939_Bedroom-4098,1,1,1.0,1.0,1.0,1.0,0,0.0,0.4576204951638102,0.4576204951638102,0.2862110931899754,0.2862110931899754,0.0,0.0,Arrange a wooden wardrobe with a curtain right of a double bed.
bedroom,40dcaad6-b0b5-4030-bd90-13ceadc84ce1_Bedroom-5265,2,2,1.0,1.0,1.0,1.0,0,0.0,0.2513237395099147,0.2513237395099147,0.08582937012199994,0.08582937012199994,0.0,0.0,Position a circular ceiling lamp with a hanging rope left of a grey and black wardrobe with two doors. And add a black single bed with a white sheet to the left of a grey and black wardrobe with two doors.
bedroom,41530c87-2f3d-45fc-a696-9e3b276024a8_MasterBedroom-22121,2,0,0.5,0.5,0.0,0.0,0,0.0,0.12392085071637257,0.12392085071637257,0.3540595734753502,0.3540595734753502,0.0,0.0,"Arrange a nightstand with two drawers below a modern pendant lamp with cylinders. Additionally, position a grey and black double bed below a modern pendant lamp with cylinders."
bedroom,46d93d61-5f50-4431-b92e-9f9bd4da5b7c_Bedroom-47481,0,0,0.0,0.0,0.0,0.0,0,0.0,0.017313430862700024,0.017313430862700024,0.04946694532200007,0.04946694532200007,0.0,0.0,"Hang two hanging pendant lamps with black and white wires in front of a gold nightstand with black glass top. Additionally, arrange a yellow and gray double bed with pillows and a blanket below two hanging pendant lamps with black and white wires."
bedroom,47f1e226-bb51-4a8e-aaad-64156c826c8a_Bedroom-2160,2,2,1.0,1.0,1.0,1.0,0,0.0,0.6260872051253326,0.6260872051253326,0.10637464944115241,0.10637464944115241,0.0,0.0,"Install a black pendant lamp with crystals right of a black and white nightstand with a silver handle. Additionally, arrange a black wooden wardrobe with doors and shelves behind a double bed with canopy and pillows."
bedroom,4879b8e7-75aa-46b7-a835-bc5fcd5f9b23_SecondBedroom-9825,2,2,0.0,1.0,0.0,1.0,2,4.7382359261311455,5.739215282000652,0.5823008800388523,0.19659250954999996,0.01060733972318443,0.0,0.0,"Arrange a wooden corner side table left of a wardrobe. Additionally, put a black pendant lamp with a metal chandelier behind a wooden corner side table."
bedroom,4c364533-a3af-4a9c-9ed9-2f40f528fa04_Bedroom-1989,2,1,1.0,1.0,1.0,1.0,0,0.0,0.28590810502694647,0.28590810502694647,0.015859317700389095,0.015859317700389095,0.0,0.0,Position a double bed below a black pendant lamp with a handle. Add a black wardrobe with hanging clothes in front of a black tv stand with a shelf.
bedroom,503ebcb6-9815-4412-90ea-f0bbd59ddbe9_SecondBedroom-143,2,2,0.0,1.0,0.0,1.0,2,3.210472416671694,3.69269880195474,0.49982032923324976,0.0,0.0,0.0,0.0,"Place a cabinet behind a black wardrobe with a wooden door. Then, set up a cabinet left of a cabinet."
bedroom,50526848-e51d-48e0-bb9b-3c5c90d76c4d_SecondBedroom-13044,2,2,1.0,1.0,1.0,1.0,0,0.0,1.2160874794154781,1.2160874794154781,0.3033990467999998,0.3033990467999998,0.0,0.0,"Arrange a black double bed with white sheets and pillows behind a nightstand. Next, place a black double bed with white sheets and pillows in front of a wardrobe."
bedroom,525c4166-1792-4f4a-a9c2-1ea260cf6e39_Bedroom-8490,2,2,0.0,1.0,0.0,1.0,2,1.8336694922991037,1.8250329967539312,0.23004033907589244,0.016872053973078102,0.0,0.0,0.0,Arrange a yellow and green double bed in front of a blue and yellow striped wardrobe. And position a yellow and green double bed left of a modern black pendant lamp.
bedroom,52982a7b-ed79-44e6-bb37-f878754c07d3_MasterBedroom-424,2,1,1.0,1.0,1.0,1.0,0,0.0,0.17959676922007134,0.17959676922007134,0.08727200192321419,0.08727200192321419,0.0,0.0,"Place a grey double bed with pillows in front of a grey wardrobe with shelves. Additionally, set up a grey circular ceiling lamp with three containers above a grey double bed with pillows."
bedroom,54bdf809-f190-48e7-9b25-a9986077fc0f_SecondBedroom-32238,1,1,0.0,1.0,0.0,1.0,1,2.8500060784042374,2.7936786135136216,0.40854765566075324,0.0,0.17584836072069943,0.0,0.0,Put a black and white nightstand with a silver handle behind a double bed.
bedroom,55963844-bffe-4151-b0c0-9eb62e8aa454_SecondBedroom-258160,1,1,1.0,1.0,1.0,1.0,0,0.0,0.3032762308911553,0.3032762308911553,0.12222524365599997,0.12222524365599997,0.0,0.0,Set up a black wardrobe with doors and drawers to the left of a plaid single bed with pillows.
bedroom,56fedd11-b226-4c51-8d89-552caf24487b_SecondBedroom-19232,1,0,1.0,1.0,0.0,0.0,0,0.0,0.01339041431104999,0.01339041431104999,0.03825832660299997,0.03825832660299997,0.0,0.0,Position a gray double bed with brown pillows below a wooden pendant lamp with a wooden shade.
bedroom,578810bc-9d89-4852-921f-fb51ca7fbc53_SecondBedroom-6685,1,1,1.0,1.0,1.0,1.0,0,0.0,0.17622339843408638,0.17622339843408638,0.17490420428400005,0.17490420428400005,0.0,0.0,Place a blue and white double bed with bedding and pillows behind a grey wardrobe with drawers.
bedroom,591bd837-693c-4f91-bef7-fabf1c0ea146_SecondBedroom-24334,1,1,0.0,0.0,0.0,0.0,0,0.0,5.018792594836113,5.018792594836113,0.05369312810317973,0.05369312810317973,0.0,0.0,Place a desk with a cabinet and drawers to the right of a sliding door wardrobe.
bedroom,5a81f6c1-4742-45b0-9a1c-61fefae41430_Bedroom-35352,2,2,1.0,1.0,1.0,1.0,0,0.0,0.8823456461975921,0.8823456461975921,0.025984550429565097,0.025984550429565097,0.0,0.0,"Add a wardrobe left of a yellow and gray double bed with pillows and a blanket. Then, arrange a wardrobe to the left of a yellow and gray double bed with pillows and a blanket."
bedroom,5bd22e7d-960b-4e14-93bd-f955001f799e_MasterBedroom-4284,2,2,0.5,0.5,0.5,0.5,0,0.0,3.393558161082484,3.393558161082484,0.08108109207385493,0.08108109207385493,0.0,0.0,Add a birdhouse nightstand behind a cartoon double bed. Arrange a cartoon double bed behind a birdhouse nightstand.
bedroom,5e024c0f-0bca-4074-ac77-4b72a7629d0a_MasterBedroom-1069,1,1,0.0,1.0,0.0,1.0,1,2.9883073893288854,2.959849244046585,0.38894469978696616,0.07242232304999985,0.07242232304999985,0.0,0.0,Place a black and white nightstand with two drawers right of a grey and brown double bed.
bedroom,5e7daec3-6980-46cc-855d-8465774001a4_MasterBedroom-113,1,1,0.0,1.0,0.0,1.0,1,3.8043373282895363,3.8056133440639406,0.46152047939474433,0.0,0.0,0.0,0.0,Place a nightstand behind a nightstand with drawers and a shelf.
bedroom,5f27b15d-9586-47a1-9875-075c68a95b05_SecondBedroom-48968,2,2,0.0,1.0,0.0,1.0,1,1.7433426150557314,2.56826561061455,0.40780838786428825,0.0,0.0,0.0,0.0,"Arrange a black computer desk with a monitor and keyboard right of a nightstand. Additionally, place a black and white double bed to the left of a black computer desk with a monitor and keyboard."
bedroom,61a0705d-2f6b-4086-a80d-4b06a42fc876_MasterBedroom-9222,1,1,1.0,1.0,1.0,1.0,0,0.0,0.4198266146800995,0.4198266146800995,0.07973464168800007,0.07973464168800007,0.0,0.0,Place a black nightstand with two drawers behind a black and white striped single bed.
bedroom,61b7fad2-bbac-4728-a5e1-c574cfcf14e6_Bedroom-32051,1,1,1.0,1.0,1.0,1.0,0,0.0,0.07377245201419469,0.07377245201419469,0.0,0.0,0.0,0.0,Arrange a blue and white kids bed right of a wardrobe.
bedroom,651c37ce-c0cd-47c6-843f-3aa192235e39_MasterBedroom-86835,1,1,1.0,1.0,1.0,1.0,0,0.0,0.18141889975059777,0.18141889975059777,0.086167035177,0.086167035177,0.0,0.0,Set up a black double bed with cover and pillow in front of a grey and black square wardrobe.
bedroom,651c37ce-c0cd-47c6-843f-3aa192235e39_SecondBedroom-86888,1,1,0.0,1.0,0.0,1.0,1,1.3260967403482309,1.0070426905720964,0.16480119388413772,0.0019131001210000028,0.0019131001210000028,0.0,0.0,Arrange a wooden nightstand with a hole to the left of a wooden wardrobe with doors and drawers.
bedroom,66f99d38-f9b7-4bb0-a646-314f6228059d_MasterBedroom-9583,2,2,1.0,1.0,1.0,1.0,0,0.0,0.9186524640931177,0.9186524640931177,0.0006646966563918336,0.0006646966563918336,0.0,0.0,"Set up a blue and white single bed behind an office desk with a drawer. Finnally, set up a blue and white single bed behind an office desk with a drawer."
bedroom,67574e8b-f5a4-463f-bc05-f3e8a2cc0cb9_SecondBedroom-8823,2,1,1.0,1.0,1.0,1.0,0,0.0,0.4059302532214827,0.4059302532214827,0.171198165121,0.171198165121,0.0,0.0,"Arrange a black and grey double bed with pillows below a pendant lamp. Finnally, position a black and grey double bed with pillows left of a black and grey nightstand with a drawer."
bedroom,6799c7da-4248-4fa1-9d6d-c8acf521a414_SecondBedroom-13218,2,2,0.0,1.0,0.0,1.0,2,4.061187509443968,4.871342501642219,0.49734250113327616,0.011904680384097683,0.0,0.0,0.0,Arrange a black tv stand with a bottle of wine right of a nightstand. Add a double bed in front of a gray nightstand with a handle.
bedroom,6a8ad1d5-8c81-49bf-a752-fbe9448ff3b1_MasterBedroom-36389,2,1,0.0,0.0,0.0,0.0,0,0.0,5.0013865917010705,5.0013865917010705,0.0039616905744871795,0.0039616905744871795,0.0,0.0,Position a nightstand with drawers right of a black and white pendant lamp with blades. Set up a double bed with a drawer and a shelf below a pendant lamp.
bedroom,6a8ad1d5-8c81-49bf-a752-fbe9448ff3b1_SecondBedroom-36408,2,1,0.5,1.0,0.0,1.0,1,2.877807465837268,2.6848505717181843,0.35139563699638493,0.0030249745597500178,0.0030249745597500178,0.0,0.0,"Add a grey and black striped double bed below a ceiling lamp. Then, put a double bed behind a pendant lamp with a network of dots."
bedroom,6c600c25-ede9-4ae7-8e1e-46bf11d80227_SecondBedroom-7635,2,2,0.5,0.5,0.5,0.5,0,0.0,5.08811748323679,5.08811748323679,0.0,0.0,0.0,0.0,"Arrange a grey wardrobe with two doors behind a desk with a tray and a phone. Finnally, arrange a double bed with a doll to the right of a chair."
bedroom,6f969906-b789-4a47-a930-008d35ca0458_Bedroom-1541,2,1,1.0,1.0,1.0,1.0,0,0.0,0.14684117319799467,0.14684117319799467,0.07669133262399998,0.07669133262399998,0.0,0.0,"Arrange a double bed behind a wardrobe. Next, put a grey double bed with headboard and pillows below a brown ceiling lamp with a circular fan."
bedroom,728e0c2c-98f5-49dd-8947-7f1a37c8887f_Bedroom-11202,1,0,1.0,1.0,0.0,0.0,0,0.0,0.025130759935579904,0.025130759935579904,0.07180217124451402,0.07180217124451402,0.0,0.0,Place a grey circular ceiling lamp with three containers above a blue and white double bed.
bedroom,74eafabd-fe9b-4f87-81f4-5af7f0b566ff_Bedroom-26487,1,1,0.0,1.0,0.0,1.0,1,3.0305504328977944,2.99538754749311,0.36866605194773533,0.15934553655299996,0.0,0.0,0.0,Put a black corner side table with a square top in front of a grey double bed with sheets and pillows.
bedroom,762446b3-fdac-48d0-8044-7e965421f6fd_Bedroom-691,1,1,1.0,1.0,1.0,1.0,0,0.0,0.10692959561772328,0.10692959561772328,0.08397948110399993,0.08397948110399993,0.0,0.0,Arrange a white wardrobe with doors and drawers right of a black and white double bed.
bedroom,7696025a-291f-4b22-911b-beb13c4b598d_SecondBedroom-14817,1,1,1.0,1.0,1.0,1.0,0,0.0,0.2792189688370665,0.2792189688370665,0.25306183582400005,0.25306183582400005,0.0,0.0,Set up a wardrobe to the left of a black and white double bed.
bedroom,787e7cd0-14ab-420d-8862-b1d45ea47725_MasterBedroom-30192,1,1,0.0,1.0,0.0,1.0,1,1.215359574436446,1.2257211327969242,0.21251685012321045,0.02996270675946247,0.17621057483096264,0.0,0.0,Set up a black wardrobe with doors and drawers behind a lounge chair with a pillow.
bedroom,7b48d192-1ac0-406c-af41-800853de2d7f_Bedroom-41491,1,1,0.0,1.0,0.0,1.0,1,1.1192969531422412,0.18653605197828105,0.13931563437706895,0.04120900000000003,0.0,0.0,0.0,Put a gray dining chair closely behind a black ceiling lamp with a lid.
bedroom,7b8b173c-2354-4bdc-9321-93ad43796020_MasterBedroom-49865,2,2,1.0,1.0,1.0,1.0,0,0.0,0.7303758653244484,0.7303758653244484,0.0,0.0,0.0,0.0,"Add a nightstand with drawers to the right of a grey and black double bed. Finnally, set up a grey and black double bed left of a nightstand with drawers."
bedroom,7c2e62e7-ab51-4900-bfdc-1932415fb295_MasterBedroom-16450,2,2,0.0,1.0,0.0,1.0,1,3.188341446122998,4.457760111276502,0.6503370076892616,0.0,0.0,0.0,0.0,"Place a grey nightstand with a black handle right of a brown double bed with cover and pillow. Then, arrange a grey nightstand with a black handle left of a grey nightstand with a black handle."
bedroom,7cda1ed0-e923-4ace-bbfa-b9b5238d190e_SecondBedroom-14328,1,1,1.0,1.0,1.0,1.0,0,0.0,0.35375189435598087,0.35375189435598087,0.084307768164,0.084307768164,0.0,0.0,Add a wardrobe right of a grey double bed with yellow pillows.
bedroom,7d8f9ace-5704-4689-b135-4ece5fb32467_SecondBedroom-39108,1,0,1.0,1.0,0.0,0.0,0,0.0,0.001021982898980141,0.001021982898980141,0.00291995113994326,0.00291995113994326,0.0,0.0,Position a double bed below a black pendant lamp with dots.
bedroom,802ba6ac-c040-4f27-b843-8c47791d0383_MasterBedroom-19531,2,2,1.0,1.0,1.0,1.0,0,0.0,1.1763566259774987,1.1763566259774987,0.05258476068899999,0.05258476068899999,0.0,0.0,"Place a gray nightstand with a lid to the right of a black double bed with cover and pillow. Next, put a nightstand left of a gray nightstand with a lid."
bedroom,80d80e4a-197a-4bd5-9ed1-81c48786a321_Bedroom-74,2,1,0.5,1.0,0.0,1.0,1,1.003213079798532,0.9788866633986829,0.12538556957582384,0.07159135374999996,0.0,0.0,0.0,"Place a black wardrobe with doors and drawers to the right of a modern circular pendant lamp. Then, put a blue and white striped double bed below a pendant lamp."
bedroom,810c7c5f-af5f-42f7-b64c-ecd80a5d253d_Bedroom-15856,1,1,1.0,1.0,1.0,1.0,0,0.0,0.4260116288189696,0.4260116288189696,0.042050014962476644,0.042050014962476644,0.0,0.0,Arrange a grey lounge chair with wooden legs to the right of a blue and white double bed with bedding and pillows.
bedroom,82a7d3a7-7fe0-4bfd-82b7-05c56353983c_MasterBedroom-3845,1,0,0.0,0.0,0.0,0.0,0,0.0,0.03098009901874998,0.03098009901874998,0.08851456862499996,0.08851456862499996,0.0,0.0,Set up a black coffee table with circular holes above a black and white double bed.
bedroom,86963bbe-7969-4632-a379-1cd39e2a69ab_MasterBedroom-14075,1,1,1.0,1.0,1.0,1.0,0,0.0,0.49438642953330186,0.49438642953330186,0.0,0.0,0.0,0.0,Add a black pendant lamp with glass bottles in front of a grey tv stand.
bedroom,86b8d631-2312-4e2f-82f7-de19d29a5f39_Bedroom-22495,1,0,1.0,1.0,0.0,0.0,0,0.0,0.08067952967588964,0.08067952967588964,0.23051294193111327,0.23051294193111327,0.0,0.0,Position a double bed below a pendant lamp with six lights and a metal frame.
bedroom,885bca04-679c-4098-a2d9-27885640ad28_MasterBedroom-22581,2,2,1.0,1.0,1.0,1.0,0,0.0,0.7970817160023822,0.7970817160023822,0.040166172176000006,0.040166172176000006,0.0,0.0,Add a desk to the right of a green and gray single bed. Arrange a black and silver computer desk to the near left of a grey dining chair with black legs.
bedroom,897f8b48-e266-4749-b1f8-f798ae0d7068_Bedroom-54381,1,1,0.0,1.0,0.0,1.0,1,4.058647559567988,4.058764127550854,0.4920377071481592,0.0,0.0,0.0,0.0,Add a black nightstand with drawers behind a black nightstand with drawers.
bedroom,905ccf24-697b-4bb5-8c53-def619d16327_Bedroom-5215,2,2,0.0,0.0,0.0,0.0,0,0.0,10.020871481344125,10.020871481344125,0.0596328038403576,0.0596328038403576,0.0,0.0,"Place a wardrobe with doors to the left of a dressing table with a mirror. Next, place a round dressing chair with glass top in front of a blue and white double bed."
bedroom,93b46a6a-9703-4487-a125-89972c1e6a4a_MasterBedroom-12479,1,1,0.0,0.0,0.0,0.0,0,0.0,5.0,5.0,0.0,0.0,0.0,0.0,Put a wooden tv stand with drawers to the right of a shelf.
bedroom,97980fab-7bf0-4887-9fa9-68cc9138c717_SecondBedroom-37794,2,2,0.5,0.5,0.5,0.5,0,0.0,5.163844562072989,5.163844562072989,0.018099498049939346,0.018099498049939346,0.0,0.0,"Place a brown dressing chair with a leather seat to the right of a yellow and white double bed. Next, place a dressing table behind a silver pendant lamp with six lights."
bedroom,98a1fc47-1484-4dd6-840b-da2d38206db2_SecondBedroom-69017,2,2,0.0,1.0,0.0,1.0,2,4.686106092753664,3.8398147035463066,0.5866843864277023,0.13056894370972277,0.04100472942075006,0.0,0.0,"Place a double bed behind a blue pillow and black frame stool. Then, position a double bed to the left of a blue wardrobe with doors and drawers."
bedroom,9e9c7c48-a631-4ded-a271-7dd697faf0dc_MasterBedroom-1615,1,0,1.0,1.0,0.0,0.0,0,0.0,0.0074275772867625055,0.0074275772867625055,0.021221649390750018,0.021221649390750018,0.0,0.0,Put a gray double bed with cover and pillows below a black metal pendant lamp with a hanging ball.
bedroom,9fc84985-1955-4003-83ef-43970b1418a2_MasterBedroom-8979,1,1,1.0,1.0,1.0,1.0,0,0.0,0.5761983711031204,0.5761983711031204,0.15839676327661584,0.15839676327661584,0.0,0.0,Position a double bed right of a wardrobe.
bedroom,a13cbe28-97b9-48de-b617-70d6f4f50943_MasterBedroom-6631,1,1,1.0,1.0,1.0,1.0,0,0.0,0.4157904017546489,0.4157904017546489,0.07973464168800007,0.07973464168800007,0.0,0.0,Put a gray wardrobe with a door in front of a round ceiling lamp.
bedroom,a19f2445-1678-4c98-a26d-fce8c3ee5320_MasterBedroom-58086,2,2,1.0,1.0,1.0,1.0,0,0.0,0.5184241742358209,0.5184241742358209,0.02122164939075003,0.02122164939075003,0.0,0.0,Set up a gray wardrobe in front of a grey double bed with pillows. And position a grey double bed with pillows behind a gray wardrobe.
bedroom,a35d3d15-332d-4e0c-833e-3c1c476edddc_MasterBedroom-34041,1,1,1.0,1.0,1.0,1.0,0,0.0,0.7576320546023835,0.7576320546023835,0.17789519521350017,0.17789519521350017,0.0,0.0,Add a black pendant lamp with glass shades in front of a nightstand.
bedroom,a44fb825-f9fd-4e1a-beb5-da0322f81ed0_MasterBedroom-63654,1,1,0.0,1.0,0.0,1.0,1,1.3017430112969859,1.3011221112920817,0.16120916135563831,0.0,0.0,0.0,0.0,Put a nightstand to the right of a wooden nightstand with a hole.
bedroom,a4515359-59cb-46d6-9914-c54de45598a5_Bedroom-21085,1,1,1.0,1.0,1.0,1.0,0,0.0,0.7485976261793602,0.7485976261793602,0.07973464168800004,0.07973464168800004,0.0,0.0,Hang a brown circular ceiling lamp in front of a modern nightstand with two drawers.
bedroom,a4f761bc-191d-4d56-b2f5-01f9de5716bd_Bedroom-13675,1,1,0.0,0.0,0.0,0.0,0,0.0,5.034837389437354,5.034837389437354,0.09953539839244076,0.09953539839244076,0.0,0.0,Set up a black curved table with a black cover left of a wardrobe.
bedroom,a591afd1-fc8b-4224-a2bf-b36ecb44aa18_MasterBedroom-32488,2,2,0.5,0.5,0.5,0.5,0,0.0,5.3754685571573075,5.3754685571573075,0.1592692438416219,0.1592692438416219,0.0,0.0,Set up a console table with doors and drawers in front of a double bed. Add a pendant lamp with metal cups in front of a wooden dressing table with a drawer and a mirror.
bedroom,a6704fd9-02c2-42a6-875c-723b26a8048a_MasterBedroom-45545,1,1,0.0,1.0,0.0,1.0,1,1.1853346049107367,1.0599745941074339,0.17804874892881398,0.10427449366826641,0.08802456097007308,0.0,0.0,Set up a black pendant lamp with crystals to the right of a wardrobe with doors.
bedroom,ad428fbd-a2cf-4693-a858-e5e64ba48026_Bedroom-18759,1,1,0.0,1.0,0.0,1.0,1,1.9354959974858952,1.0856684187656997,0.28345536591281995,0.1319881320414643,0.1319881320414643,0.0,0.0,Add a black wooden wardrobe with doors and shelves to the left of a tv stand.
bedroom,af04306f-ef15-4b0a-ba75-1e499b3f3ccd_MasterBedroom-29436,2,2,0.5,1.0,0.5,1.0,2,5.032729236820773,2.826281885754361,0.6490963562358036,0.18989243496826239,0.10048242233517438,0.0,0.0,"Arrange a wardrobe left of a brown tv stand with glass doors. Finnally, add a brown tv stand with glass doors behind a pendant lamp."
bedroom,b090fa20-9b1c-4c5e-bcc4-e83c44cc84c2_Bedroom-15797,1,1,1.0,1.0,1.0,1.0,0,0.0,0.5326516877177643,0.5326516877177643,0.039667462912999996,0.039667462912999996,0.0,0.0,Position a grey and green children cabinet with drawers in front of a kids bed.
bedroom,b0fe48b1-d6b1-4854-ba04-111d22289522_MasterBedroom-13658,1,0,1.0,1.0,0.0,0.0,0,0.0,0.04555677841938026,0.04555677841938026,0.13016222405537217,0.13016222405537217,0.0,0.0,Place a black and gray ceiling lamp above a double bed.
bedroom,b13a4874-00a4-49a5-aa2d-e22d7d864b56_Bedroom-53437,1,1,1.0,1.0,1.0,1.0,0,0.0,0.3555949488387078,0.3555949488387078,0.02842194494930897,0.02842194494930897,0.0,0.0,Put a black metal-framed wardrobe with a door to the left of a black flower pendant lamp.
bedroom,b1fb2628-f260-4bee-8db1-6f4f10520a09_MasterBedroom-1096,2,1,0.5,1.0,0.0,1.0,1,2.7570857376151006,1.0632391017765086,0.3651395005482753,0.08368346295560941,0.08368346295560941,0.0,0.0,"Put a blue and white double bed with pillows below a black pendant lamp with a led light and a frame. Additionally, position a cabinet with shelves and a plant in front of a gray dressing table with a mirror and shoes."
bedroom,b28bad76-991d-4a95-9a37-2934374109e8_Bedroom-20397,1,1,1.0,1.0,1.0,1.0,0,0.0,0.5502907532914445,0.5502907532914445,0.028244842175699482,0.028244842175699482,0.0,0.0,Arrange a black and white double bed right of a black pendant lamp with metal rods.
bedroom,b2e0b670-b308-4817-b3b6-2a8b7312c18f_SecondBedroom-6261,2,1,1.0,1.0,1.0,1.0,0,0.0,0.19542157880257538,0.19542157880257538,0.17490420428400005,0.17490420428400005,0.0,0.0,"Hang a black circular pendant lamp with a metal frame in front of a grey wardrobe with drawers. Then, set up a double bed below a pendant lamp."
bedroom,b3560738-2e83-4f6f-9528-3f0a00c4c3b0_SecondBedroom-9923,1,1,1.0,1.0,1.0,1.0,0,0.0,0.35972069430082504,0.35972069430082504,0.09488527756629449,0.09488527756629449,0.0,0.0,Place a black and brown tv stand with drawers in front of a black double bed with cover and pillow.
bedroom,b45897de-6fe4-421c-b292-dfc31f3880ec_Bedroom-38427,1,1,1.0,1.0,1.0,1.0,0,0.0,0.47359110310641617,0.47359110310641617,0.11909536112828,0.11909536112828,0.0,0.0,Hang a black ceiling lamp with glass bulbs to the right of a nightstand.
bedroom,b84c594f-2408-4197-ada7-d058f6620cf3_SecondBedroom-48379,2,2,0.5,0.5,0.5,0.5,0,0.0,5.002375605526565,5.002375605526565,0.0,0.0,0.0,0.0,Position a pendant lamp with hanging balls behind a desk. And place a blue and white double bed with bedding and pillows in front of a wooden wardrobe with shelves and drawers.
bedroom,be762422-6294-499e-96fa-038dced9f5a8_Bedroom-74674,1,0,0.0,0.0,0.0,0.0,0,0.0,0.0,0.0,0.0,0.0,0.0,0.0,Position a wooden pendant lamp with a wooden shade above a blue and gray double bed.
bedroom,c15e5b24-87ea-4729-a648-e406f048a25b_MasterBedroom-41843,2,2,0.5,1.0,0.5,1.0,1,1.3017858967450904,1.3474626778546783,0.45199755016668547,0.0,0.0,0.0,0.0,"Add a wooden wardrobe with glass doors closely behind a nightstand. Finnally, set up a gray double bed with brown pillows in front of a grey armchair."
bedroom,c1d1893e-86a3-4a1f-a0bb-1b5104461b5a_MasterBedroom-21047,1,1,1.0,1.0,1.0,1.0,0,0.0,0.07931747235041281,0.07931747235041281,0.07481997094993932,0.07481997094993932,0.0,0.0,Set up a pink and white double bed left of a wardrobe.
bedroom,c3a81890-b4f1-4944-96a1-318dff7f3980_MasterBedroom-34469,2,2,0.0,1.0,0.0,1.0,2,5.116784161458817,5.627498190674468,0.67585958287335,0.0,0.14812995285226296,0.0,0.0,"Put a wooden wardrobe with a circular door right of a grey and black double bed. Finnally, set up a wardrobe to the right of a dressing table with mirror."
bedroom,c3a81890-b4f1-4944-96a1-318dff7f3980_SecondBedroom-35274,2,1,1.0,1.0,1.0,1.0,0,0.0,0.17375291654465502,0.17375291654465502,0.0,0.0,0.0,0.0,"Arrange a pendant lamp above a double bed. Next, put a wardrobe behind a black and white double bed."
bedroom,c45c5b4c-5fca-43b2-9770-02cd174f24c2_SecondBedroom-66007,2,2,1.0,1.0,1.0,1.0,0,0.0,0.34296838762320037,0.34296838762320037,0.03966746291299996,0.03966746291299996,0.0,0.0,"Place a desk in front of a black and brown metal frame ceiling lamp. Then, set up a black double bed with cover and pillow to the right of a wardrobe with a door and drawers."
bedroom,c83c564f-ceb1-4cd0-b171-7eb26a283b24_MasterBedroom-6907,2,2,0.5,1.0,0.5,1.0,1,1.5913869778188723,1.175469099057728,0.4878783505703313,0.04203001305581641,0.09718631287781637,0.0,0.0,Set up a blue double bed with wooden headboard to the left of a grey metal stool. Place a grey metal stool to the right of a nightstand.
bedroom,ca0bdaff-4e3a-4677-a328-cfab693b37c4_MasterBedroom-9302,2,2,0.5,1.0,0.5,1.0,1,2.9842553513843026,2.9414802547901773,0.8425011316436066,0.0,0.0,0.0,0.0,"Add a grey double bed with headboard and pillows in front of a black and blue stool with a cover. Next, put a double bed left of a nightstand with three drawers."
bedroom,cb300b0a-3072-44a1-9f4d-dd75497ab9c5_MasterBedroom-3151,2,1,1.0,1.0,1.0,1.0,0,0.0,0.4972007719497522,0.4972007719497522,0.07848446917500003,0.07848446917500003,0.0,0.0,"Arrange a pendant lamp above a grey and brown double bed. Finnally, place a black and white pendant lamp with balls to the left of a wooden nightstand with a drawer."
bedroom,cbaa2bb7-048d-4939-9d36-77379f49cb98_SecondBedroom-13281,2,2,0.5,0.5,0.5,0.5,0,0.0,3.395721508134618,3.395721508134618,0.0,0.0,0.0,0.0,"Add a nightstand with drawers right of a blue and gray double bed. Then, arrange a blue and gray double bed to the right of a nightstand."
bedroom,ceabd33a-d3dd-4500-9f44-a65fb285bff2_MasterBedroom-74105,2,2,0.5,1.0,0.5,1.0,1,2.904776268002948,3.237170109462149,0.7085059597325314,0.2615543688054512,0.0,0.0,0.0,"Add a grey and brown double bed behind a brown and black wardrobe. Next, position a grey and brown double bed left of a nightstand."
bedroom,d099aa82-c37c-4c77-aa35-26f02862f55b_Bedroom-837,1,1,1.0,1.0,1.0,1.0,0,0.0,0.6085623901692142,0.6085623901692142,0.07611500686633736,0.07611500686633736,0.0,0.0,Set up a black nightstand with a drawer to the right of a wardrobe with drawers and doors.
bedroom,d3fec60e-f8d0-4cfe-abd8-041d0db2d509_SecondBedroom-24075,1,1,1.0,1.0,1.0,1.0,0,0.0,0.3906605326489701,0.3906605326489701,0.08570287554276074,0.08570287554276074,0.0,0.0,Set up a black pendant lamp with a shade behind a gray nightstand with two drawers.
bedroom,d8f50afc-d93f-49f8-9170-b7b9fe880152_Bedroom-22570,1,1,1.0,1.0,1.0,1.0,0,0.0,0.31698241281057604,0.31698241281057604,0.10921422374989787,0.10921422374989787,0.0,0.0,Place a silver and white pendant lamp with branches behind a nightstand with a lamp.
bedroom,db1bb23c-a728-4e9e-97b8-e98ffa8cb31b_MasterBedroom-40255,1,0,1.0,1.0,0.0,0.0,0,0.0,0.043298317685516764,0.043298317685516764,0.12370947910147648,0.12370947910147648,0.0,0.0,Set up a blue and white double bed below a black pendant lamp.
bedroom,dc270b69-a104-4f96-8676-e13d62b66cc0_SecondBedroom-9594,1,1,0.0,1.0,0.0,1.0,1,1.1645040702702552,1.1612200167820186,0.14822321371639932,0.033669574266436804,0.009950643668481968,0.0,0.0,Add a chair to the near right of a desk.
bedroom,dc80719c-65f0-4662-a25c-ce747612ed07_MasterBedroom-18517,2,2,0.0,0.0,0.0,0.0,0,0.0,10.028177070601094,10.028177070601094,0.0805059160031279,0.0805059160031279,0.0,0.0,"Position a coffee table closely in front of a chair. Next, install a modern pendant lamp with a metal ball in front of a blue lounge chair with a metal frame."
bedroom,e0f35822-09d8-453c-bf87-55f85387ad17_MasterBedroom-116808,1,1,1.0,1.0,1.0,1.0,0,0.0,0.3315352534017033,0.3315352534017033,0.19860659365275007,0.19860659365275007,0.0,0.0,Set up a grey and black double bed with headboard behind a grey nightstand with a drawer.
bedroom,e1bfc1be-b96b-43a3-9485-01a1ff78d9da_MasterBedroom-34912,2,2,0.5,0.5,0.5,0.5,0,0.0,5.188157307254363,5.188157307254363,0.16654009755325733,0.16654009755325733,0.0,0.0,"Position a wardrobe with clothes right of a grey double bed with headboard and pillows. Additionally, position a cabinet in front of a pendant lamp with metal cups."
bedroom,e2f3aa79-e130-445e-8773-b697ab77d9b8_SecondBedroom-3960,2,2,0.5,1.0,0.5,1.0,1,1.3063823970376023,1.7606174847691862,0.7035847519415384,0.253061835824,0.253061835824,0.0,0.0,"Position a gray wardrobe with doors and a drawer to the right of a grey and white nightstand with a magazine. Then, set up a nightstand behind a black single bed with a white sheet."
bedroom,e544c131-df87-4e5e-b889-75e6b89ae007_MasterBedroom-17206,2,2,0.0,0.0,0.0,0.0,0,0.0,10.0,10.0,0.0,0.0,0.0,0.0,Put a black and gold tv stand with drawers to the left of a double bed. Position a brown dining chair with a bar stool in front of a silver pendant lamp with six lights.
bedroom,e5a6fc8c-aaa9-460b-bab3-8fcd9aaaf6e2_MasterBedroom-109561,1,1,1.0,1.0,1.0,1.0,0,0.0,0.5731455167599097,0.5731455167599097,0.03132050255099999,0.03132050255099999,0.0,0.0,Set up a wardrobe behind a grey tv stand with drawers.
bedroom,e5afb85b-f9b0-48dc-9fa6-cdd46d3193b6_SecondBedroom-30334,2,2,0.5,1.0,0.5,1.0,1,3.6847615511342307,3.970657753458319,0.9972553776215933,0.0,0.0,0.0,0.0,"Position a gray wardrobe with a door right of a grey single bed with a white pillow. Finnally, place a gray wardrobe with a door behind a brown nightstand with drawers."
bedroom,e859dbc0-b994-41be-8d51-9857389a0a74_Bedroom-54233,2,2,1.0,1.0,1.0,1.0,0,0.0,0.5154425729279025,0.5154425729279025,0.08851456862499996,0.08851456862499996,0.0,0.0,"Position a grey dressing table with a mirror in front of a black double bed with cover and pillow. Then, arrange a grey dressing table with a mirror closely to the left of a dressing chair."
bedroom,e8f14d6c-c37d-4ad2-9cf9-cdd57cdfe2b1_Bedroom-17102,1,1,1.0,1.0,1.0,1.0,0,0.0,0.3797277186393367,0.3797277186393367,0.0,0.0,0.0,0.0,Set up a gray wardrobe with shelves and drawers behind a double bed.
bedroom,ea107e07-4507-4189-aa07-445d944d5fce_MasterBedroom-40319,1,1,0.0,1.0,0.0,1.0,1,0.958507726488101,1.3186066022168161,0.44712481430248785,0.0979769401649546,0.020786339526129054,0.0,0.0,Place a black and white pendant lamp with a metal frame to the left of a double bed.
bedroom,eb41d9bd-e372-479c-9dc9-ea9f738bf9c4_MasterBedroom-28978,1,1,1.0,1.0,1.0,1.0,0,0.0,0.16219168930925604,0.16219168930925604,0.2503161715284866,0.2503161715284866,0.0,0.0,Put a grey and black double bed with headboard behind a wooden wardrobe with a strip of wood.
bedroom,ec8a5215-83a6-4325-ad7e-176c9c6f450f_MasterBedroom-392,2,1,0.5,1.0,0.0,1.0,1,1.311985997951099,1.093114783733128,0.1624383197541319,0.0,0.0,0.0,0.0,"Put a nightstand with two drawers to the left of a wooden wardrobe with a curtain. Then, place a brown and black double bed with a comforter below a silver circular ceiling lamp."
bedroom,ed41e047-ee12-4f00-8add-0ee6b95d1585_MasterBedroom-3712,2,2,0.5,1.0,0.5,1.0,1,1.1911000080726146,1.301055069879048,0.2907014588116156,0.06794854123331924,0.1610869990207499,0.0,0.0,"Place a black dining chair with a black frame behind a black pendant lamp with dots. Next, add a black pendant lamp with dots in front of an office desk with drawers."
bedroom,ef17e0e8-f83d-466e-9a2c-096d97599757_MasterBedroom-1446,1,1,0.0,1.0,0.0,1.0,1,0.6753851526063022,0.6840135310228761,0.10401251759733572,0.05133228367022705,0.05133228367022705,0.0,0.0,Place a black plastic stool with holes right of a black pendant lamp with a white shade.
bedroom,f0f07050-6651-4075-b2b2-5922d677247e_SecondBedroom-6847,1,1,0.0,0.0,0.0,0.0,0,0.0,5.0950169350806505,5.0950169350806505,0.27147695737328714,0.27147695737328714,0.0,0.0,Arrange a pink and white hello kitty children cabinet to the left of a kids bunk bed with ladder and bed.
bedroom,f7a3bd11-edb2-41ee-b15c-79730eba86b1_MasterBedroom-12183,1,1,0.0,0.0,0.0,0.0,0,0.0,5.037548994673869,5.037548994673869,0.10728284192533935,0.10728284192533935,0.0,0.0,Set up a wooden coffee table with two boxes right of a desk with a drawer and a shelf.
bedroom,f9b7f141-b314-441a-8d8d-ba7a0227a483_Bedroom-8136,2,1,1.0,1.0,1.0,1.0,0,0.0,0.25282921882739184,0.25282921882739184,0.03484540163380899,0.03484540163380899,0.0,0.0,"Add a circular ceiling lamp above a double bed. Then, position a circular ceiling lamp behind a wooden wardrobe with doors."
bedroom,fd2905d1-64c4-4550-a118-3a5a9881c093_MasterBedroom-24714,2,2,0.5,1.0,0.5,1.0,1,0.8760565366833571,1.0533900429353429,0.2785011281452432,0.0,0.0,0.0,0.0,"Position a pendant lamp in front of a wardrobe. Finnally, put a blue double bed with wooden headboard right of a black and gold tv stand with drawers."
bedroom,ff507d6c-aab0-476e-9f58-1f765cb8956e_Bedroom-13858,1,1,1.0,1.0,1.0,1.0,0,0.0,0.3618260958932853,0.3618260958932853,0.0,0.0,0.0,0.0,Add a yellow and white double bed to the right of a nightstand.
bedroom,ffd98024-7200-429e-8b9a-1234a5937826_MasterBedroom-118,1,0,1.0,1.0,0.0,0.0,0,0.0,0.06655464413675001,0.06655464413675001,0.19015612610500005,0.19015612610500005,0.0,0.0,Position a brown double bed with headboard and pillows below a black and gold pendant lamp with four lights.
livingroom,0047c3ab-951b-4182-9082-b9fbf099c142_LivingDiningRoom-2065,1,1,0.0,1.0,0.0,1.0,1,0.47224046764545996,0.5329902308826009,0.19223235270392863,0.016389270104876546,0.0,0.0,0.0,Place a black round dining table with a circular base closely behind a dining chair.
livingroom,00ecd021-64bb-4bc4-b754-1796d2a12965_LivingDiningRoom-84752,1,1,1.0,1.0,1.0,1.0,0,0.0,0.21066204043570277,0.21066204043570277,0.014654324939910939,0.014654324939910939,0.0,0.0,"Place a multi seat sofa in front of a gray dining chair. Next, put a tv stand right of a gray multi-seat sofa with pillows."
livingroom,016e8e9e-143b-4f12-9679-3ca930a1b6d6_LivingDiningRoom-34678,1,1,0.0,1.0,0.0,1.0,1,3.6076919828386522,3.456784534038721,0.46486363642818845,0.07697313853585767,0.07697313853585767,0.0,0.0,Set up a black corner side table with a round top behind a black coffee table.
livingroom,0220df39-8356-4ba5-8f26-4f385afa2cae_LivingRoom-37659,0,0,0.0,0.0,0.0,0.0,0,0.0,0.017581690974908595,0.017581690974908595,0.050233402785453136,0.050233402785453136,0.0,0.0,Add a grey armchair with a pillow to the left of a grey multi-seat sofa with pillows.
livingroom,04f0aee8-b117-434b-bcd2-a78766f49106_LivingDiningRoom-14873,1,0,1.0,1.0,0.0,0.0,0,0.0,0.06530593729082611,0.06530593729082611,0.18658839225950316,0.18658839225950316,0.0,0.0,Place a pendant lamp with metal rods above a wooden dining chair.
livingroom,07ad11b9-796b-46b0-8ad5-6ff44ad7c945_LivingRoom-1520,0,0,0.0,0.0,0.0,0.0,0,0.0,0.0,0.0,0.0,0.0,0.0,0.0,"Position a patterned dining chair behind a multi-seat sofa with pillows. Additionally, set up a multi-seat sofa with pillows to the left of a black tv stand with holes."
livingroom,08c22a05-81e2-41f4-8e22-c707aa082bdd_LivingRoom-17951,1,0,1.0,1.0,0.0,0.0,0,0.0,0.011129006624400003,0.011129006624400003,0.03179716178400001,0.03179716178400001,0.0,0.0,Put a metal pendant lamp with a hanging rod above a black coffee table with drawers.
livingroom,0967e330-aa37-41d5-af14-04c9e8ea820c_LivingDiningRoom-629,2,2,0.5,0.5,0.5,0.5,0,0.0,5.623317408993197,5.623317408993197,0.026949539049109305,0.026949539049109305,0.0,0.0,"Place an l shaped sofa behind a grey marble desk. Then, position a wine cabinet with shelves in front of a lounge chair."
livingroom,0ab72fdf-ba1b-4df5-8df2-6efcfa7bb53a_LivingRoom-71071,2,2,0.5,1.0,0.5,1.0,1,2.897814365837867,3.0721461293759846,0.4945899492167854,0.04141206907039678,0.03491953445824138,0.0,0.0,"Put a tv stand to the left of a black and white pendant lamp with a metal frame. Finnally, add a grey tv stand with drawers behind a green upholstered dining chair."
livingroom,0b6a7b14-07ce-4276-b2e7-a17d9e0b7a9d_LivingDiningRoom-2954,1,1,1.0,1.0,1.0,1.0,0,0.0,0.5777790981863956,0.5777790981863956,0.0,0.0,0.0,0.0,Arrange a black dining table with wooden top in front of a black bookshelf with compartments.
livingroom,0be73303-6270-482d-be06-528c07da02fb_LivingDiningRoom-1701,2,1,1.0,1.0,1.0,1.0,0,0.0,0.22316642765092065,0.22316642765092065,0.060136176410275244,0.060136176410275244,0.0,0.0,"Add a pendant lamp in front of a brown tv stand. Finnally, place a black circular dining table below a pendant lamp."
livingroom,0c1f82d4-6aa2-401f-ae0d-f053a024aa3b_LivingDiningRoom-248,2,1,0.5,1.0,0.0,1.0,1,1.387597371041884,1.2159345204053915,0.22040443417865324,0.051971498430634644,0.13969357043893482,0.0,0.0,"Arrange a black dining table with four legs to the left of a dining chair. Finnally, install a black pendant lamp with a shade above a dining table."
livingroom,0c537cc6-59c6-46d1-a865-f5424003bc48_LivingDiningRoom-270,2,2,0.5,1.0,0.5,1.0,1,0.8435340423377015,1.2875555790254418,0.19518633059853474,0.0,0.0,0.0,0.0,Place a dining table to the right of a coffee table. Put a coffee table left of a black dining chair with a black frame.
livingroom,0eb7a684-6a4e-4e9f-807c-c0e0384deb3d_LivingDiningRoom-48663,1,1,1.0,1.0,1.0,1.0,0,0.0,0.32321750917627007,0.32321750917627007,0.1265852957825501,0.1265852957825501,0.0,0.0,Position a tv stand to the right of a black and white tufted stool with silver studs.
livingroom,0f126d75-6db7-48fb-a514-909ecbe11964_LivingDiningRoom-21832,1,1,0.0,1.0,0.0,1.0,1,2.0380375626129665,2.0047655662576425,0.2652823788457505,0.16196156718030194,0.04490820380627018,0.0,0.0,Add a blue dining table with a wooden top behind a blue plaid upholstered dining chair. Place a metal corner side table to the left of a blue multi-seat sofa.
livingroom,0f2b5258-2413-47c4-bbf6-106a74c1e1da_LivingDiningRoom-9790,0,0,0.0,0.0,0.0,0.0,0,0.0,0.06880737834249998,0.06880737834249998,0.19659250954999996,0.19659250954999996,0.0,0.0,Set up a floral multi-seat sofa left of a coffee table.
livingroom,0f5b9b03-c5f7-4172-9386-4805616025b5_LivingDiningRoom-20097,2,2,0.5,1.0,0.5,1.0,1,3.4013439117667543,3.572844884635639,0.6681392744934362,0.18820324700253205,0.18820324700253205,0.0,0.0,"Set up a grey and white tv stand with drawers behind a black coffee table with a lid. Then, arrange a black coffee table with a lid right of a black corner side table with a round base."
livingroom,113df359-12ee-4a36-ac63-b342d827e117_LivingDiningRoom-15768,2,2,0.5,1.0,0.5,1.0,1,1.675149920594118,2.43503733436482,0.9729177113057897,0.09428912181022725,0.10310905373263919,0.0,0.0,"Set up a brown dining table with metal legs left of a black lounge chair with a white base. Then, set up a red pendant lamp with a handle behind a black bookshelf with shelves and a drawer."
livingroom,129c9a2a-f789-4cd0-82c0-2b6d5293c45f_LivingDiningRoom-32392,0,0,0.0,0.0,0.0,0.0,0,0.0,0.035864465944561996,0.035864465944561996,0.10246990269874857,0.10246990269874857,0.0,0.0,Put a black and white marble coffee table right of a blue multi-seat sofa with pillows.
livingroom,12d084a8-6632-472a-af65-32e7109e5783_LivingRoom-791,0,0,0.0,0.0,0.0,0.0,0,0.0,0.05327850433891461,0.05327850433891461,0.1522242981111846,0.1522242981111846,0.0,0.0,"Set up a grey multi-seat sofa with pillows behind a black and white plant stand with five pots. Next, arrange a grey multi-seat sofa with pillows behind a dining chair."
livingroom,14e7aa9f-8774-40f4-b786-c042aecb27ff_LivingRoom-24046,1,1,0.0,0.0,0.0,0.0,0,0.0,5.038648294965586,5.038648294965586,0.11042369990167573,0.11042369990167573,0.0,0.0,"Arrange a brown leather lounge chair to the left of an l shaped sofa. Additionally, set up a blue l-shaped sofa with pillows right of a brown leather lounge chair."
livingroom,157620f5-804d-4fb4-ac22-bfd514951c74_LivingDiningRoom-3376,2,2,0.5,0.5,0.5,0.5,0,0.0,5.080133432355045,5.080133432355045,0.0069303660494978705,0.0069303660494978705,0.0,0.0,"Position a wooden dining table with a round base closely in front of a wooden dining chair with a wooden seat. Then, arrange a plant-filled bookshelf to the right of a wooden dining table with a round base."
livingroom,16190659-dff5-4ef7-a96f-eb2b71f88a2a_LivingDiningRoom-5119,2,2,0.0,1.0,0.0,1.0,2,5.663125494485204,5.72970748410954,0.7848905724719577,0.14052461048118475,0.1962507646112777,0.0,0.0,"Arrange a wooden dining table with a wooden base closely in front of a green dining chair. Additionally, arrange a gray loveseat sofa with pillows to the right of a grey tv stand."
livingroom,168c24cf-f3fd-41bd-b5f5-348edb6358c7_LivingDiningRoom-13594,2,2,0.5,0.5,0.5,0.5,0,0.0,5.313077717037102,5.313077717037102,0.25379994260482897,0.25379994260482897,0.0,0.0,Add a dining chair behind a black chaise longue sofa with a blanket. And arrange a dining table behind a black chaise longue sofa with a blanket.
livingroom,173d8bac-a580-4cfc-9138-2a27aa020f52_LivingDiningRoom-14618,1,0,1.0,1.0,0.0,0.0,0,0.0,0.08992817821920585,0.08992817821920585,0.25693765205487384,0.25693765205487384,0.0,0.0,Put a black dining table with a square base below a pendant lamp.
livingroom,177baa22-21a7-4d8b-91df-a6934117160c_LivingRoom-13599,1,0,1.0,1.0,0.0,0.0,0,0.0,0.053937279524799944,0.053937279524799944,0.15410651292799984,0.15410651292799984,0.0,0.0,Put a pendant lamp with five lamps and a white shade above a wooden coffee table with carved legs.
livingroom,181ecd38-5ccd-45e9-a7ec-2c79f5b58e07_LivingDiningRoom-13945,2,2,0.0,1.0,0.0,1.0,2,4.307048782383043,3.3906878337248156,0.5268458538859652,0.0,0.0,0.0,0.0,Arrange a black and white stool with a white top behind a black and brown tv stand with drawers. And add a pendant lamp right of a black coffee table.
livingroom,181fa1b2-dd7a-43c3-b09c-163924bb37de_LivingDiningRoom-758,2,2,0.5,1.0,0.5,1.0,1,0.9241257019683518,1.1954040542569608,0.5676180913928575,0.12223451509146732,0.12186643590873875,0.0,0.0,"Place a brown and grey tv stand cabinet behind a dining chair. Additionally, set up a brown coffee table with metal legs to the left of a tv stand."
livingroom,184286fb-3558-40bc-b090-e79e5b8e6fec_LivingDiningRoom-9995,2,2,0.0,1.0,0.0,1.0,2,2.5800151298287113,2.6049404967246157,0.37621338509380375,0.11728499226562629,0.10365180178091637,0.0,0.0,"Add a pendant lamp right of a black plastic dining table. Then, add a multi seat sofa in front of a dining chair."
livingroom,18abc0cb-4f4c-41fe-9faa-77bba613b781_LivingDiningRoom-698,2,2,0.0,1.0,0.0,1.0,2,6.432092342622296,5.593139604378414,0.8686058500720323,0.18823225861938886,0.24787076844959074,0.0,0.0,"Put a black and white circular pendant lamp to the right of a multi seat sofa. Then, put an armchair right of a black leather dining chair with wooden seat."
livingroom,1aad0aaa-7604-45eb-91db-8482b861b803_LivingDiningRoom-20425,2,2,1.0,1.0,1.0,1.0,0,0.0,0.6415599727542636,0.6415599727542636,0.25493044318056557,0.25493044318056557,0.0,0.0,"Add a gray marble coffee table with two legs right of a corner side table with a round top. Then, put a multi seat sofa to the right of an armchair."
livingroom,1bd5e2a8-54f7-4f90-ade4-2ea965db13c2_LivingDiningRoom-27644,1,1,1.0,1.0,1.0,1.0,0,0.0,0.2777316046340936,0.2777316046340936,0.06421775094589995,0.06421775094589995,0.0,0.0,Arrange an l shaped sofa closely behind a coffee table.
livingroom,1cc0fd55-1c5a-4885-a2de-f30c6d387353_LivingRoom-33324,2,2,0.0,1.0,0.0,1.0,2,3.532580131452667,2.2555145573599447,0.9536886433001658,0.7378702800515309,0.4084626198558862,0.0,0.0,"Position a black flower pendant lamp to the right of a brown loveseat sofa with a wooden frame. Finnally, set up a tv stand right of a lounge armchair."
livingroom,1d849540-8c29-45dc-a3c8-e086c1d31788_LivingRoom-30147,1,1,0.0,1.0,0.0,1.0,1,1.1373118465352345,1.1475187765458044,0.16161825552950582,0.027461565660838957,0.05754523984365065,0.0,0.0,Arrange a loveseat sofa to the right of a tv stand.
livingroom,1f5872d3-0ec8-49f7-a821-d660c794ea4a_LivingDiningRoom-11325,2,2,0.0,1.0,0.0,1.0,2,3.9704654750513644,3.887156355561228,0.8256761921191367,0.1465854417769797,0.07752874653160235,0.0,0.0,"Set up a grey and brown wooden desk in front of a black plastic dining table. Finnally, add a black dining chair with a frame behind a black plastic dining table."
livingroom,23608ced-9c2c-4d17-b7a8-4e3656d2acca_LivingDiningRoom-21234,2,2,0.0,0.5,0.0,0.5,2,1.363504120212948,3.394497277393673,1.6815449577072434,0.16192703794768487,0.16192703794768487,0.0,0.0,Place a dining chair to the close right of a dining table. And add a dining table behind a grey dining chair with wooden legs.
livingroom,23a5fa77-0aa5-45f4-8399-3265005b1def_LivingDiningRoom-106046,2,1,0.0,0.0,0.0,0.0,0,0.0,5.01932547398993,5.01932547398993,0.05521563997122837,0.05521563997122837,0.0,0.0,"Set up a brass pendant lamp with five lights above a marble dining table with two legs and a marble top. Finnally, add a marble dining table with two legs and a marble top to the close left of a black leather dining chair."
livingroom,24caaf37-afd3-4cc9-84b5-f27e9cf84d8a_LivingDiningRoom-35029,0,0,0.0,0.0,0.0,0.0,0,0.0,0.01475192432215548,0.01475192432215548,0.04214835520615852,0.04214835520615852,0.0,0.0,Set up a multi-seat sofa with pillows in front of a beige and black tufted stool. And arrange a beige and black tufted stool right of a multi-seat sofa with pillows.
livingroom,258b12fb-08e1-43df-a3dd-d88793d32621_LivingDiningRoom-35273,1,1,1.0,1.0,1.0,1.0,0,0.0,0.41836697880447105,0.41836697880447105,0.18144200867227536,0.18144200867227536,0.0,0.0,"Put an armchair left of a coffee table. Finnally, arrange a silver flower coffee table runner closely behind a multi-seat sofa with pillows."
livingroom,2a954c43-f0a7-446d-8f1b-769b28adfdf8_LivingDiningRoom-7363,2,2,0.0,0.5,0.0,0.5,1,1.3823179391716758,6.414114110042069,5.187583635123679,0.09160816367982266,0.04772994978022463,0.0,0.0,Place a modern black dining table closely behind a wooden lounge chair with a cushion. Put a grey coffee table with a wooden top behind a stool.
livingroom,2aabe005-d9d1-4b73-80a2-21fa2fad8c6f_LivingRoom-29294,1,1,1.0,1.0,1.0,1.0,0,0.0,0.1981077108321462,0.1981077108321462,0.035208606432416974,0.035208606432416974,0.0,0.0,Arrange a coffee table with drawers and a black base to the right of a cushioned chaise longue sofa with pillows.
livingroom,33253f91-fb29-4a9e-aec7-42e3cf96b25a_LivingDiningRoom-107,1,1,0.0,1.0,0.0,1.0,1,0.4121011678285057,0.4752545039474333,0.1602721229848054,0.04849877875969823,0.0,0.0,0.0,Put a wooden dining table with a round base to the near right of a checkered dining chair.
livingroom,35033c21-ccdb-4e41-b701-f5df9e0d90d7_LivingDiningRoom-12058,1,1,0.0,0.0,0.0,0.0,0,0.0,5.0271472787664555,5.0271472787664555,0.07756365361844493,0.07756365361844493,0.0,0.0,Put a dark brown dining table behind a black loveseat sofa with a black cushion.
livingroom,36c2c33b-73f2-47d5-881e-2fa359198b9a_LivingDiningRoom-35401,1,1,0.0,1.0,0.0,1.0,1,1.6039779180799059,1.7166480896478693,0.29751253582637693,0.04201520298557802,0.010218041201577975,0.0,0.0,Add a metal pendant lamp with a hanging rod in front of a black and silver coffee table with a metal base.
livingroom,3a55f775-fc7c-4c6f-ab9f-59e31c04e093_LivingRoom-35085,1,1,1.0,1.0,1.0,1.0,0,0.0,0.04516943646435749,0.04516943646435749,0.050533560846787465,0.050533560846787465,0.0,0.0,Add a black marble coffee table with a black base to the right of a black and white tv stand with drawers.
livingroom,3abf3ff3-5ba9-439d-b4c8-49a9e3c11556_LivingRoom-25582,2,2,0.5,1.0,0.5,1.0,1,1.2412708395478365,1.4250891272041537,0.46331364305442535,0.0,0.0,0.0,0.0,"Place a modern console table with a sink to the right of a loveseat sofa. Then, position a dining chair closely in front of a dining table."
livingroom,3c47589f-313d-4bac-abee-830161a278f0_LivingDiningRoom-109935,2,2,0.0,1.0,0.0,1.0,1,1.9421762193784229,3.00708474911814,0.7245590569346827,0.2586275101818025,0.2586275101818025,0.0,0.0,"Add a grey tv stand with a drawer in front of a grey dining table with a metal base. Then, set up a grey dining table with a metal base behind a gray marble coffee table with two legs."
livingroom,3dc195aa-0a30-440e-bf84-5f1995ec1c3f_LivingDiningRoom-1419,2,2,0.0,1.0,0.0,1.0,2,6.040586897986196,6.064342061363751,0.7618198743167609,0.2739132395821346,0.07699841873833556,0.0,0.0,"Position a grey dining table with a base behind a brown wooden ceiling lamp with a lid. Then, position a white marble coffee table behind a grey and white tv stand with drawers."
livingroom,3ec1f433-e612-4509-9e52-8fa062b2aaa2_LivingDiningRoom-1050,0,0,0.0,0.0,0.0,0.0,0,0.0,0.07532911734409356,0.07532911734409356,0.21522604955455304,0.21522604955455304,0.0,0.0,Position a multi-seat sofa with pillows in front of a wooden dining chair.
livingroom,3fc88ba8-7ea3-4653-892f-83667812c78a_LivingDiningRoom-76396,1,1,0.0,1.0,0.0,1.0,1,1.9378871169056318,1.5726992644939062,0.3465601351406992,0.05329556967793722,0.05329556967793722,0.0,0.0,Place a gray loveseat sofa with pillows behind a corner side table with a square top and a hole in the middle.
livingroom,401a9c00-571c-491d-a2c6-2201b964ca79_LivingDiningRoom-18728,0,0,0.0,0.0,0.0,0.0,0,0.0,0.08846066845772219,0.08846066845772219,0.2527447670220634,0.2527447670220634,0.0,0.0,Hang a grey pendant lamp with a black shade to the right of a multi-seat sofa with pillows.
livingroom,43907bbc-4b39-4f1a-8747-3287c8bce690_LivingDiningRoom-46747,1,1,0.0,0.0,0.0,0.0,0,0.0,5.019155484481919,5.019155484481919,0.05472995566262462,0.05472995566262462,0.0,0.0,Set up a black and white striped coffee table in front of a round corner side table with black vases.
livingroom,47230ba1-5a12-450a-80da-80527cc31c35_LivingDiningRoom-6087,2,2,0.0,0.5,0.0,0.5,1,2.5400831398224923,7.549473353829174,5.309809976778699,0.0060350198483677155,0.0,0.0,0.0,Place a brown wooden tv stand behind a wooden dining chair with a wooden seat. And hang a ceiling lamp to the left of a loveseat sofa.
livingroom,48171257-b69e-42e8-8e03-8b5d0d49241f_LivingDiningRoom-18089,1,1,0.0,1.0,0.0,1.0,1,1.267479444990201,1.3256177479727231,0.2036338132089124,0.20859554625686066,0.13296079945739514,0.0,0.0,"Arrange a black dining table with metal plates closely in front of a black dining chair with a black seat. Additionally, set up a black pendant lamp with a shade above a black l-shaped sofa with a chaise."
livingroom,4abcb667-c57f-4d8f-940a-d964152329d5_LivingDiningRoom-11771,2,2,0.0,1.0,0.0,1.0,2,5.334430550708494,4.222524222905977,0.7784008865983179,0.44403560506435313,0.3664834871808532,0.0,0.0,"Put a black dining table with a metal base in front of a black dining chair with a grey seat. Additionally, add a wine cabinet with shelves and drawers behind a black dining table with a metal base."
livingroom,4b18584d-3740-40f7-b344-5fbd98858ed8_LivingRoom-88425,2,2,0.5,0.5,0.5,0.5,0,0.0,5.353112362820471,5.353112362820471,0.5244692799399558,0.5244692799399558,0.0,0.0,Place a loveseat sofa left of a blue tv stand with drawers. And set up a black dining table with metal plates closely right of a dining chair.
livingroom,4b54eac7-33c2-4f5a-9fa4-44bda75d881e_LivingDiningRoom-19270,2,2,0.0,1.0,0.0,1.0,2,6.305437520924526,3.8619613842293194,0.7776452187450855,0.05754603216397263,0.03140776066897851,0.0,0.0,Put a black dining table with a black top in front of a lounge chair. And position a corner side table behind a black loveseat sofa.
livingroom,4d8b6b63-f624-42c9-8442-4e7bfeb7e2f9_LivingDiningRoom-20298,2,2,0.0,0.0,0.0,0.0,0,0.0,10.137667814705768,10.137667814705768,0.39333661344505033,0.39333661344505033,0.0,0.0,"Place a loveseat sofa to the right of a lounge chair with a pillow. Additionally, position a green leather loveseat sofa with pillows right of a pendant lamp with glass shades."
livingroom,4f2012c0-ec3b-4fff-9cd4-68c37fe42ea1_LivingDiningRoom-54384,2,1,1.0,1.0,1.0,1.0,0,0.0,0.07473907186903515,0.07473907186903515,0.15555116326189927,0.15555116326189927,0.0,0.0,"Add a pendant lamp above a black dining table with metal plates. Finnally, place a black coffee table with a lid in front of a tv stand."
livingroom,4f96ac65-dfa8-4186-bf66-48b3b01f9e6d_LivingDiningRoom-10362,2,2,0.5,1.0,0.5,1.0,1,1.6106083315933037,1.8262515760149973,0.5523300711469199,0.08126060205774145,0.4812939840751616,0.0,0.0,"Put a modern tv stand with drawers and a shelf behind a black loveseat sofa with a frame. Additionally, put a modern tv stand with drawers and a shelf behind a coffee table with two drawers."
livingroom,51e5a27e-717c-4194-b4c7-ebb8ed877c12_LivingDiningRoom-6843,2,2,1.0,1.0,1.0,1.0,0,0.0,0.5634396944960253,0.5634396944960253,0.29947251145887044,0.29947251145887044,0.0,0.0,"Add a grey lounge chair with black legs behind a black and gray loveseat sofa with pillows. Finnally, place a coffee table in front of a grey lounge chair with black legs."
livingroom,531c8742-d3b6-43eb-a56a-39b620e70500_LivingDiningRoom-1744,1,1,1.0,1.0,1.0,1.0,0,0.0,0.21854586224154018,0.21854586224154018,0.392158339518534,0.392158339518534,0.0,0.0,"Set up a black and white marble tv stand with a black frame to the right of a coffee table. Next, put a gray multi-seat sofa with a blue pillow left of a black and brown pendant lamp with a light."
livingroom,5385105a-4574-4afe-a14c-4f520b27494c_LivingDiningRoom-60607,1,1,0.0,0.0,0.0,0.0,0,0.0,5.01566007467603,5.01566007467603,0.04474307050294382,0.04474307050294382,0.0,0.0,Put a black and brown tv stand with drawers behind a wooden corner side table.
livingroom,53ac3d02-ed9a-4d4e-8982-e1b44dc8d5ec_LivingDiningRoom-19339,1,0,1.0,1.0,0.0,0.0,0,0.0,0.046187369186199916,0.046187369186199916,0.1319639119605712,0.1319639119605712,0.0,0.0,Set up a black pendant lamp with black balls above a black coffee table with two shelves.
livingroom,5493b6a0-cd82-4236-8814-1001e9c5b9cf_LivingDiningRoom-77544,1,1,1.0,1.0,1.0,1.0,0,0.0,0.5195371619725346,0.5195371619725346,0.11276076264332066,0.11276076264332066,0.0,0.0,Arrange a black stool with a blanket left of a blue plaid upholstered dining chair.
livingroom,54b6b469-8aa3-4d5d-a285-977f75fc4212_LivingDiningRoom-14976,0,0,0.0,0.0,0.0,0.0,0,0.0,0.011714026771547066,0.011714026771547066,0.03346864791870591,0.03346864791870591,0.0,0.0,Arrange a multi-seat sofa with pillows left of a tv stand with a sofa and a table.
livingroom,56ef3577-9ca2-43b9-8971-47d6c88e1008_LivingDiningRoom-35769,0,0,0.0,0.0,0.0,0.0,0,0.0,0.0986066961884854,0.0986066961884854,0.2817334176813869,0.2817334176813869,0.0,0.0,Position a gray multi-seat sofa with a wooden frame right of a grey lounge chair with a pillow.
livingroom,577c772f-369a-46ae-85ed-bf392426180f_LivingRoom-1097,1,1,0.0,0.0,0.0,0.0,0,0.0,5.021611995197194,5.021611995197194,0.06174855770626858,0.06174855770626858,0.0,0.0,"Put a black corner side table with a lamp and a picture right of a gray multi-seat sofa with pillows. Then, position a wooden coffee table with a plant left of a black and white armchair with a frame."
livingroom,57b535e1-49e2-46f0-a54d-a3e50fe9c413_LivingDiningRoom-2729,1,1,0.0,0.0,0.0,0.0,0,0.0,5.075710040438084,5.075710040438084,0.21631440125166837,0.21631440125166837,0.0,0.0,Position a dining table closely behind a white lounge chair with a brown pillow. And add a white multi-seat sofa with pillows behind a black coffee table with drawers.
livingroom,58bc5a5b-c6b3-4228-8a1f-718788f40ecc_LivingDiningRoom-27164,0,0,0.0,0.0,0.0,0.0,0,0.0,0.1216480680123877,0.1216480680123877,0.347565908606822,0.347565908606822,0.0,0.0,Place a black l-shaped sofa with a pillow to the right of a black coffee table with two legs.
livingroom,58c205ff-e76d-4941-80a4-44d46b10bf8e_LivingDiningRoom-262051,0,0,0.0,0.0,0.0,0.0,0,0.0,0.07582164811180502,0.07582164811180502,0.21663328031944293,0.21663328031944293,0.0,0.0,Arrange a multi-seat sofa with pillows left of a white armchair with a pillow.
livingroom,5a70accd-61ca-45d0-86cb-ded3e35c85f3_LivingDiningRoom-19784,1,1,0.0,1.0,0.0,1.0,1,2.150787609066272,2.31392433197607,0.3453514184897806,0.44974345345500866,0.23501972971950866,0.0,0.0,"Position a koala dining chair in front of a white pendant lamp with two blades. Additionally, hang a white pendant lamp with two blades to the left of a loveseat chesterfield sofa."
livingroom,5d522173-3fc1-4964-898d-48ab76e67f4d_LivingDiningRoom-10493,0,0,0.0,0.0,0.0,0.0,0,0.0,0.06742504917830412,0.06742504917830412,0.1926429976522975,0.1926429976522975,0.0,0.0,Add a black multi-seat sofa with a wooden frame behind a black ornate corner side table.
livingroom,5dc561df-3712-44ec-9344-5e629f2098eb_LivingDiningRoom-3484,1,1,0.0,1.0,0.0,1.0,1,2.0248251505581885,1.5759147796102526,0.2760889074949019,0.10542718623692215,0.08031396979405517,0.0,0.0,Position a coffee table to the right of a tv stand with drawers.
livingroom,5e1cf772-2618-4b24-bf20-8670d2fea4e9_LivingRoom-23405,1,1,1.0,1.0,1.0,1.0,0,0.0,0.6217610733531764,0.6217610733531764,0.06791307593646197,0.06791307593646197,0.0,0.0,Position a brown console table with holes to the right of a brown dining table.
livingroom,5e44b2a9-66ec-4d5b-adf0-c87ab69cc93c_LivingRoom-3797,1,1,1.0,1.0,1.0,1.0,0,0.0,0.5612821510210732,0.5612821510210732,0.041954959473759566,0.041954959473759566,0.0,0.0,Add a black dining chair with a frame behind a black and gold tv stand with doors.
livingroom,6064cd7d-6922-4b76-bdb6-08f50aea6097_LivingRoom-50084,2,2,0.0,1.0,0.0,1.0,2,4.486943986046429,2.8404936978830806,0.5633556400008606,6.577735671785168e-06,0.042635319072254735,0.0,0.0,Add a wooden tv stand with drawers left of a corner side table. And place a brown stool with a hole right of a wooden tv stand with drawers.
livingroom,60e4b558-623a-4459-860e-5954f41d4b22_LivingRoom-1772,1,1,0.0,1.0,0.0,1.0,1,0.9393670131242124,0.6773044247500254,0.16314638222996375,0.12977811615730933,0.12977811615730933,0.0,0.0,"Arrange a gray metal stool with holes left of a gray multi-seat sofa with a wooden frame. Next, add a dining chair to the close left of a dining table."
livingroom,613b2c63-66ba-4643-b4d3-c6a4f34d62a9_LivingRoom-30098,2,2,0.5,1.0,0.5,1.0,1,1.0379262718902706,1.2865524733447695,0.39795738056259183,0.0,0.0,0.0,0.0,"Position a pendant lamp to the right of a multi seat sofa. Then, place a gray armchair with a black frame in front of a coffee table with a chess board."
livingroom,620192ba-29c5-4d21-a924-5393d0d8f4fa_LivingRoom-3540,2,2,0.0,0.5,0.0,0.5,1,1.8107192844405553,6.61852432714011,5.423103156423424,0.024790298387324664,0.06122660840670571,0.0,0.0,"Set up a black armchair with a black seat and back behind a loveseat sofa. Additionally, position a black corner side table with a drawer in front of a black coffee table with a gray top."
livingroom,62773068-a0a2-4ed0-b85c-84a9a353d18a_LivingDiningRoom-2583,2,2,0.0,0.5,0.0,0.5,1,5.3938186896218365,10.471498316324608,5.694964533267562,0.23166955398427636,0.12201797289411516,0.0,0.0,"Arrange a multi seat sofa left of a grey tv stand with drawers and wooden legs. Next, position a gray armchair with a black frame in front of a modern dining table with a metal base and a wooden top."
livingroom,62fd38a2-1ef7-4791-9f77-86a35ca36c10_LivingRoom-68491,1,1,1.0,1.0,1.0,1.0,0,0.0,0.407702390397629,0.407702390397629,0.2127646980735327,0.2127646980735327,0.0,0.0,"Arrange a multi-seat sofa with pillows behind an oval coffee table. Next, arrange a multi seat sofa to the right of a brown leather lounge chair."
livingroom,66d24a27-e8dd-42e5-b5bb-ef4723829b54_LivingRoom-22102,2,1,0.0,0.0,0.0,0.0,0,0.0,5.0,5.0,0.0,0.0,0.0,0.0,"Hang a black metal pendant lamp with a hanging ball above a black coffee table with a wooden top. Finnally, set up a black leather armchair behind a black coffee table with a wooden top."
livingroom,6b5bb08d-7e14-4206-8014-685580c674b1_LivingDiningRoom-2106,1,1,0.0,0.0,0.0,0.0,0,0.0,5.0,5.0,0.0,0.0,0.0,0.0,Put a bookshelf with books to the left of a grey coffee table with wooden legs.
livingroom,6be7ef9a-98d9-4d32-8b0c-c0d2b1ca3bbe_LivingRoom-38721,1,0,0.0,0.0,0.0,0.0,0,0.0,0.03517227479711981,0.03517227479711981,0.10049221370605661,0.10049221370605661,0.0,0.0,Add a wooden ceiling lamp with a white circle above a loveseat sofa.
livingroom,6e356720-39a8-4843-874d-a71efc4fb1ff_LivingRoom-2159,0,0,0.0,0.0,0.0,0.0,0,0.0,0.020933436937410923,0.020933436937410923,0.05980981982117407,0.05980981982117407,0.0,0.0,Arrange a multi-seat sofa with pillows to the right of a gray stool with black legs.
livingroom,6ee84dec-417f-4fba-ad4f-1f91d7589cf0_LivingDiningRoom-4056,1,1,1.0,1.0,1.0,1.0,0,0.0,0.3967729964422238,0.3967729964422238,0.10526518560728906,0.10526518560728906,0.0,0.0,Place a multi seat sofa behind a coffee table.
livingroom,70441a13-34cb-4927-a0b9-e5fa771da509_LivingRoom-1618,1,1,1.0,1.0,1.0,1.0,0,0.0,0.406470881208809,0.406470881208809,0.4501457608281796,0.4501457608281796,0.0,0.0,Set up a black dining table with wood top to the near left of a koala dining chair.
livingroom,70e4c0ab-9ca2-4542-96fd-9355e048db91_LivingDiningRoom-25795,0,0,0.0,0.0,0.0,0.0,0,0.0,0.0,0.0,0.0,0.0,0.0,0.0,Place a multi-seat sofa with pillows behind a black and white pendant lamp with hanging balls.
livingroom,71cc3390-7abf-4be5-a2e9-8673e556538a_LivingDiningRoom-5087,2,2,0.0,0.5,0.0,0.5,1,1.0222444021841455,5.5423097667861105,5.141883546988842,0.0,0.04061205350498406,0.0,0.0,Place a grey upholstered dining chair with black legs to the close left of a black and white pendant lamp with beads. Position a dining chair closely behind a wooden coffee table with carved legs.
livingroom,73818192-7ca3-4161-8cf1-ca3e5e51b1ab_LivingDiningRoom-62037,1,0,1.0,1.0,0.0,0.0,0,0.0,0.040354533761970776,0.040354533761970776,0.11529866789134509,0.11529866789134509,0.0,0.0,"Put a dining table in front of a gray l-shaped sofa with a chaise. Additionally, set up a coffee table below a black pendant lamp hanging."
livingroom,73ed0b77-ba5b-4c11-9bf4-a776d8290144_LivingDiningRoom-113,1,1,0.0,1.0,0.0,1.0,1,1.4905728967264638,1.5224077198173878,0.21773857286044163,0.09468988812178775,0.0967709292950458,0.0,0.0,Put a dining table to the close right of a dining chair.
livingroom,74b36472-5e84-4950-93fa-faf2292e35a8_LivingDiningRoom-37024,1,1,1.0,1.0,1.0,1.0,0,0.0,0.5113707097811925,0.5113707097811925,0.42736738413474096,0.42736738413474096,0.0,0.0,Add a black coffee table with flowers behind a brown loveseat sofa with pillows.
livingroom,74ed0339-0753-45b6-9caf-d5f494122e24_LivingDiningRoom-9272,2,2,0.0,0.0,0.0,0.0,0,0.0,10.012416131239803,10.012416131239803,0.035474660685151156,0.035474660685151156,0.0,0.0,"Install a black and white ceiling lamp to the right of a wine cabinet with shelves. Next, arrange a black round-top stool right of a black and white ceiling lamp."
livingroom,7511f0b9-0076-44e5-9d86-1100ce3ddf14_LivingDiningRoom-134680,1,1,0.0,1.0,0.0,1.0,1,3.3187187611412288,3.3452919973699062,0.4298044163283511,0.06993856232329268,0.07588047140400987,0.0,0.0,"Set up a multi-seat sofa with pillows right of a black dining chair with a black seat. Finnally, put an armchair to the left of a coffee table."
livingroom,78f54b4e-5031-4aa4-bd58-6a287cd64dc3_LivingDiningRoom-17657,1,1,0.0,1.0,0.0,1.0,1,1.5279216634810862,1.0956449973568512,0.237867277731182,0.14147622318129047,0.14147622318129047,0.0,0.0,Arrange a black and white tv stand in front of a dining table.
livingroom,79090604-70df-47d2-98e7-62087f358e6e_LivingDiningRoom-15199,1,1,1.0,1.0,1.0,1.0,0,0.0,0.24227221597625664,0.24227221597625664,0.09628249014948366,0.09628249014948366,0.0,0.0,Put a wooden tv stand with drawers right of a pendant lamp.
livingroom,7ab9613a-1489-4fd4-8bb5-cdef94c6ca1b_LivingRoom-11224,0,0,0.0,0.0,0.0,0.0,0,0.0,0.07292876542357822,0.07292876542357822,0.2083679012102235,0.2083679012102235,0.0,0.0,Add a multi-seat sofa with pillows left of a ceiling lamp.
livingroom,7cb2b1ac-1751-4ed8-95af-588764071f9e_LivingRoom-13136,1,0,0.0,0.0,0.0,0.0,0,0.0,0.06795503794705526,0.06795503794705526,0.19415725127730077,0.19415725127730077,0.0,0.0,Add a black plastic dining table below a silver and white pendant lamp with branches.
livingroom,7cbabe0c-5239-4e90-95cb-5c79adb0ede6_LivingDiningRoom-76216,2,2,0.5,0.5,0.5,0.5,0,0.0,1.5751881383336177,1.5751881383336177,0.09674774438080774,0.09674774438080774,0.0,0.0,"Position a black marble dining table with two legs closely behind a dining chair. Next, add a black marble dining table with two legs closely in front of a tufted dining chair."
livingroom,80261497-c204-4078-8155-a0a435138c70_LivingDiningRoom-9530,1,1,0.0,1.0,0.0,1.0,1,1.3957136428693433,1.5448010738171893,0.423774297004559,0.15253452822750008,0.07626726411375004,0.0,0.0,Put a black and silver lounge chair to the right of a dining table.
livingroom,82d13473-977b-457d-9e8a-6604dfe72c89_LivingDiningRoom-8375,1,1,0.0,1.0,0.0,1.0,1,3.7117652118992277,3.736746668129059,0.49188816446577405,0.14333907381700453,0.11850382582247639,0.0,0.0,"Place a blue multi-seat sofa with pillows behind a corner side table. Next, place a black glass dining table with a metal base left of a coffee table."
livingroom,86b16b1f-1846-46bf-959b-1c7ae05b4ed6_LivingRoom-40975,1,1,0.0,0.0,0.0,0.0,0,0.0,5.0,5.0,0.0,0.0,0.0,0.0,Place a multi seat sofa behind a black coffee table with a hole.
livingroom,873270b6-6e93-44e8-8745-ef3076b4ba5a_LivingDiningRoom-13071,2,2,0.0,1.0,0.0,1.0,2,3.239436262402383,2.7166244830075965,0.41523107006587795,0.03712265697910206,0.04713919593597709,0.0,0.0,"Set up a black coffee table behind a black and brown tv stand with drawers. Finnally, arrange a black coffee table in front of a pendant lamp."
livingroom,876631f3-8f59-4a3b-bae1-8da99beff4c5_LivingRoom-6045,2,2,0.5,1.0,0.5,1.0,1,1.7829632991389397,2.2174869293428254,0.6594787261259453,0.28787212609565127,0.016406197067636113,0.0,0.0,"Place a loveseat sofa behind a lounge armchair. Then, position a tv stand to the right of a round metal coffee table with holes."
livingroom,878a346d-66ea-4807-8ee1-ce1bcc9080fa_LivingDiningRoom-7050,0,0,0.0,0.0,0.0,0.0,0,0.0,0.06478860305804321,0.06478860305804321,0.18511029445155205,0.18511029445155205,0.0,0.0,Put a black l-shaped sofa with a chaise below a black pendant lamp hanging.
livingroom,882b0669-0498-4ec9-8baf-2932c5c7112a_LivingRoom-2050,1,1,0.0,0.0,0.0,0.0,0,0.0,5.025327964734748,5.025327964734748,0.07236561352785006,0.07236561352785006,0.0,0.0,Set up a black lounge chair with an upholstered seat left of a coffee table with a horse and books.
livingroom,886fb316-5f1a-4050-9c7c-b001409a5b5b_LivingDiningRoom-491,1,1,1.0,1.0,1.0,1.0,0,0.0,0.40525470521584966,0.40525470521584966,0.33174745841944675,0.33174745841944675,0.0,0.0,Add a grey fabric dining chair closely in front of a black dining table with a metal base.
livingroom,8ab6793a-646c-494a-9cb1-b149d3e09cd7_LivingDiningRoom-3999,2,2,0.0,0.0,0.0,0.0,0,0.0,10.019071969038121,10.019071969038121,0.054491340108915334,0.054491340108915334,0.0,0.0,"Place a wine cabinet with shelves behind a bookshelf with books. Finnally, position a wine cabinet with shelves in front of a black dining chair with frame."
livingroom,8ac826bb-0229-443a-a9fc-fdc6ce7af073_LivingDiningRoom-13451,0,0,0.0,0.0,0.0,0.0,0,0.0,0.03893319944132319,0.03893319944132319,0.11123771268949482,0.11123771268949482,0.0,0.0,Add a grey dining chair with a wooden frame to the left of a clear multi-seat sofa with a clear cover.
livingroom,8ad8bd52-f739-4021-8ad9-9e02f2cb7456_LivingDiningRoom-1625,1,0,1.0,1.0,0.0,0.0,0,0.0,0.05831025308155586,0.05831025308155586,0.1666007230901596,0.1666007230901596,0.0,0.0,Arrange a black and white pendant lamp with black balls above a marble coffee table with a metal frame.
livingroom,8c57175b-106d-4aca-aed5-be16cf15d7e7_LivingDiningRoom-42284,0,0,0.0,0.0,0.0,0.0,0,0.0,0.05277375773817641,0.05277375773817641,0.15078216496621832,0.15078216496621832,0.0,0.0,Set up a gray multi-seat sofa with pillows to the left of a grey and brown wooden desk.
livingroom,8f39ace2-169e-4949-8fa0-08b22342f58d_LivingRoom-12271,1,1,1.0,1.0,1.0,1.0,0,0.0,0.5019358037760834,0.5019358037760834,0.03469100283927399,0.03469100283927399,0.0,0.0,Arrange an l shaped sofa left of a lazy sofa.
livingroom,905ccf24-697b-4bb5-8c53-def619d16327_LivingDiningRoom-6844,2,2,0.0,1.0,0.0,1.0,2,2.8144933105455223,2.8347281006772107,0.3477391972654626,0.05473367735113379,0.0,0.0,0.0,Set up a silver flower coffee table runner behind a multi seat sofa. Add a silver pendant lamp with five lamps behind a patterned dining chair.
livingroom,93f02a56-0d3b-41cc-b0f8-fbc572bf2869_LivingDiningRoom-52564,1,1,0.0,1.0,0.0,1.0,1,2.1376600719557417,1.7112856575516806,0.3045743523347468,0.12301469628587931,0.12301469628587931,0.0,0.0,Arrange a black and white marble corner side table with a black base behind a black tv stand with a handle.
livingroom,959d7224-db8a-4ce0-8dd6-8e17adbe719f_LivingRoom-423,1,1,1.0,1.0,1.0,1.0,0,0.0,0.2952379100771658,0.2952379100771658,0.33811933404809197,0.33811933404809197,0.0,0.0,Add a gray loveseat sofa with a black frame behind a black and white pendant lamp with a metal frame.
livingroom,96bc1382-7f9a-42ff-8937-f0175468d63f_LivingRoom-34874,1,1,1.0,1.0,1.0,1.0,0,0.0,0.6251769149828659,0.6251769149828659,0.027742393321264117,0.027742393321264117,0.0,0.0,"Position an l-shaped couch with a chaise below a black pendant lamp with hanging balls. Additionally, set up a grey concrete coffee table with a metal frame to the left of a pendant lamp."
livingroom,97089e6f-2c65-4a2a-96cf-6841c0a238f5_LivingDiningRoom-65030,1,1,0.0,1.0,0.0,1.0,2,2.653267798680989,1.8481867037882764,0.4113760708557342,0.1864368738986159,0.2513826714686158,0.0,0.0,Place a dining chair to the right of a black and brown dining table with black legs.
livingroom,9a0486c5-58e8-4a77-99de-9c4ea78d39d3_LivingDiningRoom-9632,1,1,1.0,1.0,1.0,1.0,0,0.0,0.43951115351006664,0.43951115351006664,0.11174877104212044,0.11174877104212044,0.0,0.0,Add a coffee table with a drawer and shelf closely to the left of a beige stool.
livingroom,9ac55129-3ec1-48eb-b7e1-0ad34ce5dd22_LivingRoom-860,1,1,0.0,1.0,0.0,1.0,1,1.5840343089107964,1.450286071515295,0.22569683532897045,0.14250800975308356,0.08746490931335675,0.0,0.0,Set up a wooden cabinet with a drawer behind a coffee table with a vase and flowers.
livingroom,9c164b35-f1f3-4ae5-bbfa-5003672ac1d8_LivingDiningRoom-8304,2,2,0.5,1.0,0.5,1.0,1,1.949462725845348,2.1186721458095867,0.8906418249711188,0.21680851315381144,0.27930857807144105,0.0,0.0,Place a grey corner side table with a wooden top in front of an armchair. And position a gray coffee table with a black top to the right of a multi seat sofa.
livingroom,9c20cc98-5aca-45b2-be1f-880f6959e5b2_LivingDiningRoom-4131,1,1,1.0,1.0,1.0,1.0,0,0.0,0.05790780871952027,0.05790780871952027,0.03527910807229354,0.03527910807229354,0.0,0.0,Set up a tv stand in front of a console table.
livingroom,9ec57030-6db6-4eb0-a0e1-5d1478906827_LivingDiningRoom-13962,2,2,0.5,1.0,0.5,1.0,1,1.4235957999219846,1.8341226716935894,0.5842602259595332,0.0,0.0,0.0,0.0,Place a black dining table with wooden top to the close left of a dining chair. Position a pendant lamp to the right of a loveseat sofa.
livingroom,a1d2b052-006c-402c-809f-269aa27fd81f_LivingDiningRoom-17672,1,1,1.0,1.0,1.0,1.0,0,0.0,0.2519142490320802,0.2519142490320802,0.0,0.0,0.0,0.0,Place a white dining chair with a black frame closely in front of a wooden dining table.
livingroom,a327b51f-5b13-410f-8acb-b2b564612600_LivingDiningRoom-77579,1,1,1.0,1.0,1.0,1.0,0,0.0,0.5396909790531542,0.5396909790531542,0.3247762665880537,0.3247762665880537,0.0,0.0,Position a black stool with a blanket in front of a brown and grey tv stand.
livingroom,a4824c35-ccb2-4e70-89c7-eda575054197_LivingDiningRoom-1538,2,2,0.0,0.5,0.0,0.5,1,1.8185078234661454,6.088472159025689,5.2289670064508265,0.011855881777112184,0.01641733609968387,0.0,0.0,Add a blue lounge chair left of a coffee table. And add a multi seat sofa behind a black pendant lamp with a shade.
livingroom,a6aa92c3-577b-4425-bad9-e9e01da85658_LivingRoom-41893,1,1,0.0,1.0,0.0,1.0,1,1.0949205497970158,0.9958328161018981,0.1436628111180024,0.03702581549379509,0.020778128978172813,0.0,0.0,Set up a black triangle coffee table with two legs to the right of a grey fabric dining chair.
livingroom,a7f64d89-c953-4ba9-bbd4-6f74eb69710b_LivingRoom-18042,1,1,0.0,1.0,0.0,1.0,1,1.8345740734412437,1.5078036608664491,0.24995735586610793,0.07088133443759627,0.07088133443759627,0.0,0.0,"Set up a pendant lamp with hanging bottles to the right of a console table with drawers and doors. Finnally, place a console table to the left of a multi-seat sofa with pillows."
livingroom,a9f95562-fcfa-4da6-bd23-d537e751d8b5_LivingDiningRoom-1201,0,0,0.0,0.0,0.0,0.0,0,0.0,0.011971661456581358,0.011971661456581358,0.03420474701880388,0.03420474701880388,0.0,0.0,Place a yellow multi-seat sofa to the left of a wooden corner side table with a pine cone on top.
livingroom,aba20980-69fd-436b-917a-5f1324e22852_LivingDiningRoom-26816,1,1,0.0,1.0,0.0,1.0,1,0.9485395228366484,1.2324286579237096,0.39384513946879784,0.04992422172853123,0.031175419224,0.0,0.0,Add a brown multi-seat sofa with pillows behind a corner side table with a pencil and a pen. And add an armchair to the close left of a brown dining table with two legs.
livingroom,ad0426db-a9e3-4428-989f-c2c38e1157c9_LivingDiningRoom-326,2,2,1.0,1.0,1.0,1.0,0,0.0,0.9239043300255397,0.9239043300255397,0.09502745482981316,0.09502745482981316,0.0,0.0,"Place a black dining table with marble top closely in front of a dining chair. Next, put an l shaped sofa in front of a coffee table."
livingroom,af43eb53-423d-4ef3-8498-d208d22b15de_LivingDiningRoom-128962,1,1,0.0,0.0,0.0,0.0,0,0.0,5.062889654611912,5.062889654611912,0.17968472746260705,0.17968472746260705,0.0,0.0,"Put a multi-seat sofa with pillows in front of a white lounge chair with a brown pillow. Then, place a black marble dining table with two legs right of a cabinet."
livingroom,b0a8d6bf-9a2a-4a9f-bdeb-a08fcc6bea11_LivingDiningRoom-57219,2,2,0.5,1.0,0.5,1.0,1,3.8105802777489735,1.2184570637272498,0.6752487882071581,0.21729691826364922,0.20985067771027716,0.0,0.0,Set up a wooden coffee table with a top and a base left of a corner side table. Place a metal corner side table in front of a grey dining table with a grey top.
livingroom,b2e0b670-b308-4817-b3b6-2a8b7312c18f_LivingDiningRoom-7096,2,2,0.5,1.0,0.5,1.0,1,1.501319010088527,1.518555359590924,0.32034675434751164,0.14914883450262725,0.07135096831696341,0.0,0.0,"Place a multi seat sofa closely behind a black pendant lamp with glass bottles. Additionally, position a black plastic dining table to the right of a black tv stand with drawers and a shelf."
livingroom,b3a256df-54e0-40c1-b04e-5ace4cccaddb_LivingDiningRoom-2917,2,2,0.5,1.0,0.5,1.0,1,1.287124276474689,1.0595588074133926,0.40998620471750485,0.11238299622868683,0.11238299622868683,0.0,0.0,"Place a black plastic dining table right of a modern grey and brown console table with doors. Then, add a multi seat sofa behind a dining table."
livingroom,b49f4f6e-cd07-43d7-aee0-3ded49597acb_LivingDiningRoom-43067,2,2,0.0,0.5,0.0,0.5,2,1.274574099184936,3.225269287625174,1.1410975097555216,0.19971888840000812,0.24499487105414283,0.0,0.0,Arrange a dining chair in front of a dining chair. And place a brown and beige dining chair closely in front of a brown and beige dining chair.
livingroom,b51e3da5-5d31-4511-882a-e841de457404_LivingDiningRoom-3428,2,1,0.5,1.0,0.0,1.0,1,3.0659805911829006,3.175784610875753,0.418904106392769,0.2564488024971389,0.13138981557377344,0.0,0.0,Put a black pendant lamp with hanging balls above a dark brown oval dining table with a pedestal base. Position a black pendant lamp with hanging balls right of a blue bookshelf with wine bottles and a bottle of wine.
livingroom,b580bfcb-0110-439d-b83b-bfd9caa431a2_LivingDiningRoom-535,1,1,0.0,1.0,0.0,1.0,1,1.256499840026656,1.2697245795830074,0.15577998080319871,0.035224723277395606,0.0,0.0,0.0,Set up a black leather dining chair to the near right of a dining table.
livingroom,b68b868f-5ed9-4917-b922-4d58ca68ed7d_LivingDiningRoom-45001,1,1,0.0,1.0,0.0,1.0,1,1.2952583795515151,1.427039634683338,0.19581464445361435,0.37579935413209287,0.10109611116409294,0.0,0.0,Put a black dining table with four legs to the near left of a black dining chair with a black seat.
livingroom,b6fbd17c-7013-4fed-802f-e7075cce8329_LivingDiningRoom-56789,1,1,0.0,1.0,0.0,1.0,1,1.1172555356318439,1.0344555147189463,0.13907066427582127,0.0,0.0,0.0,0.0,Position a pendant lamp closely behind a grey console table with black legs.
livingroom,b741b776-33dc-43b0-b33a-2a488c920045_LivingDiningRoom-50574,1,1,0.0,0.0,0.0,0.0,0,0.0,0.7045718249068625,0.7045718249068625,0.06646580819394392,0.06646580819394392,0.0,0.0,Position a gray console table with drawers in front of a coffee table.
livingroom,b9d17d23-66f0-445d-acb7-f11887cc4f7f_LivingDiningRoom-192367,1,1,0.0,1.0,0.0,1.0,1,1.479872845494711,1.5606461781076566,0.18977517665875976,0.2284071692906305,0.020544100569698426,0.0,0.0,Arrange a coffee table with headphones and a book behind a pendant lamp with a network of dots.
livingroom,bc3508cf-b422-480f-baa2-80fd11a6a11d_LivingDiningRoom-17385,2,2,0.0,1.0,0.0,1.0,1,1.025114487647889,2.211712016054324,0.5177762121479684,0.13077799905577026,0.0516074813134509,0.0,0.0,Put a silver flower coffee table runner right of a black marble dining table with two legs. Set up a patterned dining chair closely to the left of a dining table.
livingroom,bc51f3c3-2ed0-45da-9b28-18b6f6dfe677_LivingDiningRoom-2508,1,1,1.0,1.0,1.0,1.0,0,0.0,0.635523455950633,0.635523455950633,0.2089025674365355,0.2089025674365355,0.0,0.0,Place a multi seat sofa right of a wooden coffee table with a top and a base.
livingroom,bd786a9b-f4dc-4b95-8ec1-14f100ea8fa9_LivingDiningRoom-24540,2,2,0.0,0.0,0.0,0.0,0,0.0,1.635550744563356,1.635550744563356,0.2147237237355,0.2147237237355,0.0,0.0,Position a blue and brown dining table with a runner in front of a koala dining chair. And put a dining chair to the close left of a blue and brown dining table with a runner.
livingroom,be37ae8e-a3aa-4202-a812-9be187c941b5_LivingRoom-31397,2,2,0.5,0.5,0.5,0.5,0,0.0,5.257907263417993,5.257907263417993,0.3302261495042667,0.3302261495042667,0.0,0.0,Put a brown loveseat sofa with a wooden frame to the left of a black flower pendant lamp. And position a brown loveseat sofa with a wooden frame in front of a grey bookshelf with shelves.
livingroom,bfdec636-7f20-41f6-94c2-b110479f7123_LivingDiningRoom-65070,2,2,0.0,0.5,0.0,0.5,1,2.7697216436185728,6.061045317707059,5.338812893873458,0.1220693055643878,0.004132276112084103,0.0,0.0,"Arrange a dining table behind a metal corner side table. Finnally, add a stool behind a wooden coffee table with a top and a base."
livingroom,c05880a2-1426-4f4f-947a-cb0c2b43b913_LivingDiningRoom-14432,1,1,0.0,0.0,0.0,0.0,0,0.0,5.069498671307007,5.069498671307007,0.19856763230573385,0.19856763230573385,0.0,0.0,Arrange a black and brown dining table with black legs closely to the left of a black and brown dining table with black legs.
livingroom,c080c532-92bb-4d9e-a266-8556c7a06731_LivingDiningRoom-16314,2,2,0.0,1.0,0.0,1.0,2,1.8004777022040297,2.4457633293022756,0.8067782819660633,0.19206794804611305,0.031304171123862266,0.0,0.0,Put a silver and wood corner side table right of a black and gold pendant lamp with six lights. Install a black and gold pendant lamp with six lights right of a metal-based dining table with a wooden top.
livingroom,c0de5219-e186-4e77-9b84-394940d6460b_LivingRoom-5361,2,2,0.5,1.0,0.5,1.0,1,1.9738352636249339,1.9848577433162062,0.6777010803577178,0.0,0.0,0.0,0.0,"Add a coffee table left of an armchair. Then, position a black coffee table with round discs left of a wooden bookshelf with drawers."
livingroom,c13a4e1c-5ff3-4a9f-8f83-ba07d5b1a79f_LivingDiningRoom-12564,0,0,0.0,0.0,0.0,0.0,0,0.0,0.10026318043887056,0.10026318043887056,0.2864662298253445,0.2864662298253445,0.0,0.0,Arrange a black and white multi-seat sofa left of a gray dining chair with black legs.
livingroom,c14818d6-0797-4cb1-8218-432f76c8955d_LivingRoom-5655,1,1,1.0,1.0,1.0,1.0,0,0.0,0.22689165937773614,0.22689165937773614,0.2905286790570916,0.2905286790570916,0.0,0.0,Position a brown dining table with metal legs to the close right of a brown and beige dining chair.
livingroom,c1c65ebb-faa1-4a74-abd5-05959bc4e8d5_LivingDiningRoom-13047,1,1,0.0,1.0,0.0,1.0,1,1.4070842885391168,1.5524999868171698,0.41572818745640744,0.4146757285296321,0.4268306295267921,0.0,0.0,Put a metal-based dining table with a wooden top closely in front of a grey dining chair with wooden legs.
livingroom,c75712a9-38a0-4ae9-b5dc-7404e3b34fd5_LivingRoom-55,2,1,0.5,1.0,0.0,1.0,1,0.7108352216971938,0.7411366898285787,0.11114745568543202,0.07287463783941293,0.0595635116621965,0.0,0.0,"Arrange a coffee table with a vase and a dog below a black pendant lamp with crystals. Then, set up a black and silver tv stand with doors behind a coffee table with a vase and a dog."
livingroom,c9f70be8-2021-4fb1-b599-da3b4e184543_LivingDiningRoom-941,2,2,0.0,1.0,0.0,1.0,1,0.8842706530010616,2.6542634941836614,0.947162739451088,0.3808900637470952,0.25286179710063666,0.0,0.0,"Add a black and white tufted stool with silver studs to the right of a dining table. Next, add a dining table to the right of a blue and white console table with blue top."
livingroom,cb0886aa-598e-4acb-a5f9-5740e098c7e3_LivingDiningRoom-32393,0,0,0.0,0.0,0.0,0.0,0,0.0,0.027836342907842995,0.027836342907842995,0.07953240830812285,0.07953240830812285,0.0,0.0,Arrange a black pendant lamp with crystals behind a brown multi-seat sofa with pillows.
livingroom,cb7d522c-c582-4d16-a005-1f2e4636453e_LivingDiningRoom-8271,1,1,0.0,1.0,0.0,1.0,1,0.8830200375886409,0.9179506573115488,0.14833667343458373,0.12882000466280788,0.10678362549699093,0.0,0.0,Place a marble coffee table with a metal frame right of a black marble dining table with a metal base.
livingroom,cbb1452c-db03-4283-b18e-a6ed577d4bd7_LivingRoom-2715,1,1,0.0,1.0,0.0,1.0,1,1.4039867068002312,1.424464856733307,0.17347840481602775,0.026850925465079976,0.0,0.0,0.0,Arrange a black and white striped coffee table closely left of a black dining chair with a black seat.
livingroom,cbd4a8a0-be44-4629-a271-0518654ab3d9_LivingDiningRoom-8843,2,2,0.0,0.0,0.0,0.0,0,0.0,3.2951708043532055,3.2951708043532055,0.04957249166916334,0.04957249166916334,0.0,0.0,"Arrange a dining chair behind a black and brown dining table with black legs. Additionally, position a black and brown dining table with black legs behind a dining chair."
livingroom,cc630582-147a-4713-8a41-16912ec0af41_LivingDiningRoom-10201,1,1,1.0,1.0,1.0,1.0,0,0.0,0.3476346219021238,0.3476346219021238,0.005681269949099525,0.005681269949099525,0.0,0.0,"Set up a multi seat sofa to the close right of a pendant lamp. Then, place a multi-seat sofa with pillows behind a brown corner side table with two legs."
livingroom,ce377776-581d-4b4c-807f-e63f7473e9b3_LivingDiningRoom-276836,1,0,0.0,0.0,0.0,0.0,0,0.0,0.0,0.0,0.0,0.0,0.0,0.0,Install a pendant lamp above a dining table.
livingroom,ce3aa96b-a6f4-455d-8a83-2a61253c6fec_LivingDiningRoom-2432,0,0,0.0,0.0,0.0,0.0,0,0.0,0.07609520086541655,0.07609520086541655,0.21741485961547585,0.21741485961547585,0.0,0.0,Arrange a gray armchair with a black frame to the right of a grey multi-seat sofa with black cushions.
livingroom,d145b098-8ec8-4ea2-891b-f7deaf3edbb1_LivingDiningRoom-8886,2,2,0.0,0.0,0.0,0.0,0,0.0,10.105973802194779,10.105973802194779,0.30278229198508,0.30278229198508,0.0,0.0,Position a black storage stool with a lid left of a loveseat sofa with pillows. And set up a black marble dining table with two legs behind a shelf.
livingroom,d4016070-45f4-45f1-800c-b6147def05b4_LivingDiningRoom-3483,1,1,0.0,1.0,0.0,1.0,1,1.2831161649830516,1.2469526758736365,0.20229119459788594,0.28736394539534854,0.12376358514262789,0.0,0.0,"Put a multi-seat sofa with pillows to the left of an oval coffee table. Additionally, arrange a dining table closely to the left of a brown dining chair with an upholstered seat."
livingroom,d5514ff3-afae-4ce4-b98e-5f83bf4172eb_LivingDiningRoom-19612,0,0,0.0,0.0,0.0,0.0,0,0.0,0.0038663418727086,0.0038663418727086,0.011046691064881715,0.011046691064881715,0.0,0.0,Set up a black l-shaped sofa with pillows in front of a black armchair with a cushion.
livingroom,d86d22b5-a808-4dfb-acf4-a7a5bfc9457c_LivingRoom-24701,0,0,0.0,0.0,0.0,0.0,0,0.0,0.06604898952233751,0.06604898952233751,0.18871139863525002,0.18871139863525002,0.0,0.0,Set up a multi-seat sofa with pillows to the right of a coffee table.
livingroom,d97a1fd8-ec70-438d-a7fd-a7badea1eda3_LivingDiningRoom-11440,1,1,0.0,0.0,0.0,0.0,0,0.0,5.044815705902213,5.044815705902213,0.12804487400632353,0.12804487400632353,0.0,0.0,"Position a black leather dining chair with wooden seat behind a brown coffee table with a wooden base. Then, set up a black leather dining chair with wooden seat behind a multi-seat sofa with pillows."
livingroom,da41c0e0-e010-4fd4-a54b-e884e29d8e18_LivingDiningRoom-476,2,2,0.5,0.5,0.5,0.5,0,0.0,1.6057486760118478,1.6057486760118478,0.008775676049333214,0.008775676049333214,0.0,0.0,Place a dining table to the near left of a gray dining chair. And set up a grey dining table with a metal base to the close right of a gray dining chair.
livingroom,dc44410d-8a89-4099-ab84-4444b9ebbcd6_LivingRoom-37001,1,1,0.0,1.0,0.0,1.0,1,0.7219830004667855,0.7284856304170569,0.10873698748987246,0.13826440630139578,0.0488543640967377,0.0,0.0,"Add a black and white pendant lamp with a metal frame above a curved l-shaped sofa with pillows. Then, place a black wood dining table with metal legs closely right of a green upholstered dining chair."
livingroom,dd7856a2-52c4-4b27-bd7c-7ba5df36d181_LivingRoom-1255,0,0,0.0,0.0,0.0,0.0,0,0.0,0.0,0.0,0.0,0.0,0.0,0.0,Arrange a wooden ceiling lamp with a white circle in front of a multi-seat sofa with pillows. Add a multi-seat sofa with pillows to the right of a black corner side table with a metal frame.
livingroom,ddb2ee64-0253-4541-8df3-49d8652aeaf2_LivingRoom-3168,0,0,0.0,0.0,0.0,0.0,0,0.0,0.0037923871325430077,0.0037923871325430077,0.010835391807265737,0.010835391807265737,0.0,0.0,Add a blue multi-seat sofa with gold pillows left of a black coffee table with a wooden top.
livingroom,de7f5810-bcd8-4eae-889c-ea51d11640a2_LivingDiningRoom-21284,0,0,0.0,0.0,0.0,0.0,0,0.0,0.0,0.0,0.0,0.0,0.0,0.0,"Add a gray multi-seat sofa with pillows in front of a dining table. Then, set up a gray multi-seat sofa with pillows in front of a dining chair."
livingroom,deebcfd8-9f7e-49be-8c50-2edb11abb8d9_LivingRoom-26286,0,0,0.0,0.0,0.0,0.0,0,0.0,0.04226163486704364,0.04226163486704364,0.12074752819155327,0.12074752819155327,0.0,0.0,Add a multi-seat sofa with pillows closely in front of a coffee table with a burner and a bowl.
livingroom,df17ede9-742d-4283-b77e-8482e260c71e_LivingDiningRoom-15419,2,1,0.0,0.0,0.0,0.0,0,0.0,5.1010210457557275,5.1010210457557275,0.2886315593020784,0.2886315593020784,0.0,0.0,"Arrange a brown and beige dining chair below a pendant lamp. Finnally, place an armchair in front of a black rectangular dining table with legs."
livingroom,df5e8b99-2ccc-4d27-89d8-094cf83706f9_LivingDiningRoom-838,2,2,0.5,1.0,0.5,1.0,1,3.8992173269813324,1.823391866818421,0.6546500737009264,0.0,0.09507763047269832,0.0,0.0,Set up a loveseat sofa with pillows in front of a pendant lamp. And add a square coffee table with drawers behind a loveseat sofa.
livingroom,e35cbb00-27a3-442b-8cf6-bf8651e54db1_LivingRoom-4960,0,0,0.0,0.0,0.0,0.0,0,0.0,0.007492976862710449,0.007492976862710449,0.021408505322029855,0.021408505322029855,0.0,0.0,Add a stool right of a multi-seat sofa with pillows.
livingroom,e387ce2f-183d-40a7-b4bf-814181fbea82_LivingDiningRoom-1407,0,0,0.0,0.0,0.0,0.0,0,0.0,0.047203969103934755,0.047203969103934755,0.1348684831540993,0.1348684831540993,0.0,0.0,Put a gray and yellow multi-seat sofa in front of an armchair.
livingroom,e52eb1b0-a8fb-4b1c-873d-5d962259a904_LivingRoom-2410,1,1,0.0,1.0,0.0,1.0,1,0.8669709865512051,0.6904805208409951,0.11070810295593522,0.047683303990761775,0.004775955913687542,0.0,0.0,"Set up a wooden coffee table with drawers closely to the right of a multi-seat sofa with wheels and pillows. Then, add a blue and brown dining table with a runner to the near left of a brown dining chair with an upholstered seat."
livingroom,e5a744d6-d36d-4682-877f-fea6e9614c94_LivingDiningRoom-17836,1,1,1.0,1.0,1.0,1.0,0,0.0,0.1251874236377265,0.1251874236377265,0.054164789659999865,0.054164789659999865,0.0,0.0,Put a coffee table with two drawers in front of a black and white geometric tv stand.
livingroom,e75e3c07-5b75-4a26-8933-cb6050aa6678_LivingDiningRoom-11555,1,1,0.0,1.0,0.0,1.0,1,1.415015916699643,1.5021143967322261,0.23254925693166836,0.22052542809403164,0.16499241979346063,0.0,0.0,"Place a dining table behind a multi-seat sofa with pillows. Additionally, add a dining table closely in front of a wooden dining chair."
livingroom,e7cc0ba0-e5d7-4b0b-9708-07e7a18a0fd8_LivingRoom-52289,2,2,0.0,0.5,0.0,0.5,1,0.8235084433057382,5.848557680497327,5.103821013196688,0.07312848358908913,0.0,0.0,0.0,"Position a pendant lamp in front of a gray loveseat sofa with blue pillows. Then, position a gray loveseat sofa with blue pillows left of a black coffee table with a metal frame."
livingroom,e892807a-549e-4a8f-855b-075fa1b70c9f_LivingDiningRoom-19931,2,2,0.0,1.0,0.0,1.0,2,7.4554808115489895,4.59834239717214,0.9271708626169951,0.29448249089432604,0.06432332923176094,0.0,0.0,"Put a black leather dining chair in front of a loveseat sofa. Finnally, position a black circular dining table right of a classic chinese chair with a cushion."
livingroom,ea497775-7cb7-4f4d-ad49-eeae6970961d_LivingRoom-4789,2,2,0.5,0.5,0.5,0.5,0,0.0,5.4505419596301605,5.4505419596301605,0.185277709665795,0.185277709665795,0.0,0.0,"Position a black console table with glass top and two doors behind a black and brown dining table with black legs. Next, arrange a dining chair closely behind a black and brown dining table with black legs."
livingroom,ef538119-2339-4538-94d3-06711fe4ae99_LivingDiningRoom-814,2,2,0.5,1.0,0.5,1.0,1,1.4943318579980218,1.6169775096070504,0.283837977021936,0.0,0.0,0.0,0.0,"Add a round dining table with metal base closely in front of a white plastic dining chair. Then, put a white plastic dining chair to the close left of a white plastic dining chair."
livingroom,ef543f0b-22b8-463f-9def-0bfa6cae51ea_LivingDiningRoom-79295,0,0,0.0,0.0,0.0,0.0,0,0.0,0.020201052816229845,0.020201052816229845,0.0577172937606567,0.0577172937606567,0.0,0.0,Arrange a black glass corner side table with a circular base left of a black multi-seat sofa with a wooden frame.
livingroom,ef5860ab-d989-4605-93b1-5127126696c6_LivingDiningRoom-70961,1,1,0.0,1.0,0.0,1.0,1,1.3301540046566689,1.3928110396392774,0.28256305094645084,0.27174585463769757,0.3369844868218587,0.0,0.0,Place a gray dining chair with black legs closely behind a dining table.
livingroom,f01d52ec-ff3e-4157-b0bc-9c29e849f03c_LivingDiningRoom-24470,2,1,0.5,1.0,0.0,1.0,1,2.3496250007291537,2.4183280094694877,0.3017738303786209,0.18403812010057943,0.04233951511749271,0.0,0.0,"Add a black and brown dining table with black legs right of a dining chair. Finnally, arrange a pendant lamp above a black and brown dining table with black legs."
livingroom,f086151e-64f0-4fad-b373-22c20dfc2fce_LivingDiningRoom-5082,0,0,0.0,0.0,0.0,0.0,0,0.0,0.10960228816097616,0.10960228816097616,0.3131493947456462,0.3131493947456462,0.0,0.0,Place a black corner side table with a black top behind a black multi-seat sofa with pillows. Add a black geometric tv stand left of a black multi-seat sofa with pillows.
livingroom,f80fbd68-006f-4118-a5b2-01678baef76b_LivingDiningRoom-45329,1,1,0.0,0.0,0.0,0.0,1,1.7855286586316306,2.4924298115588366,1.1341484801653976,0.3179839836920002,0.3179839836920002,0.0,0.0,Set up a blue dining chair with black legs right of a blue dining chair with black legs.
livingroom,f89c8def-be8d-4a45-948e-714938ca5550_LivingDiningRoom-16828,1,1,0.0,1.0,0.0,1.0,1,2.139545366403702,2.1982827722903395,0.30984756878550246,0.13743464233445213,0.13743464233445213,0.0,0.0,"Arrange a black dining chair in front of a dining table. Then, place a dining table closely in front of a blue multi-seat sofa with pillows."
livingroom,fb76c361-48d1-4450-a4a3-0b9bea32fb8e_LivingRoom-35461,1,1,1.0,1.0,1.0,1.0,0,0.0,0.3908410931331331,0.3908410931331331,0.3142382768695274,0.3142382768695274,0.0,0.0,Add a brown coffee table with wicker frame behind a brown corner side table with wicker top.
livingroom,ffd98024-7200-429e-8b9a-1234a5937826_LivingRoom-360,1,0,1.0,1.0,0.0,0.0,0,0.0,0.09176607543213385,0.09176607543213385,0.26218878694895387,0.26218878694895387,0.0,0.0,Add a pendant lamp above a metal coffee table with a device on top. And set up a black and white plant stand with five pots to the left of a grey multi-seat sofa with pillows.
diningroom,004f900c-468a-4f70-83cc-aa2c98875264_LivingDiningRoom-27430,1,1,0.0,1.0,0.0,1.0,1,3.343876023368668,1.2720096153120823,0.40626512280424015,0.14204431426071706,0.0,0.0,0.0,Put a wooden dining table right of a bookshelf with doors and shelves.
diningroom,00fe8139-76e8-42b4-bb41-7f9f085ac351_DiningRoom-15534,2,2,0.0,1.0,0.0,1.0,3,2.6036980334263546,3.203058455019749,1.1706025567928848,0.0,0.0,0.0,0.0,Put a koala dining chair right of a koala dining chair. Put a koala dining chair behind a black wine cabinet with a shelf and a tree.
diningroom,0192a842-531c-419a-923e-28db4add8656_DiningRoom-31158,1,1,0.0,0.0,0.0,0.0,1,0.9494869576760927,1.8702805041565742,1.0515786869994181,0.0,0.0,0.0,0.0,Arrange a gray dining chair with a black seat in front of a gray dining chair with a black seat.
diningroom,0419bc7b-5bd0-47fc-802a-69c21ee0c80b_LivingDiningRoom-33368,1,1,0.0,0.0,0.0,0.0,0,0.0,5.116855010076182,5.116855010076182,0.3338714573605189,0.3338714573605189,0.0,0.0,Position a pendant lamp behind a black tv stand with a frame.
diningroom,06a619f2-8939-4188-9eb3-ce01717de2b0_DiningRoom-197500,1,1,0.0,0.0,0.0,0.0,0,0.0,5.01448436113075,5.01448436113075,0.04138388894499999,0.04138388894499999,0.0,0.0,Place a wine cabinet in front of a black and silver mirror wine cabinet.
diningroom,0878fcd8-0934-4298-87a2-9813bd4c19c2_DiningRoom-26805,2,2,0.5,0.5,0.5,0.5,1,1.2141666644200055,1.8280951702973973,1.309062214619231,0.11327517354878619,0.0,0.0,0.0,"Set up a black dining chair with a black frame in front of a dining table. Additionally, put a black dining table with a black top to the close right of a dining chair."
diningroom,08c22a05-81e2-41f4-8e22-c707aa082bdd_DiningRoom-17995,1,0,1.0,1.0,0.0,0.0,0,0.0,0.01661075470895739,0.01661075470895739,0.047459299168449695,0.047459299168449695,0.0,0.0,Position a black pendant lamp with glass shades above a black dining table with a black top.
diningroom,08cfec4b-56a0-43f0-8428-e31c210d8c6c_LivingDiningRoom-28046,2,2,0.5,1.0,0.5,1.0,1,2.908306090775035,3.3456185440052812,0.7728732285316319,0.32365824229545925,0.30414370080378506,0.0,0.0,Set up a pendant lamp with hanging balls to the right of a multi seat sofa. And put a grey armchair with a pillow behind a coffee table.
diningroom,0967e330-aa37-41d5-af14-04c9e8ea820c_LivingDiningRoom-629,2,2,0.0,0.0,0.0,0.0,0,0.0,10.097339310788051,10.097339310788051,0.2781123165372879,0.2781123165372879,0.0,0.0,Position a wine cabinet in front of a black leather lounge chair with a metal frame. And arrange a wine cabinet in front of a black leather lounge chair with a metal frame.
diningroom,0a28563b-19e4-4d67-8130-9a87a547daf6_DiningRoom-16628,1,1,1.0,1.0,1.0,1.0,0,0.0,0.054916278669555486,0.054916278669555486,0.0,0.0,0.0,0.0,Set up a dining table closely right of a wooden dining chair.
diningroom,0a77986b-5c04-41b9-8ee8-1ea301ccda3e_LivingDiningRoom-126918,1,1,0.0,1.0,0.0,1.0,1,1.3133775170246038,1.1776062405475218,0.20553291294532094,0.12265031686391001,0.12265031686391001,0.0,0.0,"Put a black and brown coffee table with drawers in front of a brown multi-seat sofa with wooden legs. Then, arrange a wicker armchair with pillows left of a black and brown coffee table with drawers."
diningroom,0a9c667d-033d-448c-b17c-dc55e6d3c386_DiningRoom-11628,2,1,1.0,1.0,1.0,1.0,0,0.0,0.17588644595146125,0.17588644595146125,0.20927802050400005,0.20927802050400005,0.0,0.0,"Place a dining chair closely in front of a dining table. Finnally, put a dining table below a pendant lamp."
diningroom,0ec7ce97-e93d-4842-9c89-b947136bb393_DiningRoom-29864,2,2,1.0,1.0,1.0,1.0,0,0.0,0.25190484347011927,0.25190484347011927,0.15366201953718892,0.15366201953718892,0.0,0.0,"Arrange a brass pendant lamp with glass balls closely left of a black leather dining chair. Then, position a black leather dining chair to the close right of a brass pendant lamp with glass balls."
diningroom,0f2b5258-2413-47c4-bbf6-106a74c1e1da_LivingDiningRoom-9790,1,1,1.0,1.0,1.0,1.0,0,0.0,0.42355167214979206,0.42355167214979206,0.18037090303942846,0.18037090303942846,0.0,0.0,Arrange a grey coffee table with black legs to the left of a tv stand.
diningroom,11eb078d-7eee-4c82-a748-34a7e2c6c7f4_LivingDiningRoom-9028,2,1,1.0,1.0,1.0,1.0,0,0.0,0.16064958758532935,0.16064958758532935,0.12162898432186885,0.12162898432186885,0.0,0.0,"Place a multi seat sofa in front of a blue and gray striped stool. Additionally, arrange a coffee table with a vase and flowers below a silver pendant lamp with five lamps."
diningroom,1426a7e7-7805-43ca-b258-05c9b637375a_DiningRoom-2817,1,1,0.0,1.0,0.0,1.0,1,2.775272578419747,2.765998167114298,0.3536058030215382,0.10009364486117052,0.044494553174767366,0.0,0.0,Set up a yellow children cabinet left of a black dining table with a square base.
diningroom,15bed03e-d66d-4da2-8b8f-7dacde3d3d8b_DiningRoom-35065,2,2,0.5,0.5,0.5,0.5,0,0.0,1.5750627098929635,1.5750627098929635,0.08429967047464385,0.08429967047464385,0.0,0.0,"Place a gray dining table with wooden legs closely in front of a gray dining chair with a black seat. Then, arrange a gray dining chair with a black seat closely in front of a gray dining table with wooden legs."
diningroom,1638a636-f721-497f-930e-d141752cd5c9_LivingDiningRoom-37405,2,2,0.0,0.5,0.0,0.5,1,1.495911290006969,6.554988691493085,5.191205326427633,0.1340131727200965,0.019131347505135975,0.0,0.0,Set up a dark brown dining table with a wooden top in front of a pendant lamp with three lights and two shades. Put a black armchair with a frame in front of a brown loveseat sofa with cushions.
diningroom,1658b9ab-c1db-492f-8094-b12c44939e3d_DiningRoom-88173,1,1,0.0,0.0,0.0,0.0,4,0.9630247816250653,1.7359297037115775,1.1580777066641197,0.17365766227821958,0.17365766227821958,0.0,0.0,Arrange a grey lounge chair with wooden legs to the right of a grey lounge chair with wooden legs.
diningroom,17ebf486-2858-4fdd-8cf8-92779089a6ae_DiningRoom-35093,2,2,0.0,0.0,0.0,0.0,1,0.4516664993348722,2.598778050245606,2.4489331055971153,0.0,0.0,0.0,0.0,Add a gray dining chair with a black seat to the right of a black dining chair with a wooden seat. And place a dining chair behind a gray dining chair with a black seat.
diningroom,181ecd38-5ccd-45e9-a7ec-2c79f5b58e07_LivingDiningRoom-13945,2,2,0.5,1.0,0.5,1.0,1,0.9721638113801399,1.16955793497204,0.31042851590927767,0.09824506915090703,0.09824506915090703,0.0,0.0,"Put a black pendant lamp with a shade behind a coffee table. Then, put a tv stand in front of a black coffee table."
diningroom,181fa1b2-dd7a-43c3-b09c-163924bb37de_LivingDiningRoom-758,1,1,1.0,1.0,1.0,1.0,0,0.0,0.10016233258108347,0.10016233258108347,0.09673402344840262,0.09673402344840262,0.0,0.0,"Position a multi-seat sofa with pillows behind a black dining table with wooden top. Then, arrange a modern pendant lamp with a metal ball to the left of a brown and grey tv stand cabinet."
diningroom,198eb9ec-9059-4e26-958e-dc8fb8187713_LivingDiningRoom-15286,1,1,0.0,1.0,0.0,1.0,1,1.4391796851433065,1.4803289103594701,0.27262924615354006,0.11632432529031259,0.1565660409546984,0.0,0.0,"Position a brown dining table with metal legs closely behind a grey fabric dining chair. Additionally, arrange a black triangle coffee table with two legs to the left of a black multi-seat sofa with pillows."
diningroom,1cf94f82-50bc-4805-94d5-a8b52b66be31_LivingDiningRoom-54997,2,2,0.5,0.5,0.5,0.5,0,0.0,5.7220126809627185,5.7220126809627185,0.3233778920886464,0.3233778920886464,0.0,0.0,Put a metal pendant lamp with hanging light behind a tv stand. And arrange a green lounge chair with a wooden frame to the left of a brown dining table with two legs.
diningroom,1db2e62e-6516-47da-bc4d-6469ba619d2f_LivingDiningRoom-1654,1,1,0.0,1.0,0.0,1.0,1,0.50388989777799,0.5183787472876857,0.15380861581258073,0.1144071832156824,0.08441217937617472,0.0,0.0,Put a dining table closely to the left of a gray dining chair with black legs.
diningroom,1fb8e3cb-c6be-4933-bcae-8e24c6c5fb61_DiningRoom-10302,1,1,0.0,0.0,0.0,0.0,1,0.8193506694721021,1.502681361882791,0.9764590776174038,0.0,0.03970067699976582,0.0,0.0,Put a dining table left of a black dining chair with seat and back.
diningroom,20e0f217-6f5a-4a9b-a9a2-5c1eef113c79_LivingDiningRoom-25199,2,2,0.0,0.0,0.0,0.0,0,0.0,10.0280882944757,10.0280882944757,0.08025226993057172,0.08025226993057172,0.0,0.0,"Place a dining table in front of a silver wine cabinet with a black door. Finnally, arrange a metal pendant lamp with a hanging rod to the left of a multi seat sofa."
diningroom,20e5f2e7-ab26-4119-b16a-5b7282ee0a70_DiningRoom-113004,2,2,0.5,0.5,0.5,0.5,0,0.0,5.0982712825298595,5.0982712825298595,0.1715565165152197,0.1715565165152197,0.0,0.0,Add a gray lounge chair with a wooden frame in front of a wooden console table with doors. Place a hanging pendant lamp with pots closely in front of a lounge chair.
diningroom,21569333-a837-4228-9440-bfbaf37cd57e_DiningRoom-22384,2,2,0.0,0.5,0.0,0.5,2,1.7816361703924388,3.1796473343860785,1.5045314471389084,0.07043277828000007,0.07043277828000007,0.0,0.0,"Set up a dining chair closely to the left of a dining table. Then, add a dining chair to the left of a brown dining chair with a metal frame."
diningroom,2160a773-b01f-4521-9771-c8dcb024f203_DiningRoom-11145,2,2,0.0,0.5,0.0,0.5,1,0.8969760358768251,6.141719811571843,5.39681707719818,0.0,0.0,0.0,0.0,"Hang a modern pendant lamp with a metal ball closely in front of a gray upholstered dining chair with dark legs. Then, arrange a console table with vases and other items in front of a gray upholstered dining chair with dark legs."
diningroom,22029510-ee86-4d46-9182-b4f56a0d8f91_DiningRoom-10559,2,2,0.0,1.0,0.0,1.0,2,2.198092258091603,2.2286692066891267,0.6886949739767274,0.0,0.0,0.0,0.0,"Add a gray dining chair with a wooden seat behind a black corner wine cabinet with a glass door. Then, put a cabinet to the left of a dining chair."
diningroom,22993c56-81b4-49c2-b0d5-3d5a0565067b_DiningRoom-85692,1,1,0.0,1.0,0.0,1.0,3,2.9288156491211437,1.4473531827597148,0.38385177488246225,0.2508978519523571,0.07826827710835717,0.0,0.0,Arrange a black dining chair with a black frame left of a black pendant lamp with hanging spheres.
diningroom,234f5661-8d9e-499b-ae27-ee5dfe702e56_LivingDiningRoom-40062,2,2,0.5,1.0,0.5,1.0,1,1.5919815391151477,1.77822133866576,0.250303214113483,0.21613227198738053,0.021629252806972154,0.0,0.0,"Set up a grey dining chair with gold legs to the close right of a dining table. Next, add a black and wooden dining table to the left of a pendant lamp."
diningroom,2439fa78-a76a-4e6b-acfc-26758a938472_LivingDiningRoom-13186,1,1,0.0,0.0,0.0,0.0,0,0.0,5.094828252137678,5.094828252137678,0.2709378632505086,0.2709378632505086,0.0,0.0,Position a multi seat sofa right of a black coffee table with a gray top.
diningroom,247908e3-d84d-4743-9e31-a783464dd4ec_LivingDiningRoom-45341,1,1,0.0,0.0,0.0,0.0,0,0.0,5.0453128088766235,5.0453128088766235,0.12946516821892493,0.12946516821892493,0.0,0.0,"Set up a coffee table right of a coffee table. Then, place a tv stand in front of a gray multi-seat sofa with pillows."
diningroom,2513701f-f5ab-41b5-9d0b-af10956551bf_DiningRoom-12866,2,2,0.0,0.0,0.0,0.0,0,0.0,1.7440132509903898,1.7440132509903898,0.16772462246961964,0.16772462246961964,0.0,0.0,Place a dining chair to the close right of a dining table. And add a dining table behind a burgundy leather dining chair.
diningroom,256d7c62-a550-4dd1-a57b-541a2260bff2_DiningRoom-9824,2,2,1.0,1.0,1.0,1.0,0,0.0,0.938143697931052,0.938143697931052,0.41519552417630157,0.41519552417630157,0.0,0.0,"Set up a black dining chair in front of a console table. Then, put a wooden console table with a plant and a clock behind a black and white circular pendant lamp."
diningroom,26146707-fd21-4520-b1fb-2ff93b2560e3_LivingDiningRoom-15610,0,0,0.0,0.0,0.0,0.0,0,0.0,0.06866307579173425,0.06866307579173425,0.19618021654781215,0.19618021654781215,0.0,0.0,"Position a grey dining chair with black legs behind a black multi-seat sofa with pillows. Finnally, position a black multi-seat sofa with pillows in front of a black plastic dining table."
diningroom,2812fec5-928d-4c55-abca-f805e9717739_DiningRoom-88590,2,2,0.0,0.5,0.0,0.5,1,3.0867741811268044,8.192566731617065,5.464024205069793,0.25317515238450705,0.25317515238450705,0.0,0.0,"Arrange a black leather lounge chair with wooden seat right of a wooden cabinet with drawers. Additionally, arrange a black leather lounge chair with wooden seat in front of a black leather lounge chair with wooden seat."
diningroom,2b7bdb1f-48bf-4987-a420-b3887e7c4a2c_LivingDiningRoom-46222,2,2,0.0,1.0,0.0,1.0,1,1.3837367395443094,1.5814334208520275,0.1951407321246675,0.054549495369572536,0.054549495369572536,0.0,0.0,Arrange a corner side table to the right of a lazy sofa. And put a black corner side table with holes right of a black lazy sofa with a cover.
diningroom,2deeee08-d427-4827-93cf-4314c594d488_LivingDiningRoom-20192,1,1,1.0,1.0,1.0,1.0,0,0.0,0.6004150901170822,0.6004150901170822,0.7383676377640431,0.7383676377640431,0.0,0.0,Arrange a black dining table with metal plates right of a black and blue stool with a cover.
diningroom,312b2349-10f9-4ff3-bbee-ae179761c21d_DiningRoom-7217,1,1,0.0,1.0,0.0,1.0,1,0.41184919983345825,0.8032954014769599,0.465243693879212,0.002078826667241365,0.03439395379281228,0.0,0.0,Add a dining chair to the close left of a white marble dining table with metal legs.
diningroom,328ada87-9de8-4283-879d-58bffe5eb37a_LivingDiningRoom-5343,1,1,0.0,0.0,0.0,0.0,0,0.0,5.029737121491958,5.029737121491958,0.08496320426273668,0.08496320426273668,0.0,0.0,Put an armchair behind a wooden coffee table.
diningroom,33635b59-7c01-4e50-8c68-a401b3563182_LivingDiningRoom-10681,1,1,0.0,1.0,0.0,1.0,1,3.9547084438296425,3.7594959971983615,0.5502239615262665,0.20188270933345545,0.20188270933345545,0.0,0.0,Add a black marble dining table with two legs behind a black floral corner side table.
diningroom,350388e2-7c93-45e9-bcc8-6a0a5165dab0_LivingDiningRoom-34640,1,1,0.0,1.0,0.0,1.0,1,1.8255668937897647,1.6652968794454774,0.25086164386030313,0.1618604798194192,0.07655319030151816,0.0,0.0,Position a black coffee table with a lid left of a grey lounge chair with black legs.
diningroom,35970ff6-4588-4bcf-8461-16448f1d0650_LivingDiningRoom-233,0,0,0.0,0.0,0.0,0.0,0,0.0,0.011726263283460443,0.011726263283460443,0.03350360938131555,0.03350360938131555,0.0,0.0,"Add a coffee table to the left of a grey multi-seat sofa with pillows. Next, add a grey multi-seat sofa with pillows right of a modern pendant lamp with a metal ball."
diningroom,36c2c33b-73f2-47d5-881e-2fa359198b9a_LivingDiningRoom-35401,1,1,1.0,1.0,1.0,1.0,0,0.0,0.6951710476296268,0.6951710476296268,0.031797161784000036,0.031797161784000036,0.0,0.0,Add a painted console table in front of a white multi-seat sofa with pillows. And put a console table to the left of a black and silver coffee table with a metal base.
diningroom,37fee753-1c40-4784-ab50-4f5d72df6f65_DiningRoom-19325,2,1,0.5,1.0,0.0,1.0,1,1.3175801800777303,1.2899970283530198,0.16310962160932763,0.13415833774199998,0.0,0.0,0.0,"Place a black and white pendant lamp with hanging balls above a black and grey dining table with round top. Next, position a grey dining chair with a gold base to the close right of a black and white pendant lamp with hanging balls."
diningroom,3c47589f-313d-4bac-abee-830161a278f0_LivingDiningRoom-109935,0,0,0.0,0.0,0.0,0.0,0,0.0,0.07221809436850306,0.07221809436850306,0.20633741248143733,0.20633741248143733,0.0,0.0,Position a multi-seat sofa with pillows in front of a gray dining chair.
diningroom,3c7b86d5-3af6-4748-b9a1-cf45b85b1d1b_DiningRoom-27933,1,1,0.0,0.0,0.0,0.0,0,0.0,5.039919918406517,5.039919918406517,0.11405690973290626,0.11405690973290626,0.0,0.0,Add a pendant lamp to the close left of a dining chair.
diningroom,3e038beb-1cf4-4a16-8775-cf225873aca9_LivingDiningRoom-8049,1,1,0.0,1.0,0.0,1.0,1,1.3614412059566339,1.412433485905586,0.19080710259031589,0.11590690009316412,0.06409759393005666,0.0,0.0,Position a black circular ceiling lamp closely behind a black dining chair with seat and back.
diningroom,3fc88ba8-7ea3-4653-892f-83667812c78a_LivingDiningRoom-76396,1,1,0.0,1.0,0.0,1.0,1,1.72200470045867,1.7663054154343176,0.6108558694650275,0.126839439475,0.126839439475,0.0,0.0,Set up a gray loveseat sofa with pillows in front of a corner side table with a square top and a hole in the middle.
diningroom,3fde61aa-d606-4c6a-8c79-0762d11cd33b_LivingDiningRoom-61638,1,1,0.0,1.0,0.0,1.0,1,4.272231770886557,4.034040850569805,0.557210955281109,0.15199742050627757,0.11298040792777761,0.0,0.0,"Position a multi-seat sofa with pillows in front of a pendant lamp. Additionally, put a black floral corner side table to the right of a black marble dining table with two legs."
diningroom,401a9c00-571c-491d-a2c6-2201b964ca79_LivingDiningRoom-18728,2,2,0.5,1.0,0.5,1.0,1,1.3081042293639282,1.7430157925389123,0.5836945406951661,0.07224645786245412,0.05466599460106574,0.0,0.0,"Position a grey dining table with a metal base closely in front of a gray dining chair. Finnally, arrange a gray marble coffee table with two legs left of a grey tv stand with a drawer."
diningroom,43907bbc-4b39-4f1a-8747-3287c8bce690_LivingDiningRoom-46747,2,2,0.0,0.0,0.0,0.0,0,0.0,10.034368328401747,10.034368328401747,0.09819522400499356,0.09819522400499356,0.0,0.0,"Add a black dining chair with a black seat closely behind a dining table. Additionally, add a lounge chair with a pillow behind a black and white striped coffee table."
diningroom,43c9cf5d-4c59-4130-bbc5-dd9c6ec4c4d0_LivingDiningRoom-34404,2,2,0.5,0.5,0.5,0.5,0,0.0,5.374283551026829,5.374283551026829,0.14749557205071828,0.14749557205071828,0.0,0.0,Position a black and wooden dining table in front of a coffee table. And put a wooden dining chair with a wooden seat to the close left of a black and wooden dining table.
diningroom,48812187-9207-4686-9f6e-e8e1e97eeabd_DiningRoom-9630,2,2,0.0,0.0,0.0,0.0,0,0.0,10.095384495472441,10.095384495472441,0.2725271299212609,0.2725271299212609,0.0,0.0,"Put a black round dining table with two legs behind a round metal ceiling lamp with a hole. Finnally, put a black and grey bookshelf with shelves to the right of a dining table."
diningroom,4b1513de-23df-43b3-866f-ef10c1c09d58_LivingDiningRoom-14482,2,2,0.0,0.5,0.0,0.5,1,1.3488913518385601,2.8842663519947656,1.2955249048125206,0.1256012112165469,0.048844434577279626,0.0,0.0,"Set up a brown dining table behind a metal pendant lamp with bars. Additionally, position a brown dining table in front of a blue and gold upholstered dining chair."
diningroom,4dada95f-ed81-4d19-83c9-c39b765e0cf3_DiningRoom-225770,2,2,0.0,0.0,0.0,0.0,1,0.8961802260766462,3.3717633363216764,2.1350539200823673,0.0,0.17855208059099767,0.0,0.0,"Add a lounge chair behind a lounge chair. Finnally, place a cushioned lounge chair behind a lounge chair."
diningroom,5130545c-cb6d-4547-b120-5815531c8589_DiningRoom-116178,2,2,0.0,1.0,0.0,1.0,1,0.33818934617580554,1.1059077133911326,0.6147868454291928,0.09934741961579951,0.09610304464369919,0.0,0.0,"Add a marble dining table with two legs and a marble top closely in front of a black leather dining chair. Then, position a marble dining table with two legs and a marble top closely in front of a dining chair."
diningroom,54234f8f-0f41-47d8-911f-506320aa75c0_DiningRoom-22156,2,2,0.0,0.5,0.0,0.5,1,0.9084762009218168,2.1553753891370557,1.5697891331829845,0.03045198520535876,0.049882131990540576,0.0,0.0,Put a dining chair to the near right of a brown dining table with two legs. Position a floral dining chair left of a floral dining chair.
diningroom,544a06d5-aa97-4740-8ef3-ed8520b5226e_LivingDiningRoom-2349,0,0,0.0,0.0,0.0,0.0,0,0.0,0.031074564507063633,0.031074564507063633,0.08878447002018182,0.08878447002018182,0.0,0.0,"Add a black multi-seat sofa with a cover behind a black wooden armchair. Additionally, set up an armchair left of a black multi-seat sofa with a cover."
diningroom,54602e77-2ebd-4198-af5b-be0e1f75b806_LivingDiningRoom-15430,0,0,0.0,0.0,0.0,0.0,0,0.0,0.09187936752266793,0.09187936752266793,0.2625124786361941,0.2625124786361941,0.0,0.0,Put a multi-seat sofa with pillows to the left of a black rattan pendant lamp.
diningroom,555d38a7-689e-4340-ae91-a9a1dd650216_LivingDiningRoom-26885,0,0,0.0,0.0,0.0,0.0,0,0.0,0.0631758566955592,0.0631758566955592,0.1805024477015977,0.1805024477015977,0.0,0.0,Add a black multi-seat sofa with plaid pillows behind a dining table.
diningroom,5688d36e-44d9-4420-9a4a-501418b5f2b8_LivingDiningRoom-62089,1,1,1.0,1.0,1.0,1.0,0,0.0,0.4438342390499853,0.4438342390499853,0.0,0.0,0.0,0.0,Add a dining table in front of a bookshelf.
diningroom,56ef3577-9ca2-43b9-8971-47d6c88e1008_LivingDiningRoom-35769,1,1,1.0,1.0,1.0,1.0,0,0.0,0.10790535984113231,0.10790535984113231,0.005722892240039981,0.005722892240039981,0.0,0.0,Set up a green dining chair with black legs closely to the right of a wooden dining table with a round base.
diningroom,57aca5c1-cbe5-4df7-922e-6c6cf9ba2a0e_DiningRoom-22308,1,1,1.0,1.0,1.0,1.0,0,0.0,0.3162077849951404,0.3162077849951404,0.302017970559256,0.302017970559256,0.0,0.0,Position a round dining table with metal base to the close left of a floral dining chair.
diningroom,57b535e1-49e2-46f0-a54d-a3e50fe9c413_LivingDiningRoom-2729,1,1,0.0,0.0,0.0,0.0,0,0.0,5.013655954402475,5.013655954402475,0.039017012578500015,0.039017012578500015,0.0,0.0,"Set up a black marble dining table with two legs to the left of a black storage stool with a lid. Then, add a white multi-seat sofa with pillows right of a lounge chair."
diningroom,58064c7d-8e8b-4149-9b3a-672cf22d4733_DiningRoom-11336,2,2,0.0,0.5,0.0,0.5,2,1.2709584447980595,2.45368190279055,1.2772397597392642,0.0,0.0,0.0,0.0,Set up a dining chair behind a floral dining chair. And add a dining table closely to the left of a floral dining chair.
diningroom,580bb871-f446-438a-9cde-3d970affe421_LivingDiningRoom-9462,0,0,0.0,0.0,0.0,0.0,0,0.0,0.0807784715253813,0.0807784715253813,0.23079563292966085,0.23079563292966085,0.0,0.0,Position a floral multi-seat sofa in front of a black dining chair with a black frame.
diningroom,5a70accd-61ca-45d0-86cb-ded3e35c85f3_LivingDiningRoom-19784,0,0,0.0,0.0,0.0,0.0,0,0.0,0.0146842358158158,0.0146842358158158,0.041954959473759434,0.041954959473759434,0.0,0.0,Arrange a loveseat chesterfield sofa right of a tv stand with drawers.
diningroom,5bd22e7d-960b-4e14-93bd-f955001f799e_DiningRoom-6151,2,2,0.0,0.5,0.0,0.5,1,3.630314545870891,8.396418383720626,5.478582423287341,0.24364234900041967,0.10841336509381069,0.0,0.0,"Hang a white and gray pendant lamp right of a glass top console table. Then, arrange a white marble dining table with metal legs right of a glass top console table."
diningroom,5c22a23d-e49c-4d31-adee-987c93eec20e_LivingDiningRoom-5987,1,1,0.0,1.0,0.0,1.0,1,1.8536689582883696,1.8255667566216358,0.2361286423987019,0.07635188095507621,0.024823906868850158,0.0,0.0,Add a black rectangular dining table with legs closely in front of a lounge chair.
diningroom,5d522173-3fc1-4964-898d-48ab76e67f4d_LivingDiningRoom-10493,1,1,1.0,1.0,1.0,1.0,0,0.0,0.14576437112383855,0.14576437112383855,0.2559349966259999,0.2559349966259999,0.0,0.0,Set up a grey dining chair with wooden legs closely in front of a metal-based dining table with a wooden top.
diningroom,5e4f139b-2870-476f-a2c8-5e9867e179f2_LivingDiningRoom-13860,1,1,1.0,1.0,1.0,1.0,0,0.0,0.02528902606378284,0.02528902606378284,0.027719467423262884,0.027719467423262884,0.0,0.0,Position a brown dining table with metal legs closely to the left of a black dining chair with a black seat.
diningroom,5e647f08-d821-4554-8598-9684ffd28f7c_LivingDiningRoom-3367,1,1,0.0,1.0,0.0,1.0,1,0.741616195534549,0.8135726292727459,0.22612064197732912,0.2594818842188299,0.37750485289480923,0.0,0.0,Place a black and white loveseat sofa right of a black tv stand with a bottle of wine.
diningroom,5e7daec3-6980-46cc-855d-8465774001a4_LivingDiningRoom-569,1,1,0.0,1.0,0.0,1.0,1,1.1270162473137868,0.9209104407573733,0.20067277837337258,0.4441397992273895,0.17265951055919487,0.0,0.0,"Arrange a gray corner side table with a square top left of a gray multi-seat sofa with pillows. Then, add a black bookshelf with a mesh right of a black plastic dining table."
diningroom,5f86c744-15af-4c99-80ef-b3608aadbf1b_LivingDiningRoom-37641,1,1,1.0,1.0,1.0,1.0,0,0.0,0.2352292587232779,0.2352292587232779,0.0022355504059708643,0.0022355504059708643,0.0,0.0,"Put a brown dining table with a hole to the near left of a grey dining chair with a black upholstered seat. Then, put a gray multi-seat sofa with a black frame in front of a gray armchair with a metal frame."
diningroom,6060e648-44c6-42d6-a9f4-f58c5bcff70d_LivingDiningRoom-25741,2,2,0.5,1.0,0.5,1.0,1,2.840959757416094,3.457256801085067,0.9548624798382399,0.23331030163279906,0.25771080903300925,0.0,0.0,"Position a round end table to the right of a dining table. Then, place a gray striped armchair behind a brown coffee table."
diningroom,61939f19-9114-46ad-86c6-ab10c1668ed7_LivingDiningRoom-17356,2,2,0.0,0.5,0.0,0.5,1,0.4132512814690538,5.61596295924864,5.258094553620328,0.19924051061398076,0.19484915631601576,0.0,0.0,"Place a black oval dining table with black legs closely to the left of a grey dining chair with black legs. Additionally, hang a pendant lamp right of a tv stand."
diningroom,62773068-a0a2-4ed0-b85c-84a9a353d18a_LivingDiningRoom-2583,2,2,0.0,1.0,0.0,1.0,2,6.403016225800069,6.455113356077736,0.8269362278432139,0.13245701629474635,0.13878365927772907,0.0,0.0,"Arrange a multi seat sofa left of a grey tv stand with drawers and wooden legs. Next, position a gray armchair with a black frame in front of a modern dining table with a metal base and a wooden top."
diningroom,64321004-c08d-4334-984b-4bdbed4895d1_LivingDiningRoom-70212,2,2,0.0,0.5,0.0,0.5,1,2.016647292465437,6.247494287734355,5.2899739420622,0.17309045807425216,0.1227893341895627,0.0,0.0,"Put a black round dining table with a metal base right of a corner side table. Finnally, arrange a black console table with a drawer and a bowl right of a black round dining table with a metal base."
diningroom,6487eb58-d9fa-4a42-afd2-13cba40b71d1_LivingDiningRoom-4693,2,2,0.0,1.0,0.0,1.0,3,4.8815317276064505,2.2845563431902853,0.6831187809281103,0.2521201775106895,0.24952849604381808,0.0,0.0,Arrange a black metal dining chair to the left of a black plastic bookshelf with a strip. Position a black marble dining table with a black base right of a black metal dining chair.
diningroom,64f12868-d3f0-4add-9598-4478c4e7cee0_DiningRoom-663,1,1,0.0,1.0,0.0,1.0,1,1.534505298237469,1.5386840134422004,0.1932022462470238,0.007363733012000417,0.011604601310078733,0.0,0.0,Put a black and white pendant lamp with blades closely in front of a black and white pendant lamp with blades.
diningroom,651c37ce-c0cd-47c6-843f-3aa192235e39_LivingDiningRoom-86944,1,1,0.0,1.0,0.0,1.0,1,1.175368539119324,1.1619408890230165,0.14604422469431888,0.0,0.0,0.0,0.0,Put a multi seat sofa right of a black and white tv stand.
diningroom,66082784-28d9-41e7-94bd-09a72fa335cf_LivingDiningRoom-2891,1,1,1.0,1.0,1.0,1.0,0,0.0,0.32117017495240885,0.32117017495240885,0.04285877405748682,0.04285877405748682,0.0,0.0,Place a brown coffee table with wooden top behind a black and white tv stand with drawers.
diningroom,66bc95cb-672b-4acd-92f1-ba4ed3a6aa83_DiningRoom-2432,1,1,1.0,1.0,1.0,1.0,0,0.0,0.06584945087866782,0.06584945087866782,0.0022431587887381844,0.0022431587887381844,0.0,0.0,Place a dining chair behind a console table.
diningroom,672b75fe-1120-4627-80a9-5616d99c3423_DiningRoom-24272,1,1,0.0,1.0,0.0,1.0,1,0.7260858459064141,0.9686141915142386,0.3879693297696294,0.20927802050400005,0.20927802050400005,0.0,0.0,Position a brown dining chair with an upholstered seat closely in front of a flower dining table.
diningroom,6799c7da-4248-4fa1-9d6d-c8acf521a414_LivingDiningRoom-13177,0,0,0.0,0.0,0.0,0.0,0,0.0,0.15178176924797757,0.15178176924797757,0.4336621978513645,0.4336621978513645,0.0,0.0,Set up a multi-seat sofa with pillows in front of a brown stool with wooden legs.
diningroom,6a03badb-61ab-4e22-9564-de2fd2ed1938_DiningRoom-25528,2,2,0.5,0.5,0.5,0.5,0,0.0,0.9612958086013911,0.9612958086013911,0.05454949536957258,0.05454949536957258,0.0,0.0,"Put a grey dining chair with wooden legs to the near left of a grey dining table with legs. Then, set up a grey dining chair with wooden legs in front of a dining chair."
diningroom,6b56575f-a746-4062-8296-b566d5de7b60_LivingDiningRoom-41360,2,2,0.0,0.0,0.0,0.0,0,0.0,10.044054199790086,10.044054199790086,0.1258691422573899,0.1258691422573899,0.0,0.0,"Add a black and brown dining table to the near right of a yellow dining chair with a beige seat. Additionally, put a coffee table to the right of a black and silver coffee table."
diningroom,6b5bb08d-7e14-4206-8014-685580c674b1_LivingDiningRoom-2106,1,1,0.0,1.0,0.0,1.0,1,1.3717691122357425,1.431202165633747,0.22577500334931505,0.16046488537435935,0.16046488537435935,0.0,0.0,Put a beige loveseat sofa to the right of a bookshelf with books.
diningroom,6d13bd56-8931-486a-8490-61752942a6de_DiningRoom-43067,1,1,1.0,1.0,1.0,1.0,0,0.0,0.023163649653138343,0.023163649653138343,0.049212246296249984,0.049212246296249984,0.0,0.0,Set up a black dining chair with a black seat closely behind a black glass dining table.
diningroom,6f6fab3b-e42d-4458-8f93-ed9d006cb087_DiningRoom-8121,2,2,0.5,1.0,0.5,1.0,1,0.5717003181862501,1.0786138251007278,0.5765410489317403,0.06026243113500299,0.03407561285485834,0.0,0.0,"Arrange a gray console table with a black board closely in front of a dining table. Next, place a gray console table with a black board in front of a white pendant lamp with a shade."
diningroom,708218c2-ff5f-450f-9a8a-c82e6ad896a9_LivingDiningRoom-32452,2,2,0.0,0.5,0.0,0.5,2,1.9742305015110346,3.236067713265532,1.4727386307070605,0.23268282863105633,0.16880947053055634,0.0,0.0,"Arrange a grey dining table with a metal base behind a gray dining chair. Finnally, put a grey tv stand with a drawer closely behind a coffee table."
diningroom,70e4c0ab-9ca2-4542-96fd-9355e048db91_LivingDiningRoom-25795,1,1,1.0,1.0,1.0,1.0,0,0.0,0.3668090389209878,0.3668090389209878,0.0,0.0,0.0,0.0,Set up a wooden dining table left of a white metal stool.
diningroom,710da331-89a8-4480-b4d1-9621baf5a93c_LivingDiningRoom-9939,1,0,1.0,1.0,0.0,0.0,0,0.0,0.04640017373654044,0.04640017373654044,0.13257192496154413,0.13257192496154413,0.0,0.0,Position a dining table below a black pendant lamp hanging.
diningroom,73818192-7ca3-4161-8cf1-ca3e5e51b1ab_LivingDiningRoom-62037,1,1,1.0,1.0,1.0,1.0,0,0.0,0.32589555226993655,0.32589555226993655,0.060339403098412764,0.060339403098412764,0.0,0.0,Add a black glass dining table with metal legs behind a bookshelf with shelves.
diningroom,74fa622c-58f2-4375-b6b5-684659581385_LivingDiningRoom-78283,1,1,0.0,1.0,0.0,1.0,1,2.069135657566737,2.0987137586799527,0.3138067008385505,0.17288691980154897,0.17288691980154897,0.0,0.0,Add a coffee table with a chess board to the left of a marble dining table with a metal base.
diningroom,750705bf-a44a-4391-8c7a-dd199a96bdae_LivingDiningRoom-14848,2,2,0.0,1.0,0.0,1.0,1,1.731158059163501,3.5215025381128244,0.21773896709962012,0.11460344456482524,0.0,0.0,0.0,"Position a dining chair to the left of a gray coffee table with a black base. Next, put a gray coffee table with a black base to the right of a grey dining chair with a wooden frame."
diningroom,75be4842-6167-4b77-a131-859b40255ed9_DiningRoom-6919,1,0,1.0,1.0,0.0,0.0,0,0.0,0.068897785145033,0.068897785145033,0.1968508147000943,0.1968508147000943,0.0,0.0,Arrange a dining table below a black pendant lamp with a handle.
diningroom,78f54b4e-5031-4aa4-bd58-6a287cd64dc3_LivingDiningRoom-17657,2,2,0.5,1.0,0.5,1.0,1,1.1510886675523415,1.3458985255921663,0.536006135924349,0.12657708279000446,0.12657708279000446,0.0,0.0,"Add a black oval dining table with a black base to the near left of a grey dining chair with a wooden frame. Then, arrange a black oval dining table with a black base behind a tv stand."
diningroom,7b5eeb04-1392-4e97-b773-45e964e0698f_LivingDiningRoom-9744,1,1,0.0,0.0,0.0,0.0,0,0.0,5.052178457098544,5.052178457098544,0.14908130599583996,0.14908130599583996,0.0,0.0,Add a black corner side table with a hole to the left of a black loveseat sofa with a black cushion.
diningroom,811213d3-3ae0-4456-9f16-48ee33b2d560_DiningRoom-17147,2,2,1.0,1.0,1.0,1.0,0,0.0,0.09565355742683783,0.09565355742683783,0.04996047999737815,0.04996047999737815,0.0,0.0,"Put a black and gray console table with doors to the right of a pendant lamp. Then, put a console table to the right of a black dining chair."
diningroom,8321a64d-d3ba-4901-b3d2-2b3d1101e529_LivingDiningRoom-63349,1,0,1.0,1.0,0.0,0.0,0,0.0,0.050015041547142675,0.050015041547142675,0.14290011870612193,0.14290011870612193,0.0,0.0,"Place a coffee table to the left of a gray l-shaped sofa with a blanket. Additionally, set up a black pendant lamp with leaves above a black dining table with a round top."
diningroom,838bdb43-9217-4b8b-a6ea-340a256cca0e_LivingDiningRoom-71691,1,1,0.0,1.0,0.0,1.0,1,0.7914190824230307,0.8877970412619292,0.17401627685773227,0.25351492223652694,0.2115599627627674,0.0,0.0,Place a black dining table with a black top right of a black and white bookshelf with squares.
diningroom,8565e208-9e7e-4529-804a-23052c33631e_LivingDiningRoom-74612,1,1,1.0,1.0,1.0,1.0,0,0.0,0.19840117580945885,0.19840117580945885,0.22205927952768278,0.22205927952768278,0.0,0.0,Arrange a black dining table with a square base closely behind a black dining chair with a black frame.
diningroom,871235f6-ecd6-4a95-86e2-312c2f9ffe55_LivingDiningRoom-29009,1,1,0.0,1.0,0.0,1.0,1,2.978017343886968,3.0158467126528805,0.3833851705176781,0.06006596928926281,0.06006596928926281,0.0,0.0,Arrange a black corner side table with a round base behind a black loveseat sofa with a frame.
diningroom,8c069e29-9332-4e92-b13d-a6f190df120f_DiningRoom-6259,2,2,0.0,1.0,0.0,1.0,2,3.590210448174868,2.0048603310349065,0.4560063140439562,0.04337445789420611,0.04337445789420611,0.0,0.0,Place a brown dining table with two legs closely in front of a blue dining chair with black legs. And set up a brown dining table with two legs closely to the right of a wooden console table with a plant and a laptop.
diningroom,8caa5850-3914-427c-ad99-cbb4b2f517a1_LivingDiningRoom-32202,1,1,0.0,1.0,0.0,1.0,1,2.1171653573101947,1.6095437899138187,0.27002201877007337,0.11829429265275299,0.03132050255099997,0.0,0.0,Set up a brown coffee table with metal legs left of an armchair.
diningroom,8e8db6d3-3f5e-4d95-9a23-ec6d57ff5cdd_LivingDiningRoom-4696,1,1,0.0,1.0,0.0,1.0,1,1.4774226574379545,1.4677629542652624,0.18229071889255455,0.005722892240039981,0.0,0.0,0.0,Add a wooden dining table with a round base closely in front of a green dining chair with black legs.
diningroom,8ef1ac63-da17-4f85-94ad-d784649329c6_DiningRoom-451,1,1,0.0,0.0,0.0,0.0,0,0.0,5.015930204413205,5.015930204413205,0.0455148697520134,0.0455148697520134,0.0,0.0,Arrange a console table with books and a drawer to the right of a blue striped dining chair.
diningroom,90efe970-79b9-432c-a676-290e1a00a31f_LivingDiningRoom-8452,1,1,0.0,1.0,0.0,1.0,1,2.0761705264002743,2.1000126857852464,0.2541404631680329,0.0908730657248479,0.0,0.0,0.0,Set up a dining chair to the close left of a coffee table.
diningroom,9178e733-092a-49e5-a900-b375d6a68dd1_DiningRoom-18332,2,2,1.0,1.0,1.0,1.0,0,0.0,0.639482264892293,0.639482264892293,0.06782756733524999,0.06782756733524999,0.0,0.0,"Set up a dining chair closely in front of a dining table. Finnally, put a black dining chair closely in front of a pendant lamp."
diningroom,93f02a56-0d3b-41cc-b0f8-fbc572bf2869_LivingDiningRoom-52564,1,1,0.0,0.0,0.0,0.0,0,0.0,5.023006986826396,5.023006986826396,0.06573424807541833,0.06573424807541833,0.0,0.0,Arrange a black and white marble corner side table with a black base behind a black tv stand with a handle.
diningroom,987d0a4b-07d5-4958-aac4-cefaa277d511_DiningRoom-8951,1,1,0.0,1.0,0.0,1.0,1,0.9739266382945195,1.2184613806718185,0.4335418615312356,0.17961072047999968,0.17961072047999968,0.0,0.0,Set up a black plastic dining chair with black legs closely in front of a black plastic dining chair with black legs.
diningroom,9886aa9f-f331-48e4-88a0-4e56ccaabe7f_DiningRoom-9982,2,2,0.0,0.5,0.0,0.5,1,1.1249934605952803,5.9342204642886625,5.14001737265633,5.18782425624344e-05,5.18782425624344e-05,0.0,0.0,"Arrange a blue striped dining chair to the close right of a blue striped dining chair. Finnally, set up a blue striped dining chair left of a shelf."
diningroom,9a0486c5-58e8-4a77-99de-9c4ea78d39d3_LivingDiningRoom-9632,1,1,1.0,1.0,1.0,1.0,0,0.0,0.3206666474152593,0.3206666474152593,0.06977747974566176,0.06977747974566176,0.0,0.0,Set up a yellow children cabinet to the right of a coffee table with a drawer and shelf.
diningroom,9af467c6-d6ee-4530-a48f-87d4f942ac04_DiningRoom-168152,1,1,0.0,1.0,0.0,1.0,1,0.5808374223036332,0.6664800145879594,0.13391576882622971,0.23186112033282075,0.16918650899941068,0.0,0.0,Place a gray dining chair with a wooden seat closely in front of a dining table.
diningroom,9af95d77-acc9-4ab0-b951-1dc42afae8a4_DiningRoom-5492,1,1,1.0,1.0,1.0,1.0,0,0.0,0.3800364787695833,0.3800364787695833,0.0,0.0,0.0,0.0,Position a grey dining table with legs closely in front of a grey dining chair with wooden legs.
diningroom,9c164b35-f1f3-4ae5-bbfa-5003672ac1d8_LivingDiningRoom-8304,2,2,0.5,1.0,0.5,1.0,1,2.11646248596827,1.9101073785836924,0.5911028676048512,0.17213555516422516,0.19666947490810882,0.0,0.0,Place a grey corner side table with a wooden top in front of an armchair. And position a gray coffee table with a black top to the right of a multi seat sofa.
diningroom,9d21c2a0-3cc4-4ce4-a926-506ed2c32a14_DiningRoom-375,1,1,1.0,1.0,1.0,1.0,0,0.0,0.1701482867251124,0.1701482867251124,0.05728147994722328,0.05728147994722328,0.0,0.0,Arrange a dining chair to the close right of a brown dining chair with a metal frame.
diningroom,9d3329f3-b506-49ce-9edd-ac5155143bf4_DiningRoom-3017,2,1,0.5,1.0,0.0,1.0,1,0.9057096500964374,1.145756279810624,0.38052387602519033,0.13108883883503403,0.0017712041686497304,0.0,0.0,"Position a dining chair closely in front of a black pendant lamp with five lights. Then, place a pendant lamp above a black oval dining table with black legs."
diningroom,9ec57030-6db6-4eb0-a0e1-5d1478906827_LivingDiningRoom-13962,1,1,0.0,1.0,0.0,1.0,1,1.3000581967383469,1.299021647589953,0.16100698360860163,0.0,0.0,0.0,0.0,Place a wooden dining chair behind a brown tv stand with glass doors.
diningroom,9f7ebccd-db81-4599-aafa-936c371f9012_LivingDiningRoom-22877,1,1,1.0,1.0,1.0,1.0,0,0.0,0.16278523528134858,0.16278523528134858,0.041954959473759705,0.041954959473759705,0.0,0.0,Position a black metal dining table closely behind a dining chair.
diningroom,9f8f93c4-796c-41ff-863d-c7713981e450_LivingDiningRoom-4027,2,2,0.0,1.0,0.0,1.0,2,4.9561102539330415,3.279688148578719,0.6047332304719649,0.0,0.0,0.0,0.0,"Add a brown dining table with a hole closely to the right of a dining chair. Finnally, put a multi seat sofa to the left of a pendant lamp."
diningroom,a002b6aa-5fcb-4491-88b8-a8bf0f70f598_LivingDiningRoom-9373,1,0,0.0,0.0,0.0,0.0,0,0.0,0.037588422845637175,0.037588422845637175,0.10739549384467764,0.10739549384467764,0.0,0.0,Place a silver pendant lamp with five lamps above a black marble dining table with two legs.
diningroom,a0f0e5f2-09a8-4a38-a4a3-7e88a67c1575_LivingDiningRoom-1315,2,2,0.0,1.0,0.0,1.0,1,1.1507779301104741,2.7684187199805304,0.7055239326973373,0.0,0.004696573420726838,0.0,0.0,Place a black plastic dining table closely to the right of a black dining chair with a black frame. And arrange a wooden ceiling lamp with a metal shelf and a tabletop to the right of a dining table.
diningroom,a51a334d-6705-4820-8f10-4d024ba28d37_LivingDiningRoom-6081,0,0,0.0,0.0,0.0,0.0,0,0.0,0.04592003254261073,0.04592003254261073,0.1312000929788878,0.1312000929788878,0.0,0.0,Install a black and white circular pendant lamp to the right of a multi-seat sofa with pillows.
diningroom,a6121dc7-7fc9-4ca0-af1d-bacd537be48a_LivingDiningRoom-1196,1,1,1.0,1.0,1.0,1.0,0,0.0,0.0400876274955774,0.0400876274955774,0.0,0.0,0.0,0.0,"Put a coffee table with two shapes to the close left of a classic chinese wooden chair. Finnally, arrange a coffee table with two shapes closely in front of a lounge chair with a pillow."
diningroom,a6295210-e8d7-401e-a5db-6efeef45e5d5_LivingDiningRoom-19698,2,1,0.5,0.5,0.0,0.0,0,0.0,5.147274003492,5.147274003492,0.4207828671200002,0.4207828671200002,0.0,0.0,"Position a brown dining table with two legs below a pendant lamp with a network of dots. Finnally, position a modern tv stand with drawers and doors in front of a brown loveseat sofa."
diningroom,a62c4a8d-d297-402a-b688-5d551d889530_DiningRoom-164,2,2,0.0,0.0,0.0,0.0,2,1.388929366953906,3.4423195455620403,2.2637179917552492,0.06911498566785496,0.06911498566785496,0.0,0.0,"Position a brown dining table with a square wood top to the left of a wooden dining chair. Additionally, hang a black pendant lamp right of a wooden dining chair."
diningroom,a9efa7e9-ca08-4e7b-84cb-a1cbe3a71211_LivingDiningRoom-43160,2,2,0.0,0.0,0.0,0.0,0,0.0,10.0030537713761,10.0030537713761,0.008725061074569888,0.008725061074569888,0.0,0.0,"Add a black and blue lounge chair with a blue seat behind a black and blue lounge chair with a blue seat. Next, arrange a black and blue lounge chair with a blue seat to the right of a black console table with a drawer and two legs."
diningroom,aa8112cc-d57e-4a9f-a425-d40e7d114b08_DiningRoom-34036,2,1,0.5,1.0,0.0,1.0,1,1.9909364274808414,2.346791480633186,0.8869331599326075,0.010016538956874996,0.010016538956874996,0.0,0.0,"Place a black pendant lamp hanging above a black and grey dining table. Additionally, position a black and white wine cabinet left of a black dining chair."
diningroom,aba20980-69fd-436b-917a-5f1324e22852_LivingDiningRoom-26816,2,2,1.0,1.0,1.0,1.0,0,0.0,0.8072130987172897,0.8072130987172897,0.043404213928237255,0.043404213928237255,0.0,0.0,Position a blue cushion stool behind a black coffee table with two legs. And arrange a stool behind a multi seat sofa.
diningroom,af30f054-a88b-4acf-b497-5f67cbd25af6_DiningRoom-114621,2,2,0.0,1.0,0.0,1.0,1,0.818903278929153,0.9769605067084973,0.1388155518866951,0.08727759547199061,0.08727759547199061,0.0,0.0,Place a black dining chair with a blue seat to the near left of a brown dining table with two legs. Place a dining chair to the near left of a brown dining table with two legs.
diningroom,af474567-7aec-4b7f-8e0a-9054871beb8a_DiningRoom-33238,2,2,1.0,1.0,1.0,1.0,0,0.0,0.402939824238201,0.402939824238201,0.0,0.0,0.0,0.0,"Position a blue dining table with a wooden top behind a white cabinet with a vase. Then, position a blue dining table with a wooden top behind a white cabinet with a vase."
diningroom,b0dc2c16-296a-491e-a82b-d2d7fd8fdada_LivingDiningRoom-968,1,1,0.0,1.0,0.0,1.0,1,2.3271388842157568,2.3493365074494386,0.29445421277591693,0.05760298477511214,0.02913584762864616,0.0,0.0,Set up a black marble dining table with two legs in front of a dining chair.
diningroom,b28a98d3-1348-478e-825d-572ee7454666_LivingDiningRoom-13555,1,1,0.0,0.0,0.0,0.0,0,0.0,5.0,5.0,0.0,0.0,0.0,0.0,Put a metal-framed dining table with marble top to the right of a grey metal stool.
diningroom,b9c1aec3-a600-4084-908a-c351c423a357_LivingDiningRoom-19374,1,1,0.0,0.0,0.0,0.0,0,0.0,5.012499284428363,5.012499284428363,0.03571224122389236,0.03571224122389236,0.0,0.0,Position a black marble corner side table behind a brown leather loveseat sofa with pillows.
diningroom,bb12eac8-8dc8-46e9-b614-f5af84404423_DiningRoom-69393,1,1,0.0,0.0,0.0,0.0,1,0.42436619481883764,1.6982565513217953,1.3417899954985584,0.21055587004516113,0.21055587004516113,0.0,0.0,Set up a pendant lamp to the left of a dining chair.
diningroom,bb4a55db-d988-4d61-bc52-175a9a8cec51_DiningRoom-87276,1,1,0.0,0.0,0.0,0.0,3,0.9235089157182632,1.7007299094478543,1.095744768669995,0.029117615285304533,0.0009147507305971775,0.0,0.0,Arrange a black metal dining chair left of a black metal dining chair.
diningroom,bbb6f659-f2da-4785-95f3-5fdcf0f66dd4_LivingDiningRoom-4850,0,0,0.0,0.0,0.0,0.0,0,0.0,0.11315894971464997,0.11315894971464997,0.32331128489899996,0.32331128489899996,0.0,0.0,"Set up a tv stand behind a gray multi-seat sofa with pillows. Additionally, place a black coffee table with two legs behind a gray multi-seat sofa with pillows."
diningroom,bbf5f0c3-25b9-4288-afa1-f2545fab15ba_DiningRoom-16460,1,1,0.0,0.0,0.0,0.0,1,0.989495721418209,1.95875604681041,1.121430497158705,0.14750278390465818,0.14750278390465818,0.0,0.0,Put a black rectangular dining table with legs right of a brown and beige dining chair.
diningroom,bc3508cf-b422-480f-baa2-80fd11a6a11d_LivingDiningRoom-17385,2,2,1.0,1.0,1.0,1.0,0,0.0,0.8840577159912607,0.8840577159912607,0.09440307867924003,0.09440307867924003,0.0,0.0,Arrange a black marble dining table with two legs to the left of a black and silver ceiling lamp with a design. Place a dining chair to the left of a silver flower coffee table runner.
diningroom,be37ae8e-a3aa-4202-a812-9be187c941b5_DiningRoom-31322,2,2,0.5,1.0,0.5,1.0,1,1.040648557231059,1.7730672038262432,0.8028407257604948,0.24460584890483875,0.118821957084792,0.0,0.0,"Add a grey cabinet with metal legs to the right of a dining table. Next, set up a dining table to the close left of a brown upholstered dining chair with a wooden base."
diningroom,be677899-49c7-4ae5-89f8-7e3b54f37f0a_LivingDiningRoom-16155,2,2,0.0,1.0,0.0,1.0,2,1.8075477672139593,2.2399687710368084,0.9495561500688915,0.057671832116711355,0.04030612981806776,0.0,0.0,"Install a black circular pendant lamp to the right of a bookshelf. Then, set up a black bookshelf to the near left of a black dining chair with a black frame."
diningroom,bf0c006b-a15a-4357-ac71-9d0249d85d72_DiningRoom-20718,1,0,1.0,1.0,0.0,0.0,0,0.0,0.08978701289290675,0.08978701289290675,0.25653432255116215,0.25653432255116215,0.0,0.0,Set up a metal-framed dining table with marble top below a modern pendant lamp with black lights.
diningroom,c05880a2-1426-4f4f-947a-cb0c2b43b913_LivingDiningRoom-14432,2,2,0.0,0.5,0.0,0.5,3,8.727134367206862,8.679987081897101,1.7727691688169047,0.01800306323999997,0.06805114561664818,0.0,0.0,"Put a dining chair left of a black and brown dining table with black legs. Next, set up a black and brown dining table with black legs right of a black corner side table with a shelf."
diningroom,c3b5ef1d-9ca1-4c6f-b793-443d7682f970_DiningRoom-7122,2,2,0.0,0.5,0.0,0.5,1,0.7785156503250925,3.356515980413928,1.4300824579171594,0.08839175718503077,0.011364674505170093,0.0,0.0,Place a black glass dining table with a metal base in front of a dining table. And put a black glass dining table with a metal base in front of a grey dining chair with black legs.
diningroom,c5c99bbd-e9d2-40ff-b46c-43ed48e08864_LivingDiningRoom-7430,1,1,1.0,1.0,1.0,1.0,0,0.0,0.33211202104742965,0.33211202104742965,0.0,0.0,0.0,0.0,Place a black pendant lamp with hanging balls in front of a brown loveseat sofa.
diningroom,c9f70be8-2021-4fb1-b599-da3b4e184543_LivingDiningRoom-941,1,1,0.0,1.0,0.0,1.0,1,1.0359079295089786,1.0787551135771474,0.16503540642706077,0.16783377478480646,0.10207558538852385,0.0,0.0,Arrange a multi seat sofa in front of a black metal pendant lamp with a hanging ball.
diningroom,cc630582-147a-4713-8a41-16912ec0af41_LivingDiningRoom-10201,0,0,0.0,0.0,0.0,0.0,0,0.0,0.0445468750806333,0.0445468750806333,0.12727678594466657,0.12727678594466657,0.0,0.0,Position a grey pendant lamp closely to the left of a multi-seat sofa with pillows.
diningroom,cf969c1a-14dd-420c-8739-eda9f0705070_LivingDiningRoom-69704,1,1,0.0,1.0,0.0,1.0,1,1.4333293374014637,1.511187440714074,0.2302348860196675,0.18803045727341094,0.15210104437569105,0.0,0.0,"Set up a coffee table below two hanging pendant lamps with black and white wires. Next, arrange a black round dining table with a metal base closely in front of a wooden dining chair."
diningroom,d1200595-8df1-4758-983f-8b8ba63c25f6_DiningRoom-22339,2,2,0.5,0.5,0.5,0.5,0,0.0,1.4749882105859982,1.4749882105859982,0.0,0.0,0.0,0.0,"Add a floral dining chair closely to the left of a dining chair. Finnally, set up a dining chair in front of a floral dining chair."
diningroom,d2832564-46fd-4bed-a477-02c848c8a60f_LivingDiningRoom-2959,1,1,1.0,1.0,1.0,1.0,0,0.0,0.6520989857818827,0.6520989857818827,0.1503240716739049,0.1503240716739049,0.0,0.0,Put a black dining table with four legs in front of a tv stand.
diningroom,d370c471-53bd-4027-aafb-1e611b97946a_DiningRoom-12376,1,1,1.0,1.0,1.0,1.0,0,0.0,0.35951261127989065,0.35951261127989065,0.30346903749057574,0.30346903749057574,0.0,0.0,Put a cabinet behind a marble dining table with two legs and a marble top.
diningroom,d4237a89-ec0b-42da-b170-231cfa26f8a8_DiningRoom-19885,1,1,0.0,0.0,0.0,0.0,2,1.527422337397136,2.265153396240039,0.9763473599661447,0.0,0.002064199629057957,0.0,0.0,Put a black dining chair with a black seat right of a dining chair.
diningroom,d4ab07cf-fc3d-4b62-bf91-01525ca31d1e_LivingDiningRoom-11167,2,2,0.0,1.0,0.0,1.0,4,3.8421458053084643,3.5431132481587717,0.9938019609872909,0.11480724395842909,0.029272682802688674,0.0,0.0,"Position a black dining table with a round top behind a dining chair. Next, add a dining chair behind a pendant lamp with lots of lights."
diningroom,d63b9c4d-0b03-4e0d-94d1-c113aec32e22_LivingDiningRoom-47893,1,0,1.0,1.0,0.0,0.0,0,0.0,0.02627684795969607,0.02627684795969607,0.0750767084562745,0.0750767084562745,0.0,0.0,"Put a wooden coffee table with a hole in the middle below a pendant lamp. Additionally, arrange a wooden coffee table with a hole in the middle to the left of a brown l-shaped sofa."
diningroom,d97a1fd8-ec70-438d-a7fd-a7badea1eda3_LivingDiningRoom-11440,0,0,0.0,0.0,0.0,0.0,0,0.0,0.16186831315277048,0.16186831315277048,0.4624808947222014,0.4624808947222014,0.0,0.0,Put a multi-seat sofa with pillows right of a brown coffee table with a wooden base.
diningroom,dd6bddd4-69e6-4636-a698-33c6efba7a7e_DiningRoom-2831,1,1,1.0,1.0,1.0,1.0,0,0.0,0.3389228304704884,0.3389228304704884,0.0,0.0,0.0,0.0,Arrange a brown and beige dining chair closely in front of a black oval dining table with black legs.
diningroom,e2d00f14-06f1-4b29-a9a1-f17618a2d7b7_DiningRoom-60525,2,2,0.0,0.5,0.0,0.5,2,3.293340061861997,4.259584494531845,1.351344265100712,0.0,0.0,0.0,0.0,Put a wooden console table with glass doors left of a black leather dining chair. Put a marble dining table with two legs and a marble top to the close left of a dining chair.
diningroom,e5a744d6-d36d-4682-877f-fea6e9614c94_LivingDiningRoom-17836,2,2,1.0,1.0,1.0,1.0,0,0.0,0.5948714964179966,0.5948714964179966,0.043520432863984285,0.043520432863984285,0.0,0.0,"Place a black and white geometric tv stand behind a black metal pendant lamp with a hanging ball. Finnally, arrange a black armchair with a cushion right of a loveseat sofa."
diningroom,e892807a-549e-4a8f-855b-075fa1b70c9f_LivingDiningRoom-19931,1,1,1.0,1.0,1.0,1.0,0,0.0,0.40097132850465805,0.40097132850465805,0.0,0.0,0.0,0.0,Arrange a black coffee table with a wooden top right of a loveseat sofa.
diningroom,e8d819e4-bfb3-406e-a683-0ea452650633_LivingDiningRoom-163914,1,1,0.0,1.0,0.0,1.0,1,1.3476849744117287,1.3658406333056377,0.16672219692940746,0.028734318144000008,0.0,0.0,0.0,Set up a brown dining table with two legs right of a pendant lamp with a hanging cage.
diningroom,eca62dc1-f5a9-4b74-a568-420fc7e66d68_LivingDiningRoom-25714,2,2,1.0,1.0,1.0,1.0,0,0.0,0.5741530185781225,0.5741530185781225,0.09997463818919598,0.09997463818919598,0.0,0.0,Position a black marble dining table with two legs to the right of a pink leather stool. Add a burgundy tufted loveseat sofa in front of a black coffee table with drawers.
diningroom,ed28807d-83d3-437e-95bd-cf1392ad21e9_DiningRoom-55572,2,2,0.5,1.0,0.5,1.0,1,3.1013170059807065,2.0938860436480176,0.857681680323637,0.20102756946149988,0.35783164582562527,0.0,0.0,"Put a gray loveseat sofa behind a gray loveseat sofa. Next, arrange a gray loveseat sofa behind a grey console table with metal legs."
diningroom,ef538119-2339-4538-94d3-06711fe4ae99_LivingDiningRoom-814,2,2,0.0,1.0,0.0,1.0,2,2.9450541345891326,3.1660583217560125,0.5993786492241048,0.0,0.0,0.0,0.0,"Put a dining chair to the near left of a white plastic dining chair. Then, add a dining table closely in front of a white plastic dining chair."
diningroom,f18ac5cc-b441-40b9-ac1e-a799bdb8cf15_LivingDiningRoom-64631,1,1,0.0,1.0,0.0,1.0,1,0.6023221276090442,0.77010809234342,0.3368874729548656,0.24656630519423312,0.2568752750297734,0.0,0.0,"Add a brown dining table below a black and gold chandelier with black beads. Finnally, position a brown dining table closely to the right of a blue and purple lounge chair with a purple cushion."
diningroom,f29cea89-70ae-49d7-8d1f-b7c1e7cada53_DiningRoom-24191,1,1,0.0,1.0,0.0,1.0,1,0.5260766859590961,0.8089763817732052,0.4827912997354442,0.07242232305000007,0.07242232305000007,0.0,0.0,Add a grey fabric dining chair behind a grey fabric dining chair.
diningroom,f82d44c6-df98-404b-870d-b6f378d2151e_LivingDiningRoom-6060,1,1,0.0,1.0,0.0,1.0,1,1.178859176550719,1.2127508869279597,0.17254331648445015,0.08455312229382855,0.07451490085246834,0.0,0.0,Place a black and white multi-seat sofa with pillows to the right of a dining chair. Position a multi seat sofa right of a gray console table with drawers.
diningroom,f877d2a1-678f-49a0-a90e-e99ff27134c7_DiningRoom-13034,1,1,0.0,1.0,0.0,1.0,1,1.0995045470141276,1.3625225928712035,0.35062694571765773,0.14350583982118184,0.0,0.0,0.0,Add a brown dining table with two legs closely to the right of a wooden dining chair with a wooden seat.
diningroom,f975259e-3295-4fd2-b0b1-f300c3ed3d3d_DiningRoom-21509,2,2,0.0,0.5,0.0,0.5,2,1.4570205942356687,2.195301385641008,1.1605514187516965,0.0,0.0,0.0,0.0,"Add a wooden dining chair to the left of a ceiling lamp. Next, set up a dining chair to the left of a wooden dining chair."
diningroom,f9b500af-25f8-4d88-ab0d-f36dc3e765b8_LivingDiningRoom-99518,1,1,1.0,1.0,1.0,1.0,0,0.0,0.06193839632854583,0.06193839632854583,0.028917190217042553,0.028917190217042553,0.0,0.0,"Place a wooden console table with glass doors behind a grey multi-seat sofa. Finnally, add a black leather lounge chair closely in front of a black dining table with a frame."
diningroom,fa21ce43-f02e-43a0-8f64-31f81cb339b1_DiningRoom-42541,1,1,1.0,1.0,1.0,1.0,0,0.0,0.18003025120893573,0.18003025120893573,0.20927802050400005,0.20927802050400005,0.0,0.0,Install a pendant lamp closely in front of a brown dining chair with an upholstered seat.
diningroom,fbb124a7-d4d2-46a0-9465-fc790f714350_DiningRoom-13727,1,1,0.0,1.0,0.0,1.0,1,1.5931650750490685,1.5243784990106937,0.21785868443595005,0.06193964408589098,0.06193964408589098,0.0,0.0,Arrange a dining chair to the left of a black plastic dining table.
